version,sample,rule,split,s,max_rss,mean_load,cpu_time,path
legacy,1.0.2,polyA_tso_trim,,30.8654,218.79,186.56,58.11,./fastq/polyA_tso_trimmed/210615_391_A1_S1.0.2/Read2/tso_trimmed/polyA_tso_trim.benchmark.txt
legacy,1.0.2,trim_R1_right,,100.6968,43.76,87.95,89.31,./fastq/polyA_tso_trimmed/210615_391_A1_S1.0.2/Read1/spatial/trim_R1_right.benchmark.txt
legacy,1.0.2,subseq_probes,,37.5608,1263.61,48.36,18.37,./fastq/polyA_tso_trimmed/210615_391_A1_S1.0.2/Read1/probe/subseq_probes.benchmark.txt
legacy,1.0.2,trim_R1_left,,29.9927,35.22,76.29,23.43,./fastq/polyA_tso_trimmed/210615_391_A1_S1.0.2/Read1/probe/trim_R1_left.benchmark.txt
legacy,1.0.2,demultiplex_probe,,2125.224,244.1,381.33,8120.77,./fastq/polyA_tso_trimmed/210615_391_A1_S1.0.2/Read1/probe/demultiplex_probe.benchmark.txt
legacy,1.0.2,polyA_tso_filter,,528.4735,1431.95,101.17,576.52,./fastq/polyA_tso_trimmed/210615_391_A1_S1.0.2/Read1/filtered/polyA_tso_filter.benchmark.txt
legacy,1.0.1,polyA_tso_trim,,15.1857,223.82,295.52,46.13,./fastq/polyA_tso_trimmed/210615_391_A1_S1.0.1/Read2/tso_trimmed/polyA_tso_trim.benchmark.txt
legacy,1.0.1,trim_R1_right,,42.42,35.38,44.61,19.66,./fastq/polyA_tso_trimmed/210615_391_A1_S1.0.1/Read1/spatial/trim_R1_right.benchmark.txt
legacy,1.0.1,subseq_probes,,27.6231,651.84,79.8,22.41,./fastq/polyA_tso_trimmed/210615_391_A1_S1.0.1/Read1/probe/subseq_probes.benchmark.txt
legacy,1.0.1,trim_R1_left,,18.7285,37.43,124.79,24.0,./fastq/polyA_tso_trimmed/210615_391_A1_S1.0.1/Read1/probe/trim_R1_left.benchmark.txt
legacy,1.0.1,demultiplex_probe,,1092.7619,260.05,375.71,4108.04,./fastq/polyA_tso_trimmed/210615_391_A1_S1.0.1/Read1/probe/demultiplex_probe.benchmark.txt
legacy,1.0.1,polyA_tso_filter,,257.6117,730.97,78.21,242.66,./fastq/polyA_tso_trimmed/210615_391_A1_S1.0.1/Read1/filtered/polyA_tso_filter.benchmark.txt
legacy,1.0.3,polyA_tso_trim,,38.6528,231.0,175.27,69.01,./fastq/polyA_tso_trimmed/210615_391_A1_S1.0.3/Read2/tso_trimmed/polyA_tso_trim.benchmark.txt
legacy,1.0.3,trim_R1_right,,121.9888,35.39,100.08,122.64,./fastq/polyA_tso_trimmed/210615_391_A1_S1.0.3/Read1/spatial/trim_R1_right.benchmark.txt
legacy,1.0.3,subseq_probes,,53.4417,2071.62,119.5,64.56,./fastq/polyA_tso_trimmed/210615_391_A1_S1.0.3/Read1/probe/subseq_probes.benchmark.txt
legacy,1.0.3,trim_R1_left,,43.5876,37.19,52.82,23.51,./fastq/polyA_tso_trimmed/210615_391_A1_S1.0.3/Read1/probe/trim_R1_left.benchmark.txt
legacy,1.0.3,demultiplex_probe,,3373.9344,241.79,378.0,12904.62,./fastq/polyA_tso_trimmed/210615_391_A1_S1.0.3/Read1/probe/demultiplex_probe.benchmark.txt
legacy,1.0.3,polyA_tso_filter,,760.6855,2323.39,108.77,848.51,./fastq/polyA_tso_trimmed/210615_391_A1_S1.0.3/Read1/filtered/polyA_tso_filter.benchmark.txt
legacy,1.0.2,mmseqs_vs_SILVA.m8.lca,,3634.2119,52764.87,96.32,3532.5,./microbial/210615_391_A1_S1.0.2/mmseqs/mmseqs_vs_SILVA.m8.lca.benchmark.txt
legacy,1.0.2,mmseqs_vs_SILVA.m8.add_silva_tax,,2392.3363,141.21,98.9,2366.65,./microbial/210615_391_A1_S1.0.2/mmseqs/mmseqs_vs_SILVA.m8.add_silva_tax.benchmark.txt
legacy,1.0.2,mmseqs_vs_SILVA.m8.best_hit_multiple,,25359.1098,16.09,99.86,25337.56,./microbial/210615_391_A1_S1.0.2/mmseqs/mmseqs_vs_SILVA.m8.best_hit_multiple.benchmark.txt
legacy,1.0.2,mmseqs_vs_SILVA,,67230.3937,27155.74,954.0,641667.63,./microbial/210615_391_A1_S1.0.2/mmseqs/mmseqs_vs_SILVA.benchmark.txt
legacy,1.0.2,mmseqs_vs_SILVA.Eukaryota_species.spatial_pos,,16.5465,10.68,83.41,13.88,./microbial/210615_391_A1_S1.0.2/tables/mmseqs_vs_SILVA.Eukaryota_species.spatial_pos.benchmark.txt
legacy,1.0.2,mmseqs_vs_SILVA.Bacteria_phylum.spatial_pos,,62.6236,846.68,73.49,46.05,./microbial/210615_391_A1_S1.0.2/tables/mmseqs_vs_SILVA.Bacteria_phylum.spatial_pos.benchmark.txt
legacy,1.0.2,mmseqs_vs_SILVA.Eukaryota_genus.spatial_pos,,14.5266,10.64,94.24,14.37,./microbial/210615_391_A1_S1.0.2/tables/mmseqs_vs_SILVA.Eukaryota_genus.spatial_pos.benchmark.txt
legacy,1.0.2,mmseqs_vs_SILVA.Bacteria_species.spatial_pos,,57.4224,663.25,82.74,48.22,./microbial/210615_391_A1_S1.0.2/tables/mmseqs_vs_SILVA.Bacteria_species.spatial_pos.benchmark.txt
legacy,1.0.2,mmseqs_vs_SILVA.Eukaryota_phylum.spatial_pos,,19.5581,10.82,80.85,15.89,./microbial/210615_391_A1_S1.0.2/tables/mmseqs_vs_SILVA.Eukaryota_phylum.spatial_pos.benchmark.txt
legacy,1.0.2,mmseqs_vs_SILVA.Bacteria_genus.spatial_pos,,65.3624,816.91,70.02,45.84,./microbial/210615_391_A1_S1.0.2/tables/mmseqs_vs_SILVA.Bacteria_genus.spatial_pos.benchmark.txt
legacy,1.0.2,vsearch,,45.7574,3128.53,37.78,17.85,./microbial/210615_391_A1_S1.0.2/vsearch/vsearch.benchmark.txt
legacy,1.0.2,UMI_filtering,,166.1343,7880.7,82.78,138.4,./microbial/210615_391_A1_S1.0.2/vsearch/UMI_filtering.benchmark.txt
legacy,1.0.1,mmseqs_vs_SILVA.m8.lca,,1744.1346,28434.19,96.23,1696.76,./microbial/210615_391_A1_S1.0.1/mmseqs/mmseqs_vs_SILVA.m8.lca.benchmark.txt
legacy,1.0.1,mmseqs_vs_SILVA.m8.add_silva_tax,,1287.3107,141.04,99.49,1281.25,./microbial/210615_391_A1_S1.0.1/mmseqs/mmseqs_vs_SILVA.m8.add_silva_tax.benchmark.txt
legacy,1.0.1,mmseqs_vs_SILVA.m8.best_hit_multiple,,12734.8033,16.21,99.75,12729.83,./microbial/210615_391_A1_S1.0.1/mmseqs/mmseqs_vs_SILVA.m8.best_hit_multiple.benchmark.txt
legacy,1.0.1,mmseqs_vs_SILVA,,37219.9987,14575.12,957.7,356824.87,./microbial/210615_391_A1_S1.0.1/mmseqs/mmseqs_vs_SILVA.benchmark.txt
legacy,1.0.1,mmseqs_vs_SILVA.Eukaryota_species.spatial_pos,,7.818,10.83,80.86,7.14,./microbial/210615_391_A1_S1.0.1/tables/mmseqs_vs_SILVA.Eukaryota_species.spatial_pos.benchmark.txt
legacy,1.0.1,mmseqs_vs_SILVA.Bacteria_phylum.spatial_pos,,32.2796,337.77,53.88,18.1,./microbial/210615_391_A1_S1.0.1/tables/mmseqs_vs_SILVA.Bacteria_phylum.spatial_pos.benchmark.txt
legacy,1.0.1,mmseqs_vs_SILVA.Eukaryota_genus.spatial_pos,,8.6607,10.74,82.18,7.96,./microbial/210615_391_A1_S1.0.1/tables/mmseqs_vs_SILVA.Eukaryota_genus.spatial_pos.benchmark.txt
legacy,1.0.1,mmseqs_vs_SILVA.Bacteria_species.spatial_pos,,33.0613,243.36,52.6,18.1,./microbial/210615_391_A1_S1.0.1/tables/mmseqs_vs_SILVA.Bacteria_species.spatial_pos.benchmark.txt
legacy,1.0.1,mmseqs_vs_SILVA.Eukaryota_phylum.spatial_pos,,7.769,10.77,83.05,7.28,./microbial/210615_391_A1_S1.0.1/tables/mmseqs_vs_SILVA.Eukaryota_phylum.spatial_pos.benchmark.txt
legacy,1.0.1,mmseqs_vs_SILVA.Bacteria_genus.spatial_pos,,37.4043,297.87,46.54,18.26,./microbial/210615_391_A1_S1.0.1/tables/mmseqs_vs_SILVA.Bacteria_genus.spatial_pos.benchmark.txt
legacy,1.0.1,vsearch,,22.8506,2033.09,75.47,17.78,./microbial/210615_391_A1_S1.0.1/vsearch/vsearch.benchmark.txt
legacy,1.0.1,UMI_filtering,,71.5864,4187.86,66.08,47.8,./microbial/210615_391_A1_S1.0.1/vsearch/UMI_filtering.benchmark.txt
legacy,1.0.3,mmseqs_vs_SILVA.m8.lca,,5100.0279,75407.27,95.57,4943.71,./microbial/210615_391_A1_S1.0.3/mmseqs/mmseqs_vs_SILVA.m8.lca.benchmark.txt
legacy,1.0.3,mmseqs_vs_SILVA.m8.add_silva_tax,,3457.8991,141.03,99.0,3423.87,./microbial/210615_391_A1_S1.0.3/mmseqs/mmseqs_vs_SILVA.m8.add_silva_tax.benchmark.txt
legacy,1.0.3,mmseqs_vs_SILVA.m8.best_hit_multiple,,33518.3209,16.29,99.85,33493.12,./microbial/210615_391_A1_S1.0.3/mmseqs/mmseqs_vs_SILVA.m8.best_hit_multiple.benchmark.txt
legacy,1.0.3,mmseqs_vs_SILVA,,100429.4153,40583.02,936.1,940735.43,./microbial/210615_391_A1_S1.0.3/mmseqs/mmseqs_vs_SILVA.benchmark.txt
legacy,1.0.3,mmseqs_vs_SILVA.Eukaryota_species.spatial_pos,,22.8242,10.75,75.92,18.08,./microbial/210615_391_A1_S1.0.3/tables/mmseqs_vs_SILVA.Eukaryota_species.spatial_pos.benchmark.txt
legacy,1.0.3,mmseqs_vs_SILVA.Bacteria_phylum.spatial_pos,,89.1171,1159.76,86.89,78.13,./microbial/210615_391_A1_S1.0.3/tables/mmseqs_vs_SILVA.Bacteria_phylum.spatial_pos.benchmark.txt
legacy,1.0.3,mmseqs_vs_SILVA.Eukaryota_genus.spatial_pos,,20.9151,10.96,85.1,18.57,./microbial/210615_391_A1_S1.0.3/tables/mmseqs_vs_SILVA.Eukaryota_genus.spatial_pos.benchmark.txt
legacy,1.0.3,mmseqs_vs_SILVA.Bacteria_species.spatial_pos,,82.8021,892.29,93.57,78.14,./microbial/210615_391_A1_S1.0.3/tables/mmseqs_vs_SILVA.Bacteria_species.spatial_pos.benchmark.txt
legacy,1.0.3,mmseqs_vs_SILVA.Eukaryota_phylum.spatial_pos,,21.6738,10.83,80.51,18.16,./microbial/210615_391_A1_S1.0.3/tables/mmseqs_vs_SILVA.Eukaryota_phylum.spatial_pos.benchmark.txt
legacy,1.0.3,mmseqs_vs_SILVA.Bacteria_genus.spatial_pos,,91.074,1132.66,85.18,78.24,./microbial/210615_391_A1_S1.0.3/tables/mmseqs_vs_SILVA.Bacteria_genus.spatial_pos.benchmark.txt
legacy,1.0.3,vsearch,,72.4832,5990.99,62.67,45.64,./microbial/210615_391_A1_S1.0.3/vsearch/vsearch.benchmark.txt
legacy,1.0.3,UMI_filtering,,229.6297,11452.37,86.17,198.62,./microbial/210615_391_A1_S1.0.3/vsearch/UMI_filtering.benchmark.txt
legacy,1.0.2,st_pipeline_demultiplex_bacteria,,860.5768,1174.77,1128.26,9810.27,./st_pipeline/multi_map/210615_391_A1_S1.0.2/st_pipeline_demultiplex_bacteria.benchmark.txt
legacy,1.0.2,st_pipeline_multi,,838.5126,29869.98,480.94,4610.45,./st_pipeline/multi_map/210615_391_A1_S1.0.2/st_pipeline_multi.benchmark.txt
legacy,1.0.2,process_demultiplex_bacteria,,218.1984,54.09,72.86,167.73,./st_pipeline/multi_map/210615_391_A1_S1.0.2/process_demultiplex_bacteria.benchmark.txt
legacy,1.0.1,st_pipeline_demultiplex_bacteria,,382.4409,2057.2,1117.95,4538.95,./st_pipeline/multi_map/210615_391_A1_S1.0.1/st_pipeline_demultiplex_bacteria.benchmark.txt
legacy,1.0.1,st_pipeline_multi,,512.0306,29542.12,243.22,2074.08,./st_pipeline/multi_map/210615_391_A1_S1.0.1/st_pipeline_multi.benchmark.txt
legacy,1.0.1,process_demultiplex_bacteria,,104.1089,55.34,51.82,83.3,./st_pipeline/multi_map/210615_391_A1_S1.0.1/process_demultiplex_bacteria.benchmark.txt
legacy,1.0.3,st_pipeline_demultiplex_bacteria,,1040.5161,1152.18,1355.71,14499.12,./st_pipeline/multi_map/210615_391_A1_S1.0.3/st_pipeline_demultiplex_bacteria.benchmark.txt
legacy,1.0.3,st_pipeline_multi,,1167.6865,30190.75,543.41,6763.07,./st_pipeline/multi_map/210615_391_A1_S1.0.3/st_pipeline_multi.benchmark.txt
legacy,1.0.3,process_demultiplex_bacteria,,309.2475,55.88,74.35,276.75,./st_pipeline/multi_map/210615_391_A1_S1.0.3/process_demultiplex_bacteria.benchmark.txt
legacy,1.0.2,st_pipeline_single,,2207.8675,29777.04,177.93,5214.59,./st_pipeline/single_map/210615_391_A1_S1.0.2/st_pipeline_single.benchmark.txt
legacy,1.0.1,st_pipeline_single,,1767.1192,29574.37,140.22,3310.63,./st_pipeline/single_map/210615_391_A1_S1.0.1/st_pipeline_single.benchmark.txt
legacy,1.0.3,st_pipeline_single,,3021.9904,30021.52,232.12,8071.41,./st_pipeline/single_map/210615_391_A1_S1.0.3/st_pipeline_single.benchmark.txt
updated,1.0.2,store_barcode_and_umi,,14.24,95.59,221.99,33.04,./results/fastq/210615_391_A1_S1.0.2/spatial/store_barcode_and_umi.benchmark.txt
updated,1.0.2,barcode_and_umi_R1.fastqc,,23.6,230.2,74.58,17.93,./results/fastq/210615_391_A1_S1.0.2/spatial/210615_391_A1_S1.0.2_barcode_and_umi_R1.fastqc.benchmark.txt
updated,1.0.2,store_probe_sequence,,14.08,91.6,180.32,26.58,./results/fastq/210615_391_A1_S1.0.2/probe/store_probe_sequence.benchmark.txt
updated,1.0.2,subseq_probes,,7.78,551.51,210.02,17.29,./results/fastq/210615_391_A1_S1.0.2/probe/subseq_probes.benchmark.txt
updated,1.0.2,probe_sequence_R1.fastqc,,18.0,314.0,105.05,19.49,./results/fastq/210615_391_A1_S1.0.2/probe/210615_391_A1_S1.0.2_probe_sequence_R1.fastqc.benchmark.txt
updated,1.0.2,demultiplex_probe,,1526.93,228.86,109.67,1690.02,./results/fastq/210615_391_A1_S1.0.2/probe/demultiplex_probe.benchmark.txt
updated,1.0.2,trim_R2,,44.75,268.31,137.82,63.96,./results/fastq/210615_391_A1_S1.0.2/trim_R2/trim_R2.benchmark.txt
updated,1.0.2,fastqc R1 (trimmed),,34.25,230.33,52.93,18.42,./results/fastq/210615_391_A1_S1.0.2/trim_R2/210615_391_A1_S1.0.2_R1.fastqc.benchmark.txt
updated,1.0.2,fastqc R2 (trimmed),,69.26,228.32,70.01,48.86,./results/fastq/210615_391_A1_S1.0.2/trim_R2/210615_391_A1_S1.0.2_R2.fastqc.benchmark.txt
updated,1.0.1,store_barcode_and_umi,,12.18,95.3,112.58,13.79,./results/fastq/210615_391_A1_S1.0.1/spatial/store_barcode_and_umi.benchmark.txt
updated,1.0.1,barcode_and_umi_R1.fastqc,,14.0,272.12,105.38,15.14,./results/fastq/210615_391_A1_S1.0.1/spatial/210615_391_A1_S1.0.1_barcode_and_umi_R1.fastqc.benchmark.txt
updated,1.0.1,store_probe_sequence,,6.13,93.64,165.77,10.17,./results/fastq/210615_391_A1_S1.0.1/probe/store_probe_sequence.benchmark.txt
updated,1.0.1,subseq_probes,,6.4,295.1,166.66,10.76,./results/fastq/210615_391_A1_S1.0.1/probe/subseq_probes.benchmark.txt
updated,1.0.1,demultiplex_probe,,779.92,237.81,109.2,866.63,./results/fastq/210615_391_A1_S1.0.1/probe/demultiplex_probe.benchmark.txt
updated,1.0.1,probe_sequence_R1.fastqc,,45.22,110.0,40.02,18.61,./results/fastq/210615_391_A1_S1.0.1/probe/210615_391_A1_S1.0.1_probe_sequence_R1.fastqc.benchmark.txt
updated,1.0.1,trim_R2,,21.37,272.56,321.9,70.8,./results/fastq/210615_391_A1_S1.0.1/trim_R2/trim_R2.benchmark.txt
updated,1.0.1,fastqc R2 (trimmed),,39.62,239.12,47.44,19.21,./results/fastq/210615_391_A1_S1.0.1/trim_R2/210615_391_A1_S1.0.1_R2.fastqc.benchmark.txt
updated,1.0.1,fastqc R1 (trimmed),,23.32,240.68,74.28,17.8,./results/fastq/210615_391_A1_S1.0.1/trim_R2/210615_391_A1_S1.0.1_R1.fastqc.benchmark.txt
updated,1.0.3,store_barcode_and_umi,,14.27,99.93,242.0,35.95,./results/fastq/210615_391_A1_S1.0.3/spatial/store_barcode_and_umi.benchmark.txt
updated,1.0.3,barcode_and_umi_R1.fastqc,,37.05,209.28,50.01,18.97,./results/fastq/210615_391_A1_S1.0.3/spatial/210615_391_A1_S1.0.3_barcode_and_umi_R1.fastqc.benchmark.txt
updated,1.0.3,store_probe_sequence,,15.05,90.07,198.22,30.82,./results/fastq/210615_391_A1_S1.0.3/probe/store_probe_sequence.benchmark.txt
updated,1.0.3,probe_sequence_R1.fastqc,,23.98,242.32,75.1,18.47,./results/fastq/210615_391_A1_S1.0.3/probe/210615_391_A1_S1.0.3_probe_sequence_R1.fastqc.benchmark.txt
updated,1.0.3,subseq_probes,,13.88,652.28,212.6,30.37,./results/fastq/210615_391_A1_S1.0.3/probe/subseq_probes.benchmark.txt
updated,1.0.3,demultiplex_probe,,2296.56,233.19,110.68,2564.38,./results/fastq/210615_391_A1_S1.0.3/probe/demultiplex_probe.benchmark.txt
updated,1.0.3,trim_R2,,66.16,270.94,289.86,192.96,./results/fastq/210615_391_A1_S1.0.3/trim_R2/trim_R2.benchmark.txt
updated,1.0.3,fastqc R1 (trimmed),,54.03,239.3,87.97,48.05,./results/fastq/210615_391_A1_S1.0.3/trim_R2/210615_391_A1_S1.0.3_R1.fastqc.benchmark.txt
updated,1.0.3,fastqc R2 (trimmed),,101.96,230.36,77.31,79.24,./results/fastq/210615_391_A1_S1.0.3/trim_R2/210615_391_A1_S1.0.3_R2.fastqc.benchmark.txt
updated,all samples,multiqc_aligned,,8.7,264.92,42.61,3.97,./results/reports/multiqc/multiqc_aligned.benchmark.txt
updated,all samples,multiqc_trimmed,,9.88,268.03,47.39,4.96,./results/reports/multiqc/multiqc_trimmed.benchmark.txt
updated,all samples,multiqc_raw,,8.16,264.42,46.65,4.12,./results/reports/multiqc/multiqc_raw.benchmark.txt
updated,1.0.3,fastqc R1 (raw),,48.28,299.65,100.68,48.9,./results/QC/raw/210615_391_A1_S1.0.3_R1.fastqc.benchmark.txt
updated,1.0.2,fastqc R1 (raw),,35.37,232.46,47.95,17.19,./results/QC/raw/210615_391_A1_S1.0.2_R1.fastqc.benchmark.txt
updated,1.0.1,fastqc R2 (raw),,42.0,238.34,44.36,19.2,./results/QC/raw/210615_391_A1_S1.0.1_R2.fastqc.benchmark.txt
updated,1.0.3,fastqc R2 (raw),,112.18,237.96,97.02,109.4,./results/QC/raw/210615_391_A1_S1.0.3_R2.fastqc.benchmark.txt
updated,1.0.2,fastqc R2 (raw),,71.8,264.57,67.84,49.31,./results/QC/raw/210615_391_A1_S1.0.2_R2.fastqc.benchmark.txt
updated,1.0.1,fastqc R1 (raw),,23.73,258.47,77.49,18.98,./results/QC/raw/210615_391_A1_S1.0.1_R1.fastqc.benchmark.txt
updated,1.0.2,st_pipeline_host_stats,,18.07,1262.55,81.64,15.22,./results/host/210615_391_A1_S1.0.2/st_pipeline/st_pipeline_host_stats.benchmark.txt
updated,1.0.2,stpipe_annotate,,1694.93,1251.39,98.54,1670.61,./results/host/210615_391_A1_S1.0.2/st_pipeline/temp/stpipe_annotate.benchmark.txt
updated,1.0.2,stpipe_demultiplex (host),,281.52,277.21,104.73,295.28,./results/host/210615_391_A1_S1.0.2/st_pipeline/temp/stpipe_demultiplex.benchmark.txt
updated,1.0.1,st_pipeline_host_stats,,16.44,1100.67,78.56,13.37,./results/host/210615_391_A1_S1.0.1/st_pipeline/st_pipeline_host_stats.benchmark.txt
updated,1.0.1,stpipe_annotate,,1265.14,1012.41,98.62,1247.93,./results/host/210615_391_A1_S1.0.1/st_pipeline/temp/stpipe_annotate.benchmark.txt
updated,1.0.1,stpipe_demultiplex (host),,145.06,268.01,107.13,156.17,./results/host/210615_391_A1_S1.0.1/st_pipeline/temp/stpipe_demultiplex.benchmark.txt
updated,1.0.3,st_pipeline_host_stats,,18.84,1346.07,82.63,16.07,./results/host/210615_391_A1_S1.0.3/st_pipeline/st_pipeline_host_stats.benchmark.txt
updated,1.0.3,stpipe_annotate,,3096.71,1383.82,99.61,3084.82,./results/host/210615_391_A1_S1.0.3/st_pipeline/temp/stpipe_annotate.benchmark.txt
updated,1.0.3,stpipe_demultiplex (host),,490.56,281.01,108.0,530.28,./results/host/210615_391_A1_S1.0.3/st_pipeline/temp/stpipe_demultiplex.benchmark.txt
updated,1.0.2,taxonomy_spatial_pos.Bacteria_species,,13.06,2869.98,188.5,24.68,./results/microbial/210615_391_A1_S1.0.2/tables/taxonomy_spatial_pos.Bacteria_species.benchmark.txt
updated,1.0.2,taxonomy_spatial_pos.Eukaryota_species,,13.67,2892.19,119.73,16.49,./results/microbial/210615_391_A1_S1.0.2/tables/taxonomy_spatial_pos.Eukaryota_species.benchmark.txt
updated,1.0.2,process_demultiplex_microbial,,244.53,43.88,79.23,211.81,./results/microbial/210615_391_A1_S1.0.2/st_pipeline/process_demultiplex_microbial.benchmark.txt
updated,1.0.2,stpipe_demultiplex (microbial),,830.95,3324.72,110.31,927.39,./results/microbial/210615_391_A1_S1.0.2/st_pipeline/temp/stpipe_demultiplex.benchmark.txt
updated,1.0.2,filter_by_umi,,36.03,5493.62,161.38,59.1,./results/microbial/210615_391_A1_S1.0.2/vsearch/filter_by_umi.benchmark.txt
updated,1.0.2,vsearch,,48.35,2914.95,30.53,15.19,./results/microbial/210615_391_A1_S1.0.2/vsearch/vsearch.benchmark.txt
updated,1.0.2,split_vsearch,,10.74,98.11,96.39,10.83,./results/microbial/210615_391_A1_S1.0.2/vsearch/split_vsearch.benchmark.txt
updated,1.0.1,taxonomy_spatial_pos.Bacteria_species,,5.45,1655.22,223.81,12.76,./results/microbial/210615_391_A1_S1.0.1/tables/taxonomy_spatial_pos.Bacteria_species.benchmark.txt
updated,1.0.1,taxonomy_spatial_pos.Eukaryota_species,,5.92,1490.29,138.51,8.72,./results/microbial/210615_391_A1_S1.0.1/tables/taxonomy_spatial_pos.Eukaryota_species.benchmark.txt
updated,1.0.1,process_demultiplex_microbial,,120.33,44.12,99.74,122.33,./results/microbial/210615_391_A1_S1.0.1/st_pipeline/process_demultiplex_microbial.benchmark.txt
updated,1.0.1,stpipe_demultiplex (microbial),,535.53,2055.73,93.68,567.97,./results/microbial/210615_391_A1_S1.0.1/st_pipeline/temp/stpipe_demultiplex.benchmark.txt
updated,1.0.1,filter_by_umi,,35.13,2124.79,74.72,26.33,./results/microbial/210615_391_A1_S1.0.1/vsearch/filter_by_umi.benchmark.txt
updated,1.0.1,vsearch,,21.83,2034.79,81.56,18.38,./results/microbial/210615_391_A1_S1.0.1/vsearch/vsearch.benchmark.txt
updated,1.0.1,split_vsearch,,5.07,97.02,91.64,5.18,./results/microbial/210615_391_A1_S1.0.1/vsearch/split_vsearch.benchmark.txt
updated,1.0.3,taxonomy_spatial_pos.Bacteria_species,,15.94,4574.79,187.1,30.05,./results/microbial/210615_391_A1_S1.0.3/tables/taxonomy_spatial_pos.Bacteria_species.benchmark.txt
updated,1.0.3,taxonomy_spatial_pos.Eukaryota_species,,13.8,4634.16,159.46,22.33,./results/microbial/210615_391_A1_S1.0.3/tables/taxonomy_spatial_pos.Eukaryota_species.benchmark.txt
updated,1.0.3,process_demultiplex_microbial,,355.32,43.79,92.53,359.4,./results/microbial/210615_391_A1_S1.0.3/st_pipeline/process_demultiplex_microbial.benchmark.txt
updated,1.0.3,stpipe_demultiplex (microbial),,1211.9,3321.27,102.38,1332.97,./results/microbial/210615_391_A1_S1.0.3/st_pipeline/temp/stpipe_demultiplex.benchmark.txt
updated,1.0.3,filter_by_umi,,75.92,7310.59,192.08,145.7,./results/microbial/210615_391_A1_S1.0.3/vsearch/filter_by_umi.benchmark.txt
updated,1.0.3,vsearch,,66.62,5569.56,70.55,47.44,./results/microbial/210615_391_A1_S1.0.3/vsearch/vsearch.benchmark.txt
updated,1.0.3,split_vsearch,,13.0,101.57,108.62,14.63,./results/microbial/210615_391_A1_S1.0.3/vsearch/split_vsearch.benchmark.txt
updated,1.0.2,stpipe_align,,365.57,28083.27,588.42,2913.28,./results/st_pipeline/210615_391_A1_S1.0.2/stpipe_align.benchmark.txt
updated,1.0.2,stpipe_trim,,357.28,85.16,97.27,347.82,./results/st_pipeline/210615_391_A1_S1.0.2/temp/stpipe_trim.benchmark.txt
updated,1.0.1,stpipe_align,,197.68,27778.0,442.34,1186.11,./results/st_pipeline/210615_391_A1_S1.0.1/stpipe_align.benchmark.txt
updated,1.0.1,stpipe_trim,,167.82,83.11,81.13,136.59,./results/st_pipeline/210615_391_A1_S1.0.1/temp/stpipe_trim.benchmark.txt
updated,1.0.3,stpipe_align,,436.49,28404.76,636.79,3393.93,./results/st_pipeline/210615_391_A1_S1.0.3/stpipe_align.benchmark.txt
updated,1.0.3,stpipe_trim,,503.62,83.34,98.98,498.89,./results/st_pipeline/210615_391_A1_S1.0.3/temp/stpipe_trim.benchmark.txt
updated,1.0.2,mmseqs_bestmatch_db,004,0.83,223.25,0.0,0.49,./microbial/210615_391_A1_S1.0.2/mmseqs/splits/004/mmseqs_bestmatch_db.benchmark.txt
updated,1.0.2,parse_mmseqs_easy_taxonomy_SILVA,004,0.82,215.89,0.0,0.76,./microbial/210615_391_A1_S1.0.2/mmseqs/splits/004/nuc/parse_mmseqs_easy_taxonomy_SILVA.benchmark.txt
updated,1.0.2,mmseqs_easy_taxonomy_vs_SILVA,004,317.74,11119.45,885.49,2815.51,./microbial/210615_391_A1_S1.0.2/mmseqs/splits/004/nuc/mmseqs_easy_taxonomy_vs_SILVA.benchmark.txt
updated,1.0.2,mmseqs_bestmatch_db,046,0.9,177.95,0.0,0.55,./microbial/210615_391_A1_S1.0.2/mmseqs/splits/046/mmseqs_bestmatch_db.benchmark.txt
updated,1.0.2,parse_mmseqs_easy_taxonomy_SILVA,046,0.99,223.26,0.0,0.91,./microbial/210615_391_A1_S1.0.2/mmseqs/splits/046/nuc/parse_mmseqs_easy_taxonomy_SILVA.benchmark.txt
updated,1.0.2,mmseqs_easy_taxonomy_vs_SILVA,046,281.06,11177.97,890.46,2503.75,./microbial/210615_391_A1_S1.0.2/mmseqs/splits/046/nuc/mmseqs_easy_taxonomy_vs_SILVA.benchmark.txt
updated,1.0.2,mmseqs_bestmatch_db,187,0.88,164.44,0.0,0.51,./microbial/210615_391_A1_S1.0.2/mmseqs/splits/187/mmseqs_bestmatch_db.benchmark.txt
updated,1.0.2,parse_mmseqs_easy_taxonomy_SILVA,187,1.13,191.97,0.0,0.73,./microbial/210615_391_A1_S1.0.2/mmseqs/splits/187/nuc/parse_mmseqs_easy_taxonomy_SILVA.benchmark.txt
updated,1.0.2,mmseqs_easy_taxonomy_vs_SILVA,187,314.61,11134.87,881.75,2774.97,./microbial/210615_391_A1_S1.0.2/mmseqs/splits/187/nuc/mmseqs_easy_taxonomy_vs_SILVA.benchmark.txt
updated,1.0.2,mmseqs_bestmatch_db,005,0.75,200.71,0.0,0.6,./microbial/210615_391_A1_S1.0.2/mmseqs/splits/005/mmseqs_bestmatch_db.benchmark.txt
updated,1.0.2,parse_mmseqs_easy_taxonomy_SILVA,005,1.07,207.77,0.0,1.03,./microbial/210615_391_A1_S1.0.2/mmseqs/splits/005/nuc/parse_mmseqs_easy_taxonomy_SILVA.benchmark.txt
updated,1.0.2,mmseqs_easy_taxonomy_vs_SILVA,005,388.08,11121.69,880.57,3420.83,./microbial/210615_391_A1_S1.0.2/mmseqs/splits/005/nuc/mmseqs_easy_taxonomy_vs_SILVA.benchmark.txt
updated,1.0.2,mmseqs_bestmatch_db,144,0.68,40.39,0.0,0.12,./microbial/210615_391_A1_S1.0.2/mmseqs/splits/144/mmseqs_bestmatch_db.benchmark.txt
updated,1.0.2,parse_mmseqs_easy_taxonomy_SILVA,144,1.98,137.45,10.29,0.47,./microbial/210615_391_A1_S1.0.2/mmseqs/splits/144/nuc/parse_mmseqs_easy_taxonomy_SILVA.benchmark.txt
updated,1.0.2,mmseqs_easy_taxonomy_vs_SILVA,144,298.75,11178.21,833.75,2492.9,./microbial/210615_391_A1_S1.0.2/mmseqs/splits/144/nuc/mmseqs_easy_taxonomy_vs_SILVA.benchmark.txt
updated,1.0.2,mmseqs_bestmatch_db,083,0.78,191.31,0.0,0.62,./microbial/210615_391_A1_S1.0.2/mmseqs/splits/083/mmseqs_bestmatch_db.benchmark.txt
updated,1.0.2,parse_mmseqs_easy_taxonomy_SILVA,083,0.95,224.95,0.0,0.9,./microbial/210615_391_A1_S1.0.2/mmseqs/splits/083/nuc/parse_mmseqs_easy_taxonomy_SILVA.benchmark.txt
updated,1.0.2,mmseqs_easy_taxonomy_vs_SILVA,083,301.84,11158.31,838.13,2532.93,./microbial/210615_391_A1_S1.0.2/mmseqs/splits/083/nuc/mmseqs_easy_taxonomy_vs_SILVA.benchmark.txt
updated,1.0.2,mmseqs_bestmatch_db,010,0.76,195.41,0.0,0.59,./microbial/210615_391_A1_S1.0.2/mmseqs/splits/010/mmseqs_bestmatch_db.benchmark.txt
updated,1.0.2,parse_mmseqs_easy_taxonomy_SILVA,010,1.69,183.25,4.77,0.56,./microbial/210615_391_A1_S1.0.2/mmseqs/splits/010/nuc/parse_mmseqs_easy_taxonomy_SILVA.benchmark.txt
updated,1.0.2,mmseqs_easy_taxonomy_vs_SILVA,010,282.2,11168.89,891.07,2515.82,./microbial/210615_391_A1_S1.0.2/mmseqs/splits/010/nuc/mmseqs_easy_taxonomy_vs_SILVA.benchmark.txt
updated,1.0.2,mmseqs_bestmatch_db,097,0.86,164.68,0.0,0.55,./microbial/210615_391_A1_S1.0.2/mmseqs/splits/097/mmseqs_bestmatch_db.benchmark.txt
updated,1.0.2,parse_mmseqs_easy_taxonomy_SILVA,097,0.88,232.03,0.0,0.91,./microbial/210615_391_A1_S1.0.2/mmseqs/splits/097/nuc/parse_mmseqs_easy_taxonomy_SILVA.benchmark.txt
updated,1.0.2,mmseqs_easy_taxonomy_vs_SILVA,097,345.72,11144.47,902.08,3119.75,./microbial/210615_391_A1_S1.0.2/mmseqs/splits/097/nuc/mmseqs_easy_taxonomy_vs_SILVA.benchmark.txt
updated,1.0.2,mmseqs_bestmatch_db,023,0.97,188.47,0.0,0.81,./microbial/210615_391_A1_S1.0.2/mmseqs/splits/023/mmseqs_bestmatch_db.benchmark.txt
updated,1.0.2,parse_mmseqs_easy_taxonomy_SILVA,023,0.88,227.8,0.0,0.84,./microbial/210615_391_A1_S1.0.2/mmseqs/splits/023/nuc/parse_mmseqs_easy_taxonomy_SILVA.benchmark.txt
updated,1.0.2,mmseqs_easy_taxonomy_vs_SILVA,023,341.49,11187.03,913.36,3119.57,./microbial/210615_391_A1_S1.0.2/mmseqs/splits/023/nuc/mmseqs_easy_taxonomy_vs_SILVA.benchmark.txt
updated,1.0.2,mmseqs_bestmatch_db,177,0.73,178.67,0.0,0.62,./microbial/210615_391_A1_S1.0.2/mmseqs/splits/177/mmseqs_bestmatch_db.benchmark.txt
updated,1.0.2,parse_mmseqs_easy_taxonomy_SILVA,177,0.92,230.29,0.0,0.85,./microbial/210615_391_A1_S1.0.2/mmseqs/splits/177/nuc/parse_mmseqs_easy_taxonomy_SILVA.benchmark.txt
updated,1.0.2,mmseqs_easy_taxonomy_vs_SILVA,177,379.85,11197.82,888.88,3378.84,./microbial/210615_391_A1_S1.0.2/mmseqs/splits/177/nuc/mmseqs_easy_taxonomy_vs_SILVA.benchmark.txt
updated,1.0.2,mmseqs_bestmatch_db,223,0.74,176.45,0.0,0.57,./microbial/210615_391_A1_S1.0.2/mmseqs/splits/223/mmseqs_bestmatch_db.benchmark.txt
updated,1.0.2,parse_mmseqs_easy_taxonomy_SILVA,223,1.04,201.06,0.0,0.61,./microbial/210615_391_A1_S1.0.2/mmseqs/splits/223/nuc/parse_mmseqs_easy_taxonomy_SILVA.benchmark.txt
updated,1.0.2,mmseqs_easy_taxonomy_vs_SILVA,223,288.07,11137.46,876.62,2527.31,./microbial/210615_391_A1_S1.0.2/mmseqs/splits/223/nuc/mmseqs_easy_taxonomy_vs_SILVA.benchmark.txt
updated,1.0.2,mmseqs_bestmatch_db,110,0.62,37.45,0.0,0.09,./microbial/210615_391_A1_S1.0.2/mmseqs/splits/110/mmseqs_bestmatch_db.benchmark.txt
updated,1.0.2,parse_mmseqs_easy_taxonomy_SILVA,110,0.87,37.29,0.0,0.08,./microbial/210615_391_A1_S1.0.2/mmseqs/splits/110/nuc/parse_mmseqs_easy_taxonomy_SILVA.benchmark.txt
updated,1.0.2,mmseqs_easy_taxonomy_vs_SILVA,110,324.2,11163.14,864.63,2804.49,./microbial/210615_391_A1_S1.0.2/mmseqs/splits/110/nuc/mmseqs_easy_taxonomy_vs_SILVA.benchmark.txt
updated,1.0.2,mmseqs_bestmatch_db,218,0.9,170.4,0.0,0.45,./microbial/210615_391_A1_S1.0.2/mmseqs/splits/218/mmseqs_bestmatch_db.benchmark.txt
updated,1.0.2,parse_mmseqs_easy_taxonomy_SILVA,218,2.0,94.0,7.56,0.36,./microbial/210615_391_A1_S1.0.2/mmseqs/splits/218/nuc/parse_mmseqs_easy_taxonomy_SILVA.benchmark.txt
updated,1.0.2,mmseqs_easy_taxonomy_vs_SILVA,218,274.84,11185.36,916.66,2520.64,./microbial/210615_391_A1_S1.0.2/mmseqs/splits/218/nuc/mmseqs_easy_taxonomy_vs_SILVA.benchmark.txt
updated,1.0.2,mmseqs_bestmatch_db,236,0.67,40.07,0.0,0.09,./microbial/210615_391_A1_S1.0.2/mmseqs/splits/236/mmseqs_bestmatch_db.benchmark.txt
updated,1.0.2,parse_mmseqs_easy_taxonomy_SILVA,236,0.96,224.82,0.0,0.96,./microbial/210615_391_A1_S1.0.2/mmseqs/splits/236/nuc/parse_mmseqs_easy_taxonomy_SILVA.benchmark.txt
updated,1.0.2,mmseqs_easy_taxonomy_vs_SILVA,236,273.39,11178.01,921.49,2521.32,./microbial/210615_391_A1_S1.0.2/mmseqs/splits/236/nuc/mmseqs_easy_taxonomy_vs_SILVA.benchmark.txt
updated,1.0.2,mmseqs_bestmatch_db,071,0.67,36.88,0.0,0.09,./microbial/210615_391_A1_S1.0.2/mmseqs/splits/071/mmseqs_bestmatch_db.benchmark.txt
updated,1.0.2,parse_mmseqs_easy_taxonomy_SILVA,071,2.02,116.53,16.19,0.62,./microbial/210615_391_A1_S1.0.2/mmseqs/splits/071/nuc/parse_mmseqs_easy_taxonomy_SILVA.benchmark.txt
updated,1.0.2,mmseqs_easy_taxonomy_vs_SILVA,071,292.53,11151.54,876.98,2567.0,./microbial/210615_391_A1_S1.0.2/mmseqs/splits/071/nuc/mmseqs_easy_taxonomy_vs_SILVA.benchmark.txt
updated,1.0.2,mmseqs_bestmatch_db,060,0.79,189.02,0.0,0.52,./microbial/210615_391_A1_S1.0.2/mmseqs/splits/060/mmseqs_bestmatch_db.benchmark.txt
updated,1.0.2,parse_mmseqs_easy_taxonomy_SILVA,060,1.06,201.93,0.0,0.78,./microbial/210615_391_A1_S1.0.2/mmseqs/splits/060/nuc/parse_mmseqs_easy_taxonomy_SILVA.benchmark.txt
updated,1.0.2,mmseqs_easy_taxonomy_vs_SILVA,060,278.18,11176.15,906.87,2524.63,./microbial/210615_391_A1_S1.0.2/mmseqs/splits/060/nuc/mmseqs_easy_taxonomy_vs_SILVA.benchmark.txt
updated,1.0.2,mmseqs_bestmatch_db,116,0.79,173.62,0.0,0.5,./microbial/210615_391_A1_S1.0.2/mmseqs/splits/116/mmseqs_bestmatch_db.benchmark.txt
updated,1.0.2,parse_mmseqs_easy_taxonomy_SILVA,116,0.98,234.37,0.0,0.98,./microbial/210615_391_A1_S1.0.2/mmseqs/splits/116/nuc/parse_mmseqs_easy_taxonomy_SILVA.benchmark.txt
updated,1.0.2,mmseqs_easy_taxonomy_vs_SILVA,116,290.2,11161.23,849.15,2465.37,./microbial/210615_391_A1_S1.0.2/mmseqs/splits/116/nuc/mmseqs_easy_taxonomy_vs_SILVA.benchmark.txt
updated,1.0.2,mmseqs_bestmatch_db,128,0.8,189.54,0.0,0.66,./microbial/210615_391_A1_S1.0.2/mmseqs/splits/128/mmseqs_bestmatch_db.benchmark.txt
updated,1.0.2,parse_mmseqs_easy_taxonomy_SILVA,128,1.55,207.94,1.18,0.7,./microbial/210615_391_A1_S1.0.2/mmseqs/splits/128/nuc/parse_mmseqs_easy_taxonomy_SILVA.benchmark.txt
updated,1.0.2,mmseqs_easy_taxonomy_vs_SILVA,128,307.69,11152.73,924.32,2845.23,./microbial/210615_391_A1_S1.0.2/mmseqs/splits/128/nuc/mmseqs_easy_taxonomy_vs_SILVA.benchmark.txt
updated,1.0.2,mmseqs_bestmatch_db,117,0.74,181.0,0.0,0.65,./microbial/210615_391_A1_S1.0.2/mmseqs/splits/117/mmseqs_bestmatch_db.benchmark.txt
updated,1.0.2,parse_mmseqs_easy_taxonomy_SILVA,117,1.14,200.55,0.0,0.77,./microbial/210615_391_A1_S1.0.2/mmseqs/splits/117/nuc/parse_mmseqs_easy_taxonomy_SILVA.benchmark.txt
updated,1.0.2,mmseqs_easy_taxonomy_vs_SILVA,117,293.87,11132.7,857.81,2521.5,./microbial/210615_391_A1_S1.0.2/mmseqs/splits/117/nuc/mmseqs_easy_taxonomy_vs_SILVA.benchmark.txt
updated,1.0.2,mmseqs_bestmatch_db,248,0.75,182.85,0.0,0.54,./microbial/210615_391_A1_S1.0.2/mmseqs/splits/248/mmseqs_bestmatch_db.benchmark.txt
updated,1.0.2,parse_mmseqs_easy_taxonomy_SILVA,248,1.38,120.54,6.98,0.36,./microbial/210615_391_A1_S1.0.2/mmseqs/splits/248/nuc/parse_mmseqs_easy_taxonomy_SILVA.benchmark.txt
updated,1.0.2,mmseqs_easy_taxonomy_vs_SILVA,248,311.9,11184.95,895.78,2794.95,./microbial/210615_391_A1_S1.0.2/mmseqs/splits/248/nuc/mmseqs_easy_taxonomy_vs_SILVA.benchmark.txt
updated,1.0.2,mmseqs_bestmatch_db,012,1.04,170.62,0.0,0.6,./microbial/210615_391_A1_S1.0.2/mmseqs/splits/012/mmseqs_bestmatch_db.benchmark.txt
updated,1.0.2,parse_mmseqs_easy_taxonomy_SILVA,012,0.87,210.15,0.0,0.77,./microbial/210615_391_A1_S1.0.2/mmseqs/splits/012/nuc/parse_mmseqs_easy_taxonomy_SILVA.benchmark.txt
updated,1.0.2,mmseqs_easy_taxonomy_vs_SILVA,012,315.62,11129.31,895.5,2827.44,./microbial/210615_391_A1_S1.0.2/mmseqs/splits/012/nuc/mmseqs_easy_taxonomy_vs_SILVA.benchmark.txt
updated,1.0.2,mmseqs_bestmatch_db,205,0.76,177.46,0.0,0.55,./microbial/210615_391_A1_S1.0.2/mmseqs/splits/205/mmseqs_bestmatch_db.benchmark.txt
updated,1.0.2,parse_mmseqs_easy_taxonomy_SILVA,205,1.07,188.96,0.0,0.6,./microbial/210615_391_A1_S1.0.2/mmseqs/splits/205/nuc/parse_mmseqs_easy_taxonomy_SILVA.benchmark.txt
updated,1.0.2,mmseqs_easy_taxonomy_vs_SILVA,205,301.95,11178.9,928.28,2804.34,./microbial/210615_391_A1_S1.0.2/mmseqs/splits/205/nuc/mmseqs_easy_taxonomy_vs_SILVA.benchmark.txt
updated,1.0.2,mmseqs_bestmatch_db,067,0.74,43.05,0.0,0.1,./microbial/210615_391_A1_S1.0.2/mmseqs/splits/067/mmseqs_bestmatch_db.benchmark.txt
updated,1.0.2,parse_mmseqs_easy_taxonomy_SILVA,067,3.29,182.28,18.49,1.16,./microbial/210615_391_A1_S1.0.2/mmseqs/splits/067/nuc/parse_mmseqs_easy_taxonomy_SILVA.benchmark.txt
updated,1.0.2,mmseqs_easy_taxonomy_vs_SILVA,067,288.43,11170.42,866.28,2499.48,./microbial/210615_391_A1_S1.0.2/mmseqs/splits/067/nuc/mmseqs_easy_taxonomy_vs_SILVA.benchmark.txt
updated,1.0.2,mmseqs_bestmatch_db,093,0.77,177.09,0.0,0.57,./microbial/210615_391_A1_S1.0.2/mmseqs/splits/093/mmseqs_bestmatch_db.benchmark.txt
updated,1.0.2,parse_mmseqs_easy_taxonomy_SILVA,093,1.92,198.02,2.91,0.69,./microbial/210615_391_A1_S1.0.2/mmseqs/splits/093/nuc/parse_mmseqs_easy_taxonomy_SILVA.benchmark.txt
updated,1.0.2,mmseqs_easy_taxonomy_vs_SILVA,093,259.26,11173.32,848.52,2201.27,./microbial/210615_391_A1_S1.0.2/mmseqs/splits/093/nuc/mmseqs_easy_taxonomy_vs_SILVA.benchmark.txt
updated,1.0.2,mmseqs_bestmatch_db,163,0.75,40.4,0.0,0.13,./microbial/210615_391_A1_S1.0.2/mmseqs/splits/163/mmseqs_bestmatch_db.benchmark.txt
updated,1.0.2,parse_mmseqs_easy_taxonomy_SILVA,163,1.1,192.18,0.0,0.74,./microbial/210615_391_A1_S1.0.2/mmseqs/splits/163/nuc/parse_mmseqs_easy_taxonomy_SILVA.benchmark.txt
updated,1.0.2,mmseqs_easy_taxonomy_vs_SILVA,163,273.91,11193.41,909.99,2494.42,./microbial/210615_391_A1_S1.0.2/mmseqs/splits/163/nuc/mmseqs_easy_taxonomy_vs_SILVA.benchmark.txt
updated,1.0.2,mmseqs_bestmatch_db,034,0.89,180.49,0.0,0.69,./microbial/210615_391_A1_S1.0.2/mmseqs/splits/034/mmseqs_bestmatch_db.benchmark.txt
updated,1.0.2,parse_mmseqs_easy_taxonomy_SILVA,034,0.92,225.42,0.0,0.91,./microbial/210615_391_A1_S1.0.2/mmseqs/splits/034/nuc/parse_mmseqs_easy_taxonomy_SILVA.benchmark.txt
updated,1.0.2,mmseqs_easy_taxonomy_vs_SILVA,034,339.69,11144.32,914.71,3109.58,./microbial/210615_391_A1_S1.0.2/mmseqs/splits/034/nuc/mmseqs_easy_taxonomy_vs_SILVA.benchmark.txt
updated,1.0.2,mmseqs_bestmatch_db,247,0.95,172.31,0.0,0.55,./microbial/210615_391_A1_S1.0.2/mmseqs/splits/247/mmseqs_bestmatch_db.benchmark.txt
updated,1.0.2,parse_mmseqs_easy_taxonomy_SILVA,247,0.92,220.38,0.0,0.83,./microbial/210615_391_A1_S1.0.2/mmseqs/splits/247/nuc/parse_mmseqs_easy_taxonomy_SILVA.benchmark.txt
updated,1.0.2,mmseqs_easy_taxonomy_vs_SILVA,247,311.84,11196.28,894.93,2792.31,./microbial/210615_391_A1_S1.0.2/mmseqs/splits/247/nuc/mmseqs_easy_taxonomy_vs_SILVA.benchmark.txt
updated,1.0.2,mmseqs_bestmatch_db,100,0.96,162.04,0.0,0.45,./microbial/210615_391_A1_S1.0.2/mmseqs/splits/100/mmseqs_bestmatch_db.benchmark.txt
updated,1.0.2,parse_mmseqs_easy_taxonomy_SILVA,100,0.9,234.54,0.0,0.98,./microbial/210615_391_A1_S1.0.2/mmseqs/splits/100/nuc/parse_mmseqs_easy_taxonomy_SILVA.benchmark.txt
updated,1.0.2,mmseqs_easy_taxonomy_vs_SILVA,100,270.22,11170.98,813.23,2223.34,./microbial/210615_391_A1_S1.0.2/mmseqs/splits/100/nuc/mmseqs_easy_taxonomy_vs_SILVA.benchmark.txt
updated,1.0.2,mmseqs_bestmatch_db,078,1.57,168.41,21.13,0.62,./microbial/210615_391_A1_S1.0.2/mmseqs/splits/078/mmseqs_bestmatch_db.benchmark.txt
updated,1.0.2,parse_mmseqs_easy_taxonomy_SILVA,078,0.91,218.07,0.0,0.81,./microbial/210615_391_A1_S1.0.2/mmseqs/splits/078/nuc/parse_mmseqs_easy_taxonomy_SILVA.benchmark.txt
updated,1.0.2,mmseqs_easy_taxonomy_vs_SILVA,078,283.6,11135.74,891.91,2530.8,./microbial/210615_391_A1_S1.0.2/mmseqs/splits/078/nuc/mmseqs_easy_taxonomy_vs_SILVA.benchmark.txt
updated,1.0.2,mmseqs_bestmatch_db,166,0.6,40.73,0.0,0.09,./microbial/210615_391_A1_S1.0.2/mmseqs/splits/166/mmseqs_bestmatch_db.benchmark.txt
updated,1.0.2,parse_mmseqs_easy_taxonomy_SILVA,166,0.92,228.88,0.0,0.86,./microbial/210615_391_A1_S1.0.2/mmseqs/splits/166/nuc/parse_mmseqs_easy_taxonomy_SILVA.benchmark.txt
updated,1.0.2,mmseqs_easy_taxonomy_vs_SILVA,166,346.79,11139.19,901.09,3126.29,./microbial/210615_391_A1_S1.0.2/mmseqs/splits/166/nuc/mmseqs_easy_taxonomy_vs_SILVA.benchmark.txt
updated,1.0.2,mmseqs_bestmatch_db,098,0.58,44.17,0.0,0.09,./microbial/210615_391_A1_S1.0.2/mmseqs/splits/098/mmseqs_bestmatch_db.benchmark.txt
updated,1.0.2,parse_mmseqs_easy_taxonomy_SILVA,098,1.01,197.72,0.0,0.7,./microbial/210615_391_A1_S1.0.2/mmseqs/splits/098/nuc/parse_mmseqs_easy_taxonomy_SILVA.benchmark.txt
updated,1.0.2,mmseqs_easy_taxonomy_vs_SILVA,098,354.69,11204.6,873.23,3099.61,./microbial/210615_391_A1_S1.0.2/mmseqs/splits/098/nuc/mmseqs_easy_taxonomy_vs_SILVA.benchmark.txt
updated,1.0.2,mmseqs_bestmatch_db,204,0.91,148.14,0.0,0.4,./microbial/210615_391_A1_S1.0.2/mmseqs/splits/204/mmseqs_bestmatch_db.benchmark.txt
updated,1.0.2,parse_mmseqs_easy_taxonomy_SILVA,204,0.87,236.71,0.0,0.93,./microbial/210615_391_A1_S1.0.2/mmseqs/splits/204/nuc/parse_mmseqs_easy_taxonomy_SILVA.benchmark.txt
updated,1.0.2,mmseqs_easy_taxonomy_vs_SILVA,204,275.02,11182.6,907.57,2496.91,./microbial/210615_391_A1_S1.0.2/mmseqs/splits/204/nuc/mmseqs_easy_taxonomy_vs_SILVA.benchmark.txt
updated,1.0.2,mmseqs_bestmatch_db,065,0.64,37.43,0.0,0.08,./microbial/210615_391_A1_S1.0.2/mmseqs/splits/065/mmseqs_bestmatch_db.benchmark.txt
updated,1.0.2,parse_mmseqs_easy_taxonomy_SILVA,065,0.93,228.83,0.0,1.03,./microbial/210615_391_A1_S1.0.2/mmseqs/splits/065/nuc/parse_mmseqs_easy_taxonomy_SILVA.benchmark.txt
updated,1.0.2,mmseqs_easy_taxonomy_vs_SILVA,065,292.8,11132.13,861.92,2524.81,./microbial/210615_391_A1_S1.0.2/mmseqs/splits/065/nuc/mmseqs_easy_taxonomy_vs_SILVA.benchmark.txt
updated,1.0.2,mmseqs_bestmatch_db,085,0.86,117.23,0.0,0.33,./microbial/210615_391_A1_S1.0.2/mmseqs/splits/085/mmseqs_bestmatch_db.benchmark.txt
updated,1.0.2,parse_mmseqs_easy_taxonomy_SILVA,085,1.14,179.81,0.0,0.42,./microbial/210615_391_A1_S1.0.2/mmseqs/splits/085/nuc/parse_mmseqs_easy_taxonomy_SILVA.benchmark.txt
updated,1.0.2,mmseqs_easy_taxonomy_vs_SILVA,085,389.79,11175.89,871.72,3400.61,./microbial/210615_391_A1_S1.0.2/mmseqs/splits/085/nuc/mmseqs_easy_taxonomy_vs_SILVA.benchmark.txt
updated,1.0.2,mmseqs_bestmatch_db,088,0.76,184.57,0.0,0.57,./microbial/210615_391_A1_S1.0.2/mmseqs/splits/088/mmseqs_bestmatch_db.benchmark.txt
updated,1.0.2,parse_mmseqs_easy_taxonomy_SILVA,088,0.9,227.15,0.0,0.82,./microbial/210615_391_A1_S1.0.2/mmseqs/splits/088/nuc/parse_mmseqs_easy_taxonomy_SILVA.benchmark.txt
updated,1.0.2,mmseqs_easy_taxonomy_vs_SILVA,088,345.13,11129.14,915.1,3159.48,./microbial/210615_391_A1_S1.0.2/mmseqs/splits/088/nuc/mmseqs_easy_taxonomy_vs_SILVA.benchmark.txt
updated,1.0.2,mmseqs_bestmatch_db,081,0.96,174.18,0.0,0.66,./microbial/210615_391_A1_S1.0.2/mmseqs/splits/081/mmseqs_bestmatch_db.benchmark.txt
updated,1.0.2,parse_mmseqs_easy_taxonomy_SILVA,081,0.96,216.54,0.0,0.84,./microbial/210615_391_A1_S1.0.2/mmseqs/splits/081/nuc/parse_mmseqs_easy_taxonomy_SILVA.benchmark.txt
updated,1.0.2,mmseqs_easy_taxonomy_vs_SILVA,081,297.53,11144.39,860.32,2559.56,./microbial/210615_391_A1_S1.0.2/mmseqs/splits/081/nuc/mmseqs_easy_taxonomy_vs_SILVA.benchmark.txt
updated,1.0.2,mmseqs_bestmatch_db,170,0.72,186.59,0.0,0.58,./microbial/210615_391_A1_S1.0.2/mmseqs/splits/170/mmseqs_bestmatch_db.benchmark.txt
updated,1.0.2,parse_mmseqs_easy_taxonomy_SILVA,170,1.34,181.53,0.0,0.67,./microbial/210615_391_A1_S1.0.2/mmseqs/splits/170/nuc/parse_mmseqs_easy_taxonomy_SILVA.benchmark.txt
updated,1.0.2,mmseqs_easy_taxonomy_vs_SILVA,170,318.41,11154.65,876.67,2791.63,./microbial/210615_391_A1_S1.0.2/mmseqs/splits/170/nuc/mmseqs_easy_taxonomy_vs_SILVA.benchmark.txt
updated,1.0.2,mmseqs_bestmatch_db,209,0.62,37.39,0.0,0.08,./microbial/210615_391_A1_S1.0.2/mmseqs/splits/209/mmseqs_bestmatch_db.benchmark.txt
updated,1.0.2,parse_mmseqs_easy_taxonomy_SILVA,209,2.08,238.59,13.67,1.24,./microbial/210615_391_A1_S1.0.2/mmseqs/splits/209/nuc/parse_mmseqs_easy_taxonomy_SILVA.benchmark.txt
updated,1.0.2,mmseqs_easy_taxonomy_vs_SILVA,209,261.33,11179.74,836.64,2188.93,./microbial/210615_391_A1_S1.0.2/mmseqs/splits/209/nuc/mmseqs_easy_taxonomy_vs_SILVA.benchmark.txt
updated,1.0.2,mmseqs_bestmatch_db,162,0.82,192.29,0.0,0.49,./microbial/210615_391_A1_S1.0.2/mmseqs/splits/162/mmseqs_bestmatch_db.benchmark.txt
updated,1.0.2,parse_mmseqs_easy_taxonomy_SILVA,162,1.17,195.27,0.0,0.82,./microbial/210615_391_A1_S1.0.2/mmseqs/splits/162/nuc/parse_mmseqs_easy_taxonomy_SILVA.benchmark.txt
updated,1.0.2,mmseqs_easy_taxonomy_vs_SILVA,162,322.96,11195.75,872.97,2820.49,./microbial/210615_391_A1_S1.0.2/mmseqs/splits/162/nuc/mmseqs_easy_taxonomy_vs_SILVA.benchmark.txt
updated,1.0.2,mmseqs_bestmatch_db,147,0.64,37.22,0.0,0.09,./microbial/210615_391_A1_S1.0.2/mmseqs/splits/147/mmseqs_bestmatch_db.benchmark.txt
updated,1.0.2,parse_mmseqs_easy_taxonomy_SILVA,147,0.99,207.1,0.0,0.73,./microbial/210615_391_A1_S1.0.2/mmseqs/splits/147/nuc/parse_mmseqs_easy_taxonomy_SILVA.benchmark.txt
updated,1.0.2,mmseqs_easy_taxonomy_vs_SILVA,147,298.9,11188.58,934.58,2793.55,./microbial/210615_391_A1_S1.0.2/mmseqs/splits/147/nuc/mmseqs_easy_taxonomy_vs_SILVA.benchmark.txt
updated,1.0.2,mmseqs_bestmatch_db,237,1.86,169.36,20.34,0.72,./microbial/210615_391_A1_S1.0.2/mmseqs/splits/237/mmseqs_bestmatch_db.benchmark.txt
updated,1.0.2,parse_mmseqs_easy_taxonomy_SILVA,237,0.91,225.71,0.0,0.91,./microbial/210615_391_A1_S1.0.2/mmseqs/splits/237/nuc/parse_mmseqs_easy_taxonomy_SILVA.benchmark.txt
updated,1.0.2,mmseqs_easy_taxonomy_vs_SILVA,237,360.74,11189.41,936.38,3380.43,./microbial/210615_391_A1_S1.0.2/mmseqs/splits/237/nuc/mmseqs_easy_taxonomy_vs_SILVA.benchmark.txt
updated,1.0.2,mmseqs_bestmatch_db,165,0.93,83.97,0.0,0.23,./microbial/210615_391_A1_S1.0.2/mmseqs/splits/165/mmseqs_bestmatch_db.benchmark.txt
updated,1.0.2,parse_mmseqs_easy_taxonomy_SILVA,165,0.91,228.93,0.0,0.89,./microbial/210615_391_A1_S1.0.2/mmseqs/splits/165/nuc/parse_mmseqs_easy_taxonomy_SILVA.benchmark.txt
updated,1.0.2,mmseqs_easy_taxonomy_vs_SILVA,165,340.78,11191.06,909.99,3102.52,./microbial/210615_391_A1_S1.0.2/mmseqs/splits/165/nuc/mmseqs_easy_taxonomy_vs_SILVA.benchmark.txt
updated,1.0.2,mmseqs_bestmatch_db,027,0.86,165.91,0.0,0.54,./microbial/210615_391_A1_S1.0.2/mmseqs/splits/027/mmseqs_bestmatch_db.benchmark.txt
updated,1.0.2,parse_mmseqs_easy_taxonomy_SILVA,027,0.88,231.88,0.0,1.01,./microbial/210615_391_A1_S1.0.2/mmseqs/splits/027/nuc/parse_mmseqs_easy_taxonomy_SILVA.benchmark.txt
updated,1.0.2,mmseqs_easy_taxonomy_vs_SILVA,027,335.6,11131.34,935.58,3141.87,./microbial/210615_391_A1_S1.0.2/mmseqs/splits/027/nuc/mmseqs_easy_taxonomy_vs_SILVA.benchmark.txt
updated,1.0.2,mmseqs_bestmatch_db,073,0.9,103.5,0.0,0.29,./microbial/210615_391_A1_S1.0.2/mmseqs/splits/073/mmseqs_bestmatch_db.benchmark.txt
updated,1.0.2,parse_mmseqs_easy_taxonomy_SILVA,073,0.98,205.48,0.0,0.73,./microbial/210615_391_A1_S1.0.2/mmseqs/splits/073/nuc/parse_mmseqs_easy_taxonomy_SILVA.benchmark.txt
updated,1.0.2,mmseqs_easy_taxonomy_vs_SILVA,073,350.92,11135.11,889.87,3124.77,./microbial/210615_391_A1_S1.0.2/mmseqs/splits/073/nuc/mmseqs_easy_taxonomy_vs_SILVA.benchmark.txt
updated,1.0.2,mmseqs_bestmatch_db,181,0.81,176.11,0.0,0.52,./microbial/210615_391_A1_S1.0.2/mmseqs/splits/181/mmseqs_bestmatch_db.benchmark.txt
updated,1.0.2,parse_mmseqs_easy_taxonomy_SILVA,181,0.96,206.2,0.0,0.79,./microbial/210615_391_A1_S1.0.2/mmseqs/splits/181/nuc/parse_mmseqs_easy_taxonomy_SILVA.benchmark.txt
updated,1.0.2,mmseqs_easy_taxonomy_vs_SILVA,181,355.0,11212.06,871.75,3124.78,./microbial/210615_391_A1_S1.0.2/mmseqs/splits/181/nuc/mmseqs_easy_taxonomy_vs_SILVA.benchmark.txt
updated,1.0.2,mmseqs_bestmatch_db,120,0.75,184.52,0.0,0.55,./microbial/210615_391_A1_S1.0.2/mmseqs/splits/120/mmseqs_bestmatch_db.benchmark.txt
updated,1.0.2,parse_mmseqs_easy_taxonomy_SILVA,120,1.06,206.43,0.0,0.83,./microbial/210615_391_A1_S1.0.2/mmseqs/splits/120/nuc/parse_mmseqs_easy_taxonomy_SILVA.benchmark.txt
updated,1.0.2,mmseqs_easy_taxonomy_vs_SILVA,120,271.67,11147.7,927.88,2522.72,./microbial/210615_391_A1_S1.0.2/mmseqs/splits/120/nuc/mmseqs_easy_taxonomy_vs_SILVA.benchmark.txt
updated,1.0.2,mmseqs_bestmatch_db,125,0.77,177.64,0.0,0.54,./microbial/210615_391_A1_S1.0.2/mmseqs/splits/125/mmseqs_bestmatch_db.benchmark.txt
updated,1.0.2,parse_mmseqs_easy_taxonomy_SILVA,125,7.3,218.34,8.71,1.31,./microbial/210615_391_A1_S1.0.2/mmseqs/splits/125/nuc/parse_mmseqs_easy_taxonomy_SILVA.benchmark.txt
updated,1.0.2,mmseqs_easy_taxonomy_vs_SILVA,125,388.88,11175.07,871.68,3415.63,./microbial/210615_391_A1_S1.0.2/mmseqs/splits/125/nuc/mmseqs_easy_taxonomy_vs_SILVA.benchmark.txt
updated,1.0.2,mmseqs_bestmatch_db,229,0.81,177.5,0.0,0.61,./microbial/210615_391_A1_S1.0.2/mmseqs/splits/229/mmseqs_bestmatch_db.benchmark.txt
updated,1.0.2,parse_mmseqs_easy_taxonomy_SILVA,229,1.06,182.99,0.0,0.43,./microbial/210615_391_A1_S1.0.2/mmseqs/splits/229/nuc/parse_mmseqs_easy_taxonomy_SILVA.benchmark.txt
updated,1.0.2,mmseqs_easy_taxonomy_vs_SILVA,229,279.17,11168.83,853.76,2384.2,./microbial/210615_391_A1_S1.0.2/mmseqs/splits/229/nuc/mmseqs_easy_taxonomy_vs_SILVA.benchmark.txt
updated,1.0.2,mmseqs_bestmatch_db,018,0.72,37.95,0.0,0.09,./microbial/210615_391_A1_S1.0.2/mmseqs/splits/018/mmseqs_bestmatch_db.benchmark.txt
updated,1.0.2,parse_mmseqs_easy_taxonomy_SILVA,018,0.87,222.48,0.0,0.8,./microbial/210615_391_A1_S1.0.2/mmseqs/splits/018/nuc/parse_mmseqs_easy_taxonomy_SILVA.benchmark.txt
updated,1.0.2,mmseqs_easy_taxonomy_vs_SILVA,018,323.79,11170.07,902.68,2916.59,./microbial/210615_391_A1_S1.0.2/mmseqs/splits/018/nuc/mmseqs_easy_taxonomy_vs_SILVA.benchmark.txt
updated,1.0.2,mmseqs_bestmatch_db,191,0.67,41.56,0.0,0.1,./microbial/210615_391_A1_S1.0.2/mmseqs/splits/191/mmseqs_bestmatch_db.benchmark.txt
updated,1.0.2,parse_mmseqs_easy_taxonomy_SILVA,191,1.01,196.4,0.0,0.64,./microbial/210615_391_A1_S1.0.2/mmseqs/splits/191/nuc/parse_mmseqs_easy_taxonomy_SILVA.benchmark.txt
updated,1.0.2,mmseqs_easy_taxonomy_vs_SILVA,191,272.94,11175.01,926.23,2528.56,./microbial/210615_391_A1_S1.0.2/mmseqs/splits/191/nuc/mmseqs_easy_taxonomy_vs_SILVA.benchmark.txt
updated,1.0.2,mmseqs_bestmatch_db,059,0.85,178.62,0.0,0.69,./microbial/210615_391_A1_S1.0.2/mmseqs/splits/059/mmseqs_bestmatch_db.benchmark.txt
updated,1.0.2,parse_mmseqs_easy_taxonomy_SILVA,059,0.92,227.25,0.0,0.93,./microbial/210615_391_A1_S1.0.2/mmseqs/splits/059/nuc/parse_mmseqs_easy_taxonomy_SILVA.benchmark.txt
updated,1.0.2,mmseqs_easy_taxonomy_vs_SILVA,059,295.75,11172.29,844.66,2525.42,./microbial/210615_391_A1_S1.0.2/mmseqs/splits/059/nuc/mmseqs_easy_taxonomy_vs_SILVA.benchmark.txt
updated,1.0.2,mmseqs_bestmatch_db,176,2.42,172.0,18.11,0.57,./microbial/210615_391_A1_S1.0.2/mmseqs/splits/176/mmseqs_bestmatch_db.benchmark.txt
updated,1.0.2,parse_mmseqs_easy_taxonomy_SILVA,176,3.11,89.46,5.79,0.27,./microbial/210615_391_A1_S1.0.2/mmseqs/splits/176/nuc/parse_mmseqs_easy_taxonomy_SILVA.benchmark.txt
updated,1.0.2,mmseqs_easy_taxonomy_vs_SILVA,176,328.47,11165.21,841.56,2765.56,./microbial/210615_391_A1_S1.0.2/mmseqs/splits/176/nuc/mmseqs_easy_taxonomy_vs_SILVA.benchmark.txt
updated,1.0.2,mmseqs_bestmatch_db,183,1.53,167.9,13.51,0.44,./microbial/210615_391_A1_S1.0.2/mmseqs/splits/183/mmseqs_bestmatch_db.benchmark.txt
updated,1.0.2,parse_mmseqs_easy_taxonomy_SILVA,183,0.96,215.68,0.0,0.78,./microbial/210615_391_A1_S1.0.2/mmseqs/splits/183/nuc/parse_mmseqs_easy_taxonomy_SILVA.benchmark.txt
updated,1.0.2,mmseqs_easy_taxonomy_vs_SILVA,183,274.56,11171.68,919.3,2530.76,./microbial/210615_391_A1_S1.0.2/mmseqs/splits/183/nuc/mmseqs_easy_taxonomy_vs_SILVA.benchmark.txt
updated,1.0.2,mmseqs_bestmatch_db,154,0.91,167.89,0.0,0.53,./microbial/210615_391_A1_S1.0.2/mmseqs/splits/154/mmseqs_bestmatch_db.benchmark.txt
updated,1.0.2,parse_mmseqs_easy_taxonomy_SILVA,154,0.91,210.44,0.0,0.76,./microbial/210615_391_A1_S1.0.2/mmseqs/splits/154/nuc/parse_mmseqs_easy_taxonomy_SILVA.benchmark.txt
updated,1.0.2,mmseqs_easy_taxonomy_vs_SILVA,154,394.16,11140.81,943.48,3719.85,./microbial/210615_391_A1_S1.0.2/mmseqs/splits/154/nuc/mmseqs_easy_taxonomy_vs_SILVA.benchmark.txt
updated,1.0.2,mmseqs_bestmatch_db,214,2.78,169.85,8.32,0.67,./microbial/210615_391_A1_S1.0.2/mmseqs/splits/214/mmseqs_bestmatch_db.benchmark.txt
updated,1.0.2,parse_mmseqs_easy_taxonomy_SILVA,214,0.88,230.14,0.0,0.84,./microbial/210615_391_A1_S1.0.2/mmseqs/splits/214/nuc/parse_mmseqs_easy_taxonomy_SILVA.benchmark.txt
updated,1.0.2,mmseqs_easy_taxonomy_vs_SILVA,214,274.05,11152.1,916.25,2512.24,./microbial/210615_391_A1_S1.0.2/mmseqs/splits/214/nuc/mmseqs_easy_taxonomy_vs_SILVA.benchmark.txt
updated,1.0.2,mmseqs_bestmatch_db,006,1.01,202.56,0.0,0.89,./microbial/210615_391_A1_S1.0.2/mmseqs/splits/006/mmseqs_bestmatch_db.benchmark.txt
updated,1.0.2,parse_mmseqs_easy_taxonomy_SILVA,006,1.33,150.8,0.0,0.84,./microbial/210615_391_A1_S1.0.2/mmseqs/splits/006/nuc/parse_mmseqs_easy_taxonomy_SILVA.benchmark.txt
updated,1.0.2,mmseqs_easy_taxonomy_vs_SILVA,006,310.34,11161.06,908.21,2819.57,./microbial/210615_391_A1_S1.0.2/mmseqs/splits/006/nuc/mmseqs_easy_taxonomy_vs_SILVA.benchmark.txt
updated,1.0.2,mmseqs_bestmatch_db,149,0.8,188.81,0.0,0.64,./microbial/210615_391_A1_S1.0.2/mmseqs/splits/149/mmseqs_bestmatch_db.benchmark.txt
updated,1.0.2,parse_mmseqs_easy_taxonomy_SILVA,149,0.87,237.64,0.0,0.93,./microbial/210615_391_A1_S1.0.2/mmseqs/splits/149/nuc/parse_mmseqs_easy_taxonomy_SILVA.benchmark.txt
updated,1.0.2,mmseqs_easy_taxonomy_vs_SILVA,149,337.69,11149.21,907.82,3067.91,./microbial/210615_391_A1_S1.0.2/mmseqs/splits/149/nuc/mmseqs_easy_taxonomy_vs_SILVA.benchmark.txt
updated,1.0.2,mmseqs_bestmatch_db,115,0.66,37.47,0.0,0.09,./microbial/210615_391_A1_S1.0.2/mmseqs/splits/115/mmseqs_bestmatch_db.benchmark.txt
updated,1.0.2,parse_mmseqs_easy_taxonomy_SILVA,115,1.07,199.64,0.0,0.88,./microbial/210615_391_A1_S1.0.2/mmseqs/splits/115/nuc/parse_mmseqs_easy_taxonomy_SILVA.benchmark.txt
updated,1.0.2,mmseqs_easy_taxonomy_vs_SILVA,115,312.98,11187.54,902.27,2825.65,./microbial/210615_391_A1_S1.0.2/mmseqs/splits/115/nuc/mmseqs_easy_taxonomy_vs_SILVA.benchmark.txt
updated,1.0.2,mmseqs_bestmatch_db,072,1.62,169.16,20.91,0.58,./microbial/210615_391_A1_S1.0.2/mmseqs/splits/072/mmseqs_bestmatch_db.benchmark.txt
updated,1.0.2,parse_mmseqs_easy_taxonomy_SILVA,072,0.93,220.5,0.0,0.79,./microbial/210615_391_A1_S1.0.2/mmseqs/splits/072/nuc/parse_mmseqs_easy_taxonomy_SILVA.benchmark.txt
updated,1.0.2,mmseqs_easy_taxonomy_vs_SILVA,072,329.27,11153.89,836.91,2776.5,./microbial/210615_391_A1_S1.0.2/mmseqs/splits/072/nuc/mmseqs_easy_taxonomy_vs_SILVA.benchmark.txt
updated,1.0.2,mmseqs_bestmatch_db,246,0.76,179.51,0.0,0.58,./microbial/210615_391_A1_S1.0.2/mmseqs/splits/246/mmseqs_bestmatch_db.benchmark.txt
updated,1.0.2,parse_mmseqs_easy_taxonomy_SILVA,246,0.97,231.52,0.0,0.93,./microbial/210615_391_A1_S1.0.2/mmseqs/splits/246/nuc/parse_mmseqs_easy_taxonomy_SILVA.benchmark.txt
updated,1.0.2,mmseqs_easy_taxonomy_vs_SILVA,246,272.5,11157.03,913.35,2491.87,./microbial/210615_391_A1_S1.0.2/mmseqs/splits/246/nuc/mmseqs_easy_taxonomy_vs_SILVA.benchmark.txt
updated,1.0.2,mmseqs_bestmatch_db,103,0.97,170.38,0.0,0.59,./microbial/210615_391_A1_S1.0.2/mmseqs/splits/103/mmseqs_bestmatch_db.benchmark.txt
updated,1.0.2,parse_mmseqs_easy_taxonomy_SILVA,103,1.09,195.41,0.0,0.82,./microbial/210615_391_A1_S1.0.2/mmseqs/splits/103/nuc/parse_mmseqs_easy_taxonomy_SILVA.benchmark.txt
updated,1.0.2,mmseqs_easy_taxonomy_vs_SILVA,103,274.03,11215.12,917.74,2517.0,./microbial/210615_391_A1_S1.0.2/mmseqs/splits/103/nuc/mmseqs_easy_taxonomy_vs_SILVA.benchmark.txt
updated,1.0.2,mmseqs_bestmatch_db,099,0.87,172.2,0.0,0.67,./microbial/210615_391_A1_S1.0.2/mmseqs/splits/099/mmseqs_bestmatch_db.benchmark.txt
updated,1.0.2,parse_mmseqs_easy_taxonomy_SILVA,099,1.18,190.22,0.0,0.75,./microbial/210615_391_A1_S1.0.2/mmseqs/splits/099/nuc/parse_mmseqs_easy_taxonomy_SILVA.benchmark.txt
updated,1.0.2,mmseqs_easy_taxonomy_vs_SILVA,099,268.54,11166.32,926.78,2488.08,./microbial/210615_391_A1_S1.0.2/mmseqs/splits/099/nuc/mmseqs_easy_taxonomy_vs_SILVA.benchmark.txt
updated,1.0.2,mmseqs_bestmatch_db,126,0.74,179.2,0.0,0.7,./microbial/210615_391_A1_S1.0.2/mmseqs/splits/126/mmseqs_bestmatch_db.benchmark.txt
updated,1.0.2,parse_mmseqs_easy_taxonomy_SILVA,126,0.97,227.33,0.0,0.85,./microbial/210615_391_A1_S1.0.2/mmseqs/splits/126/nuc/parse_mmseqs_easy_taxonomy_SILVA.benchmark.txt
updated,1.0.2,mmseqs_easy_taxonomy_vs_SILVA,126,274.18,11136.96,922.75,2531.28,./microbial/210615_391_A1_S1.0.2/mmseqs/splits/126/nuc/mmseqs_easy_taxonomy_vs_SILVA.benchmark.txt
updated,1.0.2,mmseqs_bestmatch_db,094,0.88,105.05,0.0,0.37,./microbial/210615_391_A1_S1.0.2/mmseqs/splits/094/mmseqs_bestmatch_db.benchmark.txt
updated,1.0.2,parse_mmseqs_easy_taxonomy_SILVA,094,1.01,214.39,0.0,0.8,./microbial/210615_391_A1_S1.0.2/mmseqs/splits/094/nuc/parse_mmseqs_easy_taxonomy_SILVA.benchmark.txt
updated,1.0.2,mmseqs_easy_taxonomy_vs_SILVA,094,286.4,11209.95,871.92,2498.22,./microbial/210615_391_A1_S1.0.2/mmseqs/splits/094/nuc/mmseqs_easy_taxonomy_vs_SILVA.benchmark.txt
updated,1.0.2,mmseqs_bestmatch_db,028,0.68,37.87,0.0,0.09,./microbial/210615_391_A1_S1.0.2/mmseqs/splits/028/mmseqs_bestmatch_db.benchmark.txt
updated,1.0.2,parse_mmseqs_easy_taxonomy_SILVA,028,0.81,113.99,0.0,0.33,./microbial/210615_391_A1_S1.0.2/mmseqs/splits/028/nuc/parse_mmseqs_easy_taxonomy_SILVA.benchmark.txt
updated,1.0.2,mmseqs_easy_taxonomy_vs_SILVA,028,342.08,11144.76,910.59,3116.7,./microbial/210615_391_A1_S1.0.2/mmseqs/splits/028/nuc/mmseqs_easy_taxonomy_vs_SILVA.benchmark.txt
updated,1.0.2,mmseqs_bestmatch_db,179,1.33,174.75,28.25,0.64,./microbial/210615_391_A1_S1.0.2/mmseqs/splits/179/mmseqs_bestmatch_db.benchmark.txt
updated,1.0.2,parse_mmseqs_easy_taxonomy_SILVA,179,3.11,178.23,19.67,0.91,./microbial/210615_391_A1_S1.0.2/mmseqs/splits/179/nuc/parse_mmseqs_easy_taxonomy_SILVA.benchmark.txt
updated,1.0.2,mmseqs_easy_taxonomy_vs_SILVA,179,271.35,11176.85,830.07,2299.12,./microbial/210615_391_A1_S1.0.2/mmseqs/splits/179/nuc/mmseqs_easy_taxonomy_vs_SILVA.benchmark.txt
updated,1.0.2,mmseqs_bestmatch_db,151,2.21,179.24,20.19,0.59,./microbial/210615_391_A1_S1.0.2/mmseqs/splits/151/mmseqs_bestmatch_db.benchmark.txt
updated,1.0.2,parse_mmseqs_easy_taxonomy_SILVA,151,0.97,219.33,0.0,0.83,./microbial/210615_391_A1_S1.0.2/mmseqs/splits/151/nuc/parse_mmseqs_easy_taxonomy_SILVA.benchmark.txt
updated,1.0.2,mmseqs_easy_taxonomy_vs_SILVA,151,280.53,11178.64,893.47,2509.25,./microbial/210615_391_A1_S1.0.2/mmseqs/splits/151/nuc/mmseqs_easy_taxonomy_vs_SILVA.benchmark.txt
updated,1.0.2,mmseqs_bestmatch_db,137,1.41,179.18,28.1,0.72,./microbial/210615_391_A1_S1.0.2/mmseqs/splits/137/mmseqs_bestmatch_db.benchmark.txt
updated,1.0.2,parse_mmseqs_easy_taxonomy_SILVA,137,0.83,38.19,0.0,0.09,./microbial/210615_391_A1_S1.0.2/mmseqs/splits/137/nuc/parse_mmseqs_easy_taxonomy_SILVA.benchmark.txt
updated,1.0.2,mmseqs_easy_taxonomy_vs_SILVA,137,298.39,11178.48,942.05,2812.13,./microbial/210615_391_A1_S1.0.2/mmseqs/splits/137/nuc/mmseqs_easy_taxonomy_vs_SILVA.benchmark.txt
updated,1.0.2,mmseqs_bestmatch_db,022,0.72,40.51,0.0,0.09,./microbial/210615_391_A1_S1.0.2/mmseqs/splits/022/mmseqs_bestmatch_db.benchmark.txt
updated,1.0.2,parse_mmseqs_easy_taxonomy_SILVA,022,1.12,216.86,0.0,1.0,./microbial/210615_391_A1_S1.0.2/mmseqs/splits/022/nuc/parse_mmseqs_easy_taxonomy_SILVA.benchmark.txt
updated,1.0.2,mmseqs_easy_taxonomy_vs_SILVA,022,375.98,11150.05,940.7,3536.74,./microbial/210615_391_A1_S1.0.2/mmseqs/splits/022/nuc/mmseqs_easy_taxonomy_vs_SILVA.benchmark.txt
updated,1.0.2,mmseqs_bestmatch_db,182,0.94,183.98,0.0,0.75,./microbial/210615_391_A1_S1.0.2/mmseqs/splits/182/mmseqs_bestmatch_db.benchmark.txt
updated,1.0.2,parse_mmseqs_easy_taxonomy_SILVA,182,0.93,228.43,0.0,0.94,./microbial/210615_391_A1_S1.0.2/mmseqs/splits/182/nuc/parse_mmseqs_easy_taxonomy_SILVA.benchmark.txt
updated,1.0.2,mmseqs_easy_taxonomy_vs_SILVA,182,342.42,11134.76,894.44,3064.15,./microbial/210615_391_A1_S1.0.2/mmseqs/splits/182/nuc/mmseqs_easy_taxonomy_vs_SILVA.benchmark.txt
updated,1.0.2,mmseqs_bestmatch_db,215,0.8,186.39,0.0,0.6,./microbial/210615_391_A1_S1.0.2/mmseqs/splits/215/mmseqs_bestmatch_db.benchmark.txt
updated,1.0.2,parse_mmseqs_easy_taxonomy_SILVA,215,0.99,209.69,0.0,0.84,./microbial/210615_391_A1_S1.0.2/mmseqs/splits/215/nuc/parse_mmseqs_easy_taxonomy_SILVA.benchmark.txt
updated,1.0.2,mmseqs_easy_taxonomy_vs_SILVA,215,326.5,11170.13,854.37,2789.78,./microbial/210615_391_A1_S1.0.2/mmseqs/splits/215/nuc/mmseqs_easy_taxonomy_vs_SILVA.benchmark.txt
updated,1.0.2,mmseqs_bestmatch_db,140,1.85,174.13,17.61,0.65,./microbial/210615_391_A1_S1.0.2/mmseqs/splits/140/mmseqs_bestmatch_db.benchmark.txt
updated,1.0.2,parse_mmseqs_easy_taxonomy_SILVA,140,0.95,230.83,0.0,0.91,./microbial/210615_391_A1_S1.0.2/mmseqs/splits/140/nuc/parse_mmseqs_easy_taxonomy_SILVA.benchmark.txt
updated,1.0.2,mmseqs_easy_taxonomy_vs_SILVA,140,351.24,11187.02,826.75,2904.68,./microbial/210615_391_A1_S1.0.2/mmseqs/splits/140/nuc/mmseqs_easy_taxonomy_vs_SILVA.benchmark.txt
updated,1.0.2,mmseqs_bestmatch_db,133,2.16,174.75,19.5,0.6,./microbial/210615_391_A1_S1.0.2/mmseqs/splits/133/mmseqs_bestmatch_db.benchmark.txt
updated,1.0.2,parse_mmseqs_easy_taxonomy_SILVA,133,0.9,227.13,0.0,0.84,./microbial/210615_391_A1_S1.0.2/mmseqs/splits/133/nuc/parse_mmseqs_easy_taxonomy_SILVA.benchmark.txt
updated,1.0.2,mmseqs_easy_taxonomy_vs_SILVA,133,347.32,11144.74,900.81,3129.54,./microbial/210615_391_A1_S1.0.2/mmseqs/splits/133/nuc/mmseqs_easy_taxonomy_vs_SILVA.benchmark.txt
updated,1.0.2,mmseqs_bestmatch_db,076,0.73,179.69,0.0,0.59,./microbial/210615_391_A1_S1.0.2/mmseqs/splits/076/mmseqs_bestmatch_db.benchmark.txt
updated,1.0.2,parse_mmseqs_easy_taxonomy_SILVA,076,1.06,213.14,0.0,0.88,./microbial/210615_391_A1_S1.0.2/mmseqs/splits/076/nuc/parse_mmseqs_easy_taxonomy_SILVA.benchmark.txt
updated,1.0.2,mmseqs_easy_taxonomy_vs_SILVA,076,270.99,11179.41,927.71,2515.41,./microbial/210615_391_A1_S1.0.2/mmseqs/splits/076/nuc/mmseqs_easy_taxonomy_vs_SILVA.benchmark.txt
updated,1.0.2,mmseqs_bestmatch_db,075,0.69,37.52,0.0,0.09,./microbial/210615_391_A1_S1.0.2/mmseqs/splits/075/mmseqs_bestmatch_db.benchmark.txt
updated,1.0.2,parse_mmseqs_easy_taxonomy_SILVA,075,2.14,91.17,7.23,0.37,./microbial/210615_391_A1_S1.0.2/mmseqs/splits/075/nuc/parse_mmseqs_easy_taxonomy_SILVA.benchmark.txt
updated,1.0.2,mmseqs_easy_taxonomy_vs_SILVA,075,323.09,11129.48,867.56,2805.23,./microbial/210615_391_A1_S1.0.2/mmseqs/splits/075/nuc/mmseqs_easy_taxonomy_vs_SILVA.benchmark.txt
updated,1.0.2,mmseqs_bestmatch_db,108,0.93,178.63,0.0,0.73,./microbial/210615_391_A1_S1.0.2/mmseqs/splits/108/mmseqs_bestmatch_db.benchmark.txt
updated,1.0.2,parse_mmseqs_easy_taxonomy_SILVA,108,0.92,223.75,0.0,0.87,./microbial/210615_391_A1_S1.0.2/mmseqs/splits/108/nuc/parse_mmseqs_easy_taxonomy_SILVA.benchmark.txt
updated,1.0.2,mmseqs_easy_taxonomy_vs_SILVA,108,297.74,11183.76,842.23,2513.95,./microbial/210615_391_A1_S1.0.2/mmseqs/splits/108/nuc/mmseqs_easy_taxonomy_vs_SILVA.benchmark.txt
updated,1.0.2,mmseqs_bestmatch_db,009,1.31,66.53,0.0,0.2,./microbial/210615_391_A1_S1.0.2/mmseqs/splits/009/mmseqs_bestmatch_db.benchmark.txt
updated,1.0.2,parse_mmseqs_easy_taxonomy_SILVA,009,1.23,182.17,0.0,0.68,./microbial/210615_391_A1_S1.0.2/mmseqs/splits/009/nuc/parse_mmseqs_easy_taxonomy_SILVA.benchmark.txt
updated,1.0.2,mmseqs_easy_taxonomy_vs_SILVA,009,299.16,11126.97,945.43,2829.07,./microbial/210615_391_A1_S1.0.2/mmseqs/splits/009/nuc/mmseqs_easy_taxonomy_vs_SILVA.benchmark.txt
updated,1.0.2,mmseqs_bestmatch_db,198,1.98,181.69,23.02,0.65,./microbial/210615_391_A1_S1.0.2/mmseqs/splits/198/mmseqs_bestmatch_db.benchmark.txt
updated,1.0.2,parse_mmseqs_easy_taxonomy_SILVA,198,1.13,222.25,0.0,0.88,./microbial/210615_391_A1_S1.0.2/mmseqs/splits/198/nuc/parse_mmseqs_easy_taxonomy_SILVA.benchmark.txt
updated,1.0.2,mmseqs_easy_taxonomy_vs_SILVA,198,293.91,11133.36,855.02,2515.5,./microbial/210615_391_A1_S1.0.2/mmseqs/splits/198/nuc/mmseqs_easy_taxonomy_vs_SILVA.benchmark.txt
updated,1.0.2,mmseqs_bestmatch_db,208,0.59,36.89,0.0,0.08,./microbial/210615_391_A1_S1.0.2/mmseqs/splits/208/mmseqs_bestmatch_db.benchmark.txt
updated,1.0.2,parse_mmseqs_easy_taxonomy_SILVA,208,3.9,227.87,10.86,1.17,./microbial/210615_391_A1_S1.0.2/mmseqs/splits/208/nuc/parse_mmseqs_easy_taxonomy_SILVA.benchmark.txt
updated,1.0.2,mmseqs_easy_taxonomy_vs_SILVA,208,302.26,11129.8,846.5,2565.35,./microbial/210615_391_A1_S1.0.2/mmseqs/splits/208/nuc/mmseqs_easy_taxonomy_vs_SILVA.benchmark.txt
updated,1.0.2,mmseqs_bestmatch_db,193,1.14,157.54,0.0,0.53,./microbial/210615_391_A1_S1.0.2/mmseqs/splits/193/mmseqs_bestmatch_db.benchmark.txt
updated,1.0.2,parse_mmseqs_easy_taxonomy_SILVA,193,0.98,226.33,0.0,0.83,./microbial/210615_391_A1_S1.0.2/mmseqs/splits/193/nuc/parse_mmseqs_easy_taxonomy_SILVA.benchmark.txt
updated,1.0.2,mmseqs_easy_taxonomy_vs_SILVA,193,326.57,11150.39,857.38,2801.57,./microbial/210615_391_A1_S1.0.2/mmseqs/splits/193/nuc/mmseqs_easy_taxonomy_vs_SILVA.benchmark.txt
updated,1.0.2,mmseqs_bestmatch_db,087,0.6,39.03,0.0,0.1,./microbial/210615_391_A1_S1.0.2/mmseqs/splits/087/mmseqs_bestmatch_db.benchmark.txt
updated,1.0.2,parse_mmseqs_easy_taxonomy_SILVA,087,2.7,190.35,21.41,1.3,./microbial/210615_391_A1_S1.0.2/mmseqs/splits/087/nuc/parse_mmseqs_easy_taxonomy_SILVA.benchmark.txt
updated,1.0.2,mmseqs_easy_taxonomy_vs_SILVA,087,285.48,11170.46,870.44,2485.61,./microbial/210615_391_A1_S1.0.2/mmseqs/splits/087/nuc/mmseqs_easy_taxonomy_vs_SILVA.benchmark.txt
updated,1.0.2,mmseqs_bestmatch_db,201,0.68,36.25,0.0,0.08,./microbial/210615_391_A1_S1.0.2/mmseqs/splits/201/mmseqs_bestmatch_db.benchmark.txt
updated,1.0.2,parse_mmseqs_easy_taxonomy_SILVA,201,0.9,228.79,0.0,0.91,./microbial/210615_391_A1_S1.0.2/mmseqs/splits/201/nuc/parse_mmseqs_easy_taxonomy_SILVA.benchmark.txt
updated,1.0.2,mmseqs_easy_taxonomy_vs_SILVA,201,281.93,11140.18,892.41,2517.43,./microbial/210615_391_A1_S1.0.2/mmseqs/splits/201/nuc/mmseqs_easy_taxonomy_vs_SILVA.benchmark.txt
updated,1.0.2,mmseqs_bestmatch_db,167,0.88,177.96,0.0,0.65,./microbial/210615_391_A1_S1.0.2/mmseqs/splits/167/mmseqs_bestmatch_db.benchmark.txt
updated,1.0.2,parse_mmseqs_easy_taxonomy_SILVA,167,1.02,205.33,0.0,0.85,./microbial/210615_391_A1_S1.0.2/mmseqs/splits/167/nuc/parse_mmseqs_easy_taxonomy_SILVA.benchmark.txt
updated,1.0.2,mmseqs_easy_taxonomy_vs_SILVA,167,310.64,11167.47,909.96,2828.51,./microbial/210615_391_A1_S1.0.2/mmseqs/splits/167/nuc/mmseqs_easy_taxonomy_vs_SILVA.benchmark.txt
updated,1.0.2,mmseqs_bestmatch_db,212,0.74,178.43,0.0,0.58,./microbial/210615_391_A1_S1.0.2/mmseqs/splits/212/mmseqs_bestmatch_db.benchmark.txt
updated,1.0.2,parse_mmseqs_easy_taxonomy_SILVA,212,1.13,200.65,0.0,0.79,./microbial/210615_391_A1_S1.0.2/mmseqs/splits/212/nuc/parse_mmseqs_easy_taxonomy_SILVA.benchmark.txt
updated,1.0.2,mmseqs_easy_taxonomy_vs_SILVA,212,293.2,11151.19,863.7,2533.63,./microbial/210615_391_A1_S1.0.2/mmseqs/splits/212/nuc/mmseqs_easy_taxonomy_vs_SILVA.benchmark.txt
updated,1.0.2,mmseqs_bestmatch_db,011,0.93,181.04,0.0,0.6,./microbial/210615_391_A1_S1.0.2/mmseqs/splits/011/mmseqs_bestmatch_db.benchmark.txt
updated,1.0.2,parse_mmseqs_easy_taxonomy_SILVA,011,0.87,223.81,0.0,0.87,./microbial/210615_391_A1_S1.0.2/mmseqs/splits/011/nuc/parse_mmseqs_easy_taxonomy_SILVA.benchmark.txt
updated,1.0.2,mmseqs_easy_taxonomy_vs_SILVA,011,370.7,11120.81,919.97,3411.75,./microbial/210615_391_A1_S1.0.2/mmseqs/splits/011/nuc/mmseqs_easy_taxonomy_vs_SILVA.benchmark.txt
updated,1.0.2,mmseqs_bestmatch_db,053,0.76,181.47,0.0,0.61,./microbial/210615_391_A1_S1.0.2/mmseqs/splits/053/mmseqs_bestmatch_db.benchmark.txt
updated,1.0.2,parse_mmseqs_easy_taxonomy_SILVA,053,0.91,229.69,0.0,0.95,./microbial/210615_391_A1_S1.0.2/mmseqs/splits/053/nuc/parse_mmseqs_easy_taxonomy_SILVA.benchmark.txt
updated,1.0.2,mmseqs_easy_taxonomy_vs_SILVA,053,270.83,11169.36,933.8,2530.83,./microbial/210615_391_A1_S1.0.2/mmseqs/splits/053/nuc/mmseqs_easy_taxonomy_vs_SILVA.benchmark.txt
updated,1.0.2,mmseqs_bestmatch_db,230,0.8,185.15,0.0,0.79,./microbial/210615_391_A1_S1.0.2/mmseqs/splits/230/mmseqs_bestmatch_db.benchmark.txt
updated,1.0.2,parse_mmseqs_easy_taxonomy_SILVA,230,1.21,201.09,0.0,0.74,./microbial/210615_391_A1_S1.0.2/mmseqs/splits/230/nuc/parse_mmseqs_easy_taxonomy_SILVA.benchmark.txt
updated,1.0.2,mmseqs_easy_taxonomy_vs_SILVA,230,305.66,11175.62,883.76,2701.62,./microbial/210615_391_A1_S1.0.2/mmseqs/splits/230/nuc/mmseqs_easy_taxonomy_vs_SILVA.benchmark.txt
updated,1.0.2,mmseqs_bestmatch_db,195,0.86,169.48,0.0,0.58,./microbial/210615_391_A1_S1.0.2/mmseqs/splits/195/mmseqs_bestmatch_db.benchmark.txt
updated,1.0.2,parse_mmseqs_easy_taxonomy_SILVA,195,2.3,96.47,1.17,0.24,./microbial/210615_391_A1_S1.0.2/mmseqs/splits/195/nuc/parse_mmseqs_easy_taxonomy_SILVA.benchmark.txt
updated,1.0.2,mmseqs_easy_taxonomy_vs_SILVA,195,286.04,11161.05,877.2,2510.84,./microbial/210615_391_A1_S1.0.2/mmseqs/splits/195/nuc/mmseqs_easy_taxonomy_vs_SILVA.benchmark.txt
updated,1.0.2,mmseqs_bestmatch_db,244,0.74,185.1,0.0,0.61,./microbial/210615_391_A1_S1.0.2/mmseqs/splits/244/mmseqs_bestmatch_db.benchmark.txt
updated,1.0.2,parse_mmseqs_easy_taxonomy_SILVA,244,0.94,211.42,0.0,0.83,./microbial/210615_391_A1_S1.0.2/mmseqs/splits/244/nuc/parse_mmseqs_easy_taxonomy_SILVA.benchmark.txt
updated,1.0.2,mmseqs_easy_taxonomy_vs_SILVA,244,310.35,11161.09,901.17,2797.66,./microbial/210615_391_A1_S1.0.2/mmseqs/splits/244/nuc/mmseqs_easy_taxonomy_vs_SILVA.benchmark.txt
updated,1.0.2,mmseqs_bestmatch_db,178,0.83,162.95,0.0,0.42,./microbial/210615_391_A1_S1.0.2/mmseqs/splits/178/mmseqs_bestmatch_db.benchmark.txt
updated,1.0.2,parse_mmseqs_easy_taxonomy_SILVA,178,0.99,202.31,0.0,0.76,./microbial/210615_391_A1_S1.0.2/mmseqs/splits/178/nuc/parse_mmseqs_easy_taxonomy_SILVA.benchmark.txt
updated,1.0.2,mmseqs_easy_taxonomy_vs_SILVA,178,331.31,11131.65,852.64,2833.52,./microbial/210615_391_A1_S1.0.2/mmseqs/splits/178/nuc/mmseqs_easy_taxonomy_vs_SILVA.benchmark.txt
updated,1.0.2,mmseqs_bestmatch_db,112,0.89,168.32,0.0,0.46,./microbial/210615_391_A1_S1.0.2/mmseqs/splits/112/mmseqs_bestmatch_db.benchmark.txt
updated,1.0.2,parse_mmseqs_easy_taxonomy_SILVA,112,0.97,209.27,0.0,0.75,./microbial/210615_391_A1_S1.0.2/mmseqs/splits/112/nuc/parse_mmseqs_easy_taxonomy_SILVA.benchmark.txt
updated,1.0.2,mmseqs_easy_taxonomy_vs_SILVA,112,411.44,11168.89,901.4,3705.6,./microbial/210615_391_A1_S1.0.2/mmseqs/splits/112/nuc/mmseqs_easy_taxonomy_vs_SILVA.benchmark.txt
updated,1.0.2,mmseqs_bestmatch_db,235,0.96,186.73,0.0,0.56,./microbial/210615_391_A1_S1.0.2/mmseqs/splits/235/mmseqs_bestmatch_db.benchmark.txt
updated,1.0.2,parse_mmseqs_easy_taxonomy_SILVA,235,0.95,230.71,0.0,0.86,./microbial/210615_391_A1_S1.0.2/mmseqs/splits/235/nuc/parse_mmseqs_easy_taxonomy_SILVA.benchmark.txt
updated,1.0.2,mmseqs_easy_taxonomy_vs_SILVA,235,329.53,11158.15,830.51,2751.81,./microbial/210615_391_A1_S1.0.2/mmseqs/splits/235/nuc/mmseqs_easy_taxonomy_vs_SILVA.benchmark.txt
updated,1.0.2,mmseqs_bestmatch_db,206,0.57,37.09,0.0,0.08,./microbial/210615_391_A1_S1.0.2/mmseqs/splits/206/mmseqs_bestmatch_db.benchmark.txt
updated,1.0.2,parse_mmseqs_easy_taxonomy_SILVA,206,1.09,207.22,0.0,0.76,./microbial/210615_391_A1_S1.0.2/mmseqs/splits/206/nuc/parse_mmseqs_easy_taxonomy_SILVA.benchmark.txt
updated,1.0.2,mmseqs_easy_taxonomy_vs_SILVA,206,341.8,11144.37,909.1,3109.68,./microbial/210615_391_A1_S1.0.2/mmseqs/splits/206/nuc/mmseqs_easy_taxonomy_vs_SILVA.benchmark.txt
updated,1.0.2,mmseqs_bestmatch_db,129,0.88,164.86,0.0,0.49,./microbial/210615_391_A1_S1.0.2/mmseqs/splits/129/mmseqs_bestmatch_db.benchmark.txt
updated,1.0.2,parse_mmseqs_easy_taxonomy_SILVA,129,0.92,209.43,0.0,0.76,./microbial/210615_391_A1_S1.0.2/mmseqs/splits/129/nuc/parse_mmseqs_easy_taxonomy_SILVA.benchmark.txt
updated,1.0.2,mmseqs_easy_taxonomy_vs_SILVA,129,317.17,11180.29,888.02,2818.83,./microbial/210615_391_A1_S1.0.2/mmseqs/splits/129/nuc/mmseqs_easy_taxonomy_vs_SILVA.benchmark.txt
updated,1.0.2,mmseqs_bestmatch_db,245,0.92,188.26,0.0,0.54,./microbial/210615_391_A1_S1.0.2/mmseqs/splits/245/mmseqs_bestmatch_db.benchmark.txt
updated,1.0.2,parse_mmseqs_easy_taxonomy_SILVA,245,1.15,196.57,0.0,0.76,./microbial/210615_391_A1_S1.0.2/mmseqs/splits/245/nuc/parse_mmseqs_easy_taxonomy_SILVA.benchmark.txt
updated,1.0.2,mmseqs_easy_taxonomy_vs_SILVA,245,259.04,11196.9,834.67,2163.47,./microbial/210615_391_A1_S1.0.2/mmseqs/splits/245/nuc/mmseqs_easy_taxonomy_vs_SILVA.benchmark.txt
updated,1.0.2,mmseqs_bestmatch_db,241,0.8,182.1,0.0,0.48,./microbial/210615_391_A1_S1.0.2/mmseqs/splits/241/mmseqs_bestmatch_db.benchmark.txt
updated,1.0.2,parse_mmseqs_easy_taxonomy_SILVA,241,1.16,201.08,0.0,0.7,./microbial/210615_391_A1_S1.0.2/mmseqs/splits/241/nuc/parse_mmseqs_easy_taxonomy_SILVA.benchmark.txt
updated,1.0.2,mmseqs_easy_taxonomy_vs_SILVA,241,304.3,11159.51,813.19,2475.58,./microbial/210615_391_A1_S1.0.2/mmseqs/splits/241/nuc/mmseqs_easy_taxonomy_vs_SILVA.benchmark.txt
updated,1.0.2,mmseqs_bestmatch_db,190,0.68,37.54,0.0,0.1,./microbial/210615_391_A1_S1.0.2/mmseqs/splits/190/mmseqs_bestmatch_db.benchmark.txt
updated,1.0.2,parse_mmseqs_easy_taxonomy_SILVA,190,0.94,221.86,0.0,0.8,./microbial/210615_391_A1_S1.0.2/mmseqs/splits/190/nuc/parse_mmseqs_easy_taxonomy_SILVA.benchmark.txt
updated,1.0.2,mmseqs_easy_taxonomy_vs_SILVA,190,293.2,11124.65,848.35,2489.84,./microbial/210615_391_A1_S1.0.2/mmseqs/splits/190/nuc/mmseqs_easy_taxonomy_vs_SILVA.benchmark.txt
updated,1.0.2,mmseqs_bestmatch_db,066,0.9,174.55,0.0,0.7,./microbial/210615_391_A1_S1.0.2/mmseqs/splits/066/mmseqs_bestmatch_db.benchmark.txt
updated,1.0.2,parse_mmseqs_easy_taxonomy_SILVA,066,0.95,227.59,0.0,0.93,./microbial/210615_391_A1_S1.0.2/mmseqs/splits/066/nuc/parse_mmseqs_easy_taxonomy_SILVA.benchmark.txt
updated,1.0.2,mmseqs_easy_taxonomy_vs_SILVA,066,308.23,11131.76,921.12,2839.39,./microbial/210615_391_A1_S1.0.2/mmseqs/splits/066/nuc/mmseqs_easy_taxonomy_vs_SILVA.benchmark.txt
updated,1.0.2,mmseqs_bestmatch_db,025,1.33,185.67,33.07,0.73,./microbial/210615_391_A1_S1.0.2/mmseqs/splits/025/mmseqs_bestmatch_db.benchmark.txt
updated,1.0.2,parse_mmseqs_easy_taxonomy_SILVA,025,1.05,221.95,0.0,1.17,./microbial/210615_391_A1_S1.0.2/mmseqs/splits/025/nuc/parse_mmseqs_easy_taxonomy_SILVA.benchmark.txt
updated,1.0.2,mmseqs_easy_taxonomy_vs_SILVA,025,276.5,11173.59,903.81,2500.67,./microbial/210615_391_A1_S1.0.2/mmseqs/splits/025/nuc/mmseqs_easy_taxonomy_vs_SILVA.benchmark.txt
updated,1.0.2,mmseqs_bestmatch_db,122,0.8,179.5,0.0,0.57,./microbial/210615_391_A1_S1.0.2/mmseqs/splits/122/mmseqs_bestmatch_db.benchmark.txt
updated,1.0.2,parse_mmseqs_easy_taxonomy_SILVA,122,5.29,206.18,5.45,0.78,./microbial/210615_391_A1_S1.0.2/mmseqs/splits/122/nuc/parse_mmseqs_easy_taxonomy_SILVA.benchmark.txt
updated,1.0.2,mmseqs_easy_taxonomy_vs_SILVA,122,291.83,11142.22,866.51,2530.13,./microbial/210615_391_A1_S1.0.2/mmseqs/splits/122/nuc/mmseqs_easy_taxonomy_vs_SILVA.benchmark.txt
updated,1.0.2,mmseqs_bestmatch_db,104,2.04,169.77,24.39,0.71,./microbial/210615_391_A1_S1.0.2/mmseqs/splits/104/mmseqs_bestmatch_db.benchmark.txt
updated,1.0.2,parse_mmseqs_easy_taxonomy_SILVA,104,0.92,218.48,0.0,0.81,./microbial/210615_391_A1_S1.0.2/mmseqs/splits/104/nuc/parse_mmseqs_easy_taxonomy_SILVA.benchmark.txt
updated,1.0.2,mmseqs_easy_taxonomy_vs_SILVA,104,339.98,11179.84,913.11,3105.48,./microbial/210615_391_A1_S1.0.2/mmseqs/splits/104/nuc/mmseqs_easy_taxonomy_vs_SILVA.benchmark.txt
updated,1.0.2,mmseqs_bestmatch_db,007,0.86,187.44,0.0,0.76,./microbial/210615_391_A1_S1.0.2/mmseqs/splits/007/mmseqs_bestmatch_db.benchmark.txt
updated,1.0.2,parse_mmseqs_easy_taxonomy_SILVA,007,1.02,191.26,0.0,0.78,./microbial/210615_391_A1_S1.0.2/mmseqs/splits/007/nuc/parse_mmseqs_easy_taxonomy_SILVA.benchmark.txt
updated,1.0.2,mmseqs_easy_taxonomy_vs_SILVA,007,307.03,11185.2,913.08,2805.53,./microbial/210615_391_A1_S1.0.2/mmseqs/splits/007/nuc/mmseqs_easy_taxonomy_vs_SILVA.benchmark.txt
updated,1.0.2,mmseqs_bestmatch_db,014,0.85,193.18,0.0,0.61,./microbial/210615_391_A1_S1.0.2/mmseqs/splits/014/mmseqs_bestmatch_db.benchmark.txt
updated,1.0.2,parse_mmseqs_easy_taxonomy_SILVA,014,0.86,231.61,0.0,0.86,./microbial/210615_391_A1_S1.0.2/mmseqs/splits/014/nuc/parse_mmseqs_easy_taxonomy_SILVA.benchmark.txt
updated,1.0.2,mmseqs_easy_taxonomy_vs_SILVA,014,364.2,11168.41,940.41,3426.92,./microbial/210615_391_A1_S1.0.2/mmseqs/splits/014/nuc/mmseqs_easy_taxonomy_vs_SILVA.benchmark.txt
updated,1.0.2,mmseqs_bestmatch_db,239,0.8,167.77,0.0,0.47,./microbial/210615_391_A1_S1.0.2/mmseqs/splits/239/mmseqs_bestmatch_db.benchmark.txt
updated,1.0.2,parse_mmseqs_easy_taxonomy_SILVA,239,0.9,228.54,0.0,0.79,./microbial/210615_391_A1_S1.0.2/mmseqs/splits/239/nuc/parse_mmseqs_easy_taxonomy_SILVA.benchmark.txt
updated,1.0.2,mmseqs_easy_taxonomy_vs_SILVA,239,279.54,11168.48,887.82,2483.14,./microbial/210615_391_A1_S1.0.2/mmseqs/splits/239/nuc/mmseqs_easy_taxonomy_vs_SILVA.benchmark.txt
updated,1.0.2,mmseqs_bestmatch_db,090,0.73,37.64,0.0,0.09,./microbial/210615_391_A1_S1.0.2/mmseqs/splits/090/mmseqs_bestmatch_db.benchmark.txt
updated,1.0.2,parse_mmseqs_easy_taxonomy_SILVA,090,0.94,218.68,0.0,0.89,./microbial/210615_391_A1_S1.0.2/mmseqs/splits/090/nuc/parse_mmseqs_easy_taxonomy_SILVA.benchmark.txt
updated,1.0.2,mmseqs_easy_taxonomy_vs_SILVA,090,336.12,11153.34,929.99,3127.58,./microbial/210615_391_A1_S1.0.2/mmseqs/splits/090/nuc/mmseqs_easy_taxonomy_vs_SILVA.benchmark.txt
updated,1.0.2,mmseqs_bestmatch_db,196,0.73,171.51,0.0,0.57,./microbial/210615_391_A1_S1.0.2/mmseqs/splits/196/mmseqs_bestmatch_db.benchmark.txt
updated,1.0.2,parse_mmseqs_easy_taxonomy_SILVA,196,2.42,192.53,4.85,0.69,./microbial/210615_391_A1_S1.0.2/mmseqs/splits/196/nuc/parse_mmseqs_easy_taxonomy_SILVA.benchmark.txt
updated,1.0.2,mmseqs_easy_taxonomy_vs_SILVA,196,278.47,11172.15,897.06,2499.39,./microbial/210615_391_A1_S1.0.2/mmseqs/splits/196/nuc/mmseqs_easy_taxonomy_vs_SILVA.benchmark.txt
updated,1.0.2,mmseqs_bestmatch_db,158,1.14,79.84,0.0,0.25,./microbial/210615_391_A1_S1.0.2/mmseqs/splits/158/mmseqs_bestmatch_db.benchmark.txt
updated,1.0.2,parse_mmseqs_easy_taxonomy_SILVA,158,1.08,204.39,0.0,0.75,./microbial/210615_391_A1_S1.0.2/mmseqs/splits/158/nuc/parse_mmseqs_easy_taxonomy_SILVA.benchmark.txt
updated,1.0.2,mmseqs_easy_taxonomy_vs_SILVA,158,365.05,11158.3,854.93,3123.83,./microbial/210615_391_A1_S1.0.2/mmseqs/splits/158/nuc/mmseqs_easy_taxonomy_vs_SILVA.benchmark.txt
updated,1.0.2,mmseqs_bestmatch_db,048,0.87,171.12,0.0,0.56,./microbial/210615_391_A1_S1.0.2/mmseqs/splits/048/mmseqs_bestmatch_db.benchmark.txt
updated,1.0.2,parse_mmseqs_easy_taxonomy_SILVA,048,0.81,230.06,0.0,1.02,./microbial/210615_391_A1_S1.0.2/mmseqs/splits/048/nuc/parse_mmseqs_easy_taxonomy_SILVA.benchmark.txt
updated,1.0.2,mmseqs_easy_taxonomy_vs_SILVA,048,333.05,11154.32,942.35,3140.78,./microbial/210615_391_A1_S1.0.2/mmseqs/splits/048/nuc/mmseqs_easy_taxonomy_vs_SILVA.benchmark.txt
updated,1.0.2,mmseqs_bestmatch_db,038,0.72,37.61,0.0,0.1,./microbial/210615_391_A1_S1.0.2/mmseqs/splits/038/mmseqs_bestmatch_db.benchmark.txt
updated,1.0.2,parse_mmseqs_easy_taxonomy_SILVA,038,1.09,205.27,0.0,0.84,./microbial/210615_391_A1_S1.0.2/mmseqs/splits/038/nuc/parse_mmseqs_easy_taxonomy_SILVA.benchmark.txt
updated,1.0.2,mmseqs_easy_taxonomy_vs_SILVA,038,264.52,11202.71,828.72,2208.51,./microbial/210615_391_A1_S1.0.2/mmseqs/splits/038/nuc/mmseqs_easy_taxonomy_vs_SILVA.benchmark.txt
updated,1.0.2,mmseqs_bestmatch_db,070,0.82,177.45,0.0,0.45,./microbial/210615_391_A1_S1.0.2/mmseqs/splits/070/mmseqs_bestmatch_db.benchmark.txt
updated,1.0.2,parse_mmseqs_easy_taxonomy_SILVA,070,0.95,225.42,0.0,0.84,./microbial/210615_391_A1_S1.0.2/mmseqs/splits/070/nuc/parse_mmseqs_easy_taxonomy_SILVA.benchmark.txt
updated,1.0.2,mmseqs_easy_taxonomy_vs_SILVA,070,363.53,11154.82,860.55,3131.05,./microbial/210615_391_A1_S1.0.2/mmseqs/splits/070/nuc/mmseqs_easy_taxonomy_vs_SILVA.benchmark.txt
updated,1.0.2,mmseqs_bestmatch_db,050,0.78,182.2,0.0,0.58,./microbial/210615_391_A1_S1.0.2/mmseqs/splits/050/mmseqs_bestmatch_db.benchmark.txt
updated,1.0.2,parse_mmseqs_easy_taxonomy_SILVA,050,0.97,219.78,0.0,0.94,./microbial/210615_391_A1_S1.0.2/mmseqs/splits/050/nuc/parse_mmseqs_easy_taxonomy_SILVA.benchmark.txt
updated,1.0.2,mmseqs_easy_taxonomy_vs_SILVA,050,297.76,11189.04,844.35,2515.6,./microbial/210615_391_A1_S1.0.2/mmseqs/splits/050/nuc/mmseqs_easy_taxonomy_vs_SILVA.benchmark.txt
updated,1.0.2,mmseqs_bestmatch_db,002,0.87,204.06,0.0,0.55,./microbial/210615_391_A1_S1.0.2/mmseqs/splits/002/mmseqs_bestmatch_db.benchmark.txt
updated,1.0.2,parse_mmseqs_easy_taxonomy_SILVA,002,1.2,182.82,0.0,0.93,./microbial/210615_391_A1_S1.0.2/mmseqs/splits/002/nuc/parse_mmseqs_easy_taxonomy_SILVA.benchmark.txt
updated,1.0.2,mmseqs_easy_taxonomy_vs_SILVA,002,367.74,11168.73,944.17,3473.25,./microbial/210615_391_A1_S1.0.2/mmseqs/splits/002/nuc/mmseqs_easy_taxonomy_vs_SILVA.benchmark.txt
updated,1.0.2,mmseqs_bestmatch_db,113,0.8,182.66,0.0,0.62,./microbial/210615_391_A1_S1.0.2/mmseqs/splits/113/mmseqs_bestmatch_db.benchmark.txt
updated,1.0.2,parse_mmseqs_easy_taxonomy_SILVA,113,0.89,223.29,0.0,0.85,./microbial/210615_391_A1_S1.0.2/mmseqs/splits/113/nuc/parse_mmseqs_easy_taxonomy_SILVA.benchmark.txt
updated,1.0.2,mmseqs_easy_taxonomy_vs_SILVA,113,301.33,11136.34,836.61,2533.18,./microbial/210615_391_A1_S1.0.2/mmseqs/splits/113/nuc/mmseqs_easy_taxonomy_vs_SILVA.benchmark.txt
updated,1.0.2,mmseqs_bestmatch_db,118,0.87,174.38,0.0,0.41,./microbial/210615_391_A1_S1.0.2/mmseqs/splits/118/mmseqs_bestmatch_db.benchmark.txt
updated,1.0.2,parse_mmseqs_easy_taxonomy_SILVA,118,0.96,212.79,0.0,0.79,./microbial/210615_391_A1_S1.0.2/mmseqs/splits/118/nuc/parse_mmseqs_easy_taxonomy_SILVA.benchmark.txt
updated,1.0.2,mmseqs_easy_taxonomy_vs_SILVA,118,298.34,11168.91,940.34,2806.34,./microbial/210615_391_A1_S1.0.2/mmseqs/splits/118/nuc/mmseqs_easy_taxonomy_vs_SILVA.benchmark.txt
updated,1.0.2,mmseqs_bestmatch_db,219,1.04,79.45,0.0,0.26,./microbial/210615_391_A1_S1.0.2/mmseqs/splits/219/mmseqs_bestmatch_db.benchmark.txt
updated,1.0.2,parse_mmseqs_easy_taxonomy_SILVA,219,0.9,234.5,0.0,0.93,./microbial/210615_391_A1_S1.0.2/mmseqs/splits/219/nuc/parse_mmseqs_easy_taxonomy_SILVA.benchmark.txt
updated,1.0.2,mmseqs_easy_taxonomy_vs_SILVA,219,390.17,11125.49,878.45,3429.86,./microbial/210615_391_A1_S1.0.2/mmseqs/splits/219/nuc/mmseqs_easy_taxonomy_vs_SILVA.benchmark.txt
updated,1.0.2,mmseqs_bestmatch_db,008,0.91,188.15,0.0,0.66,./microbial/210615_391_A1_S1.0.2/mmseqs/splits/008/mmseqs_bestmatch_db.benchmark.txt
updated,1.0.2,parse_mmseqs_easy_taxonomy_SILVA,008,0.76,136.55,0.0,0.32,./microbial/210615_391_A1_S1.0.2/mmseqs/splits/008/nuc/parse_mmseqs_easy_taxonomy_SILVA.benchmark.txt
updated,1.0.2,mmseqs_easy_taxonomy_vs_SILVA,008,369.06,11207.81,873.63,3225.4,./microbial/210615_391_A1_S1.0.2/mmseqs/splits/008/nuc/mmseqs_easy_taxonomy_vs_SILVA.benchmark.txt
updated,1.0.2,mmseqs_bestmatch_db,031,1.81,74.23,7.18,0.24,./microbial/210615_391_A1_S1.0.2/mmseqs/splits/031/mmseqs_bestmatch_db.benchmark.txt
updated,1.0.2,parse_mmseqs_easy_taxonomy_SILVA,031,1.03,207.41,0.0,0.75,./microbial/210615_391_A1_S1.0.2/mmseqs/splits/031/nuc/parse_mmseqs_easy_taxonomy_SILVA.benchmark.txt
updated,1.0.2,mmseqs_easy_taxonomy_vs_SILVA,031,339.31,11163.68,834.48,2848.84,./microbial/210615_391_A1_S1.0.2/mmseqs/splits/031/nuc/mmseqs_easy_taxonomy_vs_SILVA.benchmark.txt
updated,1.0.2,mmseqs_bestmatch_db,172,1.23,70.93,0.0,0.2,./microbial/210615_391_A1_S1.0.2/mmseqs/splits/172/mmseqs_bestmatch_db.benchmark.txt
updated,1.0.2,parse_mmseqs_easy_taxonomy_SILVA,172,2.37,125.39,12.36,0.57,./microbial/210615_391_A1_S1.0.2/mmseqs/splits/172/nuc/parse_mmseqs_easy_taxonomy_SILVA.benchmark.txt
updated,1.0.2,mmseqs_easy_taxonomy_vs_SILVA,172,273.31,11182.36,924.36,2527.25,./microbial/210615_391_A1_S1.0.2/mmseqs/splits/172/nuc/mmseqs_easy_taxonomy_vs_SILVA.benchmark.txt
updated,1.0.2,mmseqs_bestmatch_db,145,0.78,182.25,0.0,0.53,./microbial/210615_391_A1_S1.0.2/mmseqs/splits/145/mmseqs_bestmatch_db.benchmark.txt
updated,1.0.2,parse_mmseqs_easy_taxonomy_SILVA,145,1.14,196.33,0.0,0.76,./microbial/210615_391_A1_S1.0.2/mmseqs/splits/145/nuc/parse_mmseqs_easy_taxonomy_SILVA.benchmark.txt
updated,1.0.2,mmseqs_easy_taxonomy_vs_SILVA,145,264.83,11177.57,838.68,2240.54,./microbial/210615_391_A1_S1.0.2/mmseqs/splits/145/nuc/mmseqs_easy_taxonomy_vs_SILVA.benchmark.txt
updated,1.0.2,mmseqs_bestmatch_db,042,0.81,182.58,0.0,0.49,./microbial/210615_391_A1_S1.0.2/mmseqs/splits/042/mmseqs_bestmatch_db.benchmark.txt
updated,1.0.2,parse_mmseqs_easy_taxonomy_SILVA,042,1.64,196.45,2.26,0.68,./microbial/210615_391_A1_S1.0.2/mmseqs/splits/042/nuc/parse_mmseqs_easy_taxonomy_SILVA.benchmark.txt
updated,1.0.2,mmseqs_easy_taxonomy_vs_SILVA,042,278.35,11211.18,901.86,2511.46,./microbial/210615_391_A1_S1.0.2/mmseqs/splits/042/nuc/mmseqs_easy_taxonomy_vs_SILVA.benchmark.txt
updated,1.0.2,mmseqs_bestmatch_db,033,1.08,77.87,0.0,0.22,./microbial/210615_391_A1_S1.0.2/mmseqs/splits/033/mmseqs_bestmatch_db.benchmark.txt
updated,1.0.2,parse_mmseqs_easy_taxonomy_SILVA,033,0.92,225.73,0.0,0.88,./microbial/210615_391_A1_S1.0.2/mmseqs/splits/033/nuc/parse_mmseqs_easy_taxonomy_SILVA.benchmark.txt
updated,1.0.2,mmseqs_easy_taxonomy_vs_SILVA,033,334.41,11127.18,933.19,3121.9,./microbial/210615_391_A1_S1.0.2/mmseqs/splits/033/nuc/mmseqs_easy_taxonomy_vs_SILVA.benchmark.txt
updated,1.0.2,mmseqs_bestmatch_db,228,0.68,37.6,0.0,0.09,./microbial/210615_391_A1_S1.0.2/mmseqs/splits/228/mmseqs_bestmatch_db.benchmark.txt
updated,1.0.2,parse_mmseqs_easy_taxonomy_SILVA,228,1.76,187.79,4.1,0.66,./microbial/210615_391_A1_S1.0.2/mmseqs/splits/228/nuc/parse_mmseqs_easy_taxonomy_SILVA.benchmark.txt
updated,1.0.2,mmseqs_easy_taxonomy_vs_SILVA,228,292.89,11194.45,862.73,2528.37,./microbial/210615_391_A1_S1.0.2/mmseqs/splits/228/nuc/mmseqs_easy_taxonomy_vs_SILVA.benchmark.txt
updated,1.0.2,mmseqs_bestmatch_db,124,0.78,176.91,0.0,0.62,./microbial/210615_391_A1_S1.0.2/mmseqs/splits/124/mmseqs_bestmatch_db.benchmark.txt
updated,1.0.2,parse_mmseqs_easy_taxonomy_SILVA,124,1.01,198.13,0.0,0.69,./microbial/210615_391_A1_S1.0.2/mmseqs/splits/124/nuc/parse_mmseqs_easy_taxonomy_SILVA.benchmark.txt
updated,1.0.2,mmseqs_easy_taxonomy_vs_SILVA,124,338.98,11132.87,928.68,3150.07,./microbial/210615_391_A1_S1.0.2/mmseqs/splits/124/nuc/mmseqs_easy_taxonomy_vs_SILVA.benchmark.txt
updated,1.0.2,mmseqs_bestmatch_db,242,0.85,175.7,0.0,0.54,./microbial/210615_391_A1_S1.0.2/mmseqs/splits/242/mmseqs_bestmatch_db.benchmark.txt
updated,1.0.2,parse_mmseqs_easy_taxonomy_SILVA,242,0.92,223.3,0.0,0.86,./microbial/210615_391_A1_S1.0.2/mmseqs/splits/242/nuc/parse_mmseqs_easy_taxonomy_SILVA.benchmark.txt
updated,1.0.2,mmseqs_easy_taxonomy_vs_SILVA,242,335.57,11159.34,831.95,2793.66,./microbial/210615_391_A1_S1.0.2/mmseqs/splits/242/nuc/mmseqs_easy_taxonomy_vs_SILVA.benchmark.txt
updated,1.0.2,mmseqs_bestmatch_db,111,0.77,180.89,0.0,0.69,./microbial/210615_391_A1_S1.0.2/mmseqs/splits/111/mmseqs_bestmatch_db.benchmark.txt
updated,1.0.2,parse_mmseqs_easy_taxonomy_SILVA,111,0.88,222.84,0.0,0.87,./microbial/210615_391_A1_S1.0.2/mmseqs/splits/111/nuc/parse_mmseqs_easy_taxonomy_SILVA.benchmark.txt
updated,1.0.2,mmseqs_easy_taxonomy_vs_SILVA,111,273.34,11145.27,924.62,2528.47,./microbial/210615_391_A1_S1.0.2/mmseqs/splits/111/nuc/mmseqs_easy_taxonomy_vs_SILVA.benchmark.txt
updated,1.0.2,mmseqs_bestmatch_db,069,0.63,40.62,0.0,0.09,./microbial/210615_391_A1_S1.0.2/mmseqs/splits/069/mmseqs_bestmatch_db.benchmark.txt
updated,1.0.2,parse_mmseqs_easy_taxonomy_SILVA,069,0.89,223.13,0.0,0.87,./microbial/210615_391_A1_S1.0.2/mmseqs/splits/069/nuc/parse_mmseqs_easy_taxonomy_SILVA.benchmark.txt
updated,1.0.2,mmseqs_easy_taxonomy_vs_SILVA,069,385.79,11183.65,868.41,3353.27,./microbial/210615_391_A1_S1.0.2/mmseqs/splits/069/nuc/mmseqs_easy_taxonomy_vs_SILVA.benchmark.txt
updated,1.0.2,mmseqs_bestmatch_db,194,0.64,36.76,0.0,0.08,./microbial/210615_391_A1_S1.0.2/mmseqs/splits/194/mmseqs_bestmatch_db.benchmark.txt
updated,1.0.2,parse_mmseqs_easy_taxonomy_SILVA,194,1.11,195.29,0.0,0.77,./microbial/210615_391_A1_S1.0.2/mmseqs/splits/194/nuc/parse_mmseqs_easy_taxonomy_SILVA.benchmark.txt
updated,1.0.2,mmseqs_easy_taxonomy_vs_SILVA,194,283.43,11153.26,890.64,2525.99,./microbial/210615_391_A1_S1.0.2/mmseqs/splits/194/nuc/mmseqs_easy_taxonomy_vs_SILVA.benchmark.txt
updated,1.0.2,mmseqs_bestmatch_db,096,0.91,170.2,0.0,0.71,./microbial/210615_391_A1_S1.0.2/mmseqs/splits/096/mmseqs_bestmatch_db.benchmark.txt
updated,1.0.2,parse_mmseqs_easy_taxonomy_SILVA,096,0.85,38.05,0.0,0.08,./microbial/210615_391_A1_S1.0.2/mmseqs/splits/096/nuc/parse_mmseqs_easy_taxonomy_SILVA.benchmark.txt
updated,1.0.2,mmseqs_easy_taxonomy_vs_SILVA,096,341.86,11152.81,914.72,3128.82,./microbial/210615_391_A1_S1.0.2/mmseqs/splits/096/nuc/mmseqs_easy_taxonomy_vs_SILVA.benchmark.txt
updated,1.0.2,mmseqs_bestmatch_db,084,1.94,139.71,30.1,0.77,./microbial/210615_391_A1_S1.0.2/mmseqs/splits/084/mmseqs_bestmatch_db.benchmark.txt
updated,1.0.2,parse_mmseqs_easy_taxonomy_SILVA,084,0.86,37.75,0.0,0.08,./microbial/210615_391_A1_S1.0.2/mmseqs/splits/084/nuc/parse_mmseqs_easy_taxonomy_SILVA.benchmark.txt
updated,1.0.2,mmseqs_easy_taxonomy_vs_SILVA,084,293.07,11171.3,854.02,2505.56,./microbial/210615_391_A1_S1.0.2/mmseqs/splits/084/nuc/mmseqs_easy_taxonomy_vs_SILVA.benchmark.txt
updated,1.0.2,mmseqs_bestmatch_db,061,0.9,117.99,0.0,0.35,./microbial/210615_391_A1_S1.0.2/mmseqs/splits/061/mmseqs_bestmatch_db.benchmark.txt
updated,1.0.2,parse_mmseqs_easy_taxonomy_SILVA,061,0.84,38.08,0.0,0.08,./microbial/210615_391_A1_S1.0.2/mmseqs/splits/061/nuc/parse_mmseqs_easy_taxonomy_SILVA.benchmark.txt
updated,1.0.2,mmseqs_easy_taxonomy_vs_SILVA,061,276.52,11181.82,903.31,2499.66,./microbial/210615_391_A1_S1.0.2/mmseqs/splits/061/nuc/mmseqs_easy_taxonomy_vs_SILVA.benchmark.txt
updated,1.0.2,mmseqs_bestmatch_db,040,0.85,166.2,0.0,0.45,./microbial/210615_391_A1_S1.0.2/mmseqs/splits/040/mmseqs_bestmatch_db.benchmark.txt
updated,1.0.2,parse_mmseqs_easy_taxonomy_SILVA,040,0.92,234.45,0.0,0.92,./microbial/210615_391_A1_S1.0.2/mmseqs/splits/040/nuc/parse_mmseqs_easy_taxonomy_SILVA.benchmark.txt
updated,1.0.2,mmseqs_easy_taxonomy_vs_SILVA,040,278.68,11167.39,888.3,2476.93,./microbial/210615_391_A1_S1.0.2/mmseqs/splits/040/nuc/mmseqs_easy_taxonomy_vs_SILVA.benchmark.txt
updated,1.0.2,mmseqs_bestmatch_db,233,0.87,187.35,0.0,0.48,./microbial/210615_391_A1_S1.0.2/mmseqs/splits/233/mmseqs_bestmatch_db.benchmark.txt
updated,1.0.2,parse_mmseqs_easy_taxonomy_SILVA,233,1.53,116.38,7.11,0.46,./microbial/210615_391_A1_S1.0.2/mmseqs/splits/233/nuc/parse_mmseqs_easy_taxonomy_SILVA.benchmark.txt
updated,1.0.2,mmseqs_easy_taxonomy_vs_SILVA,233,360.23,11131.66,865.93,3129.56,./microbial/210615_391_A1_S1.0.2/mmseqs/splits/233/nuc/mmseqs_easy_taxonomy_vs_SILVA.benchmark.txt
updated,1.0.2,mmseqs_bestmatch_db,045,0.64,38.19,0.0,0.09,./microbial/210615_391_A1_S1.0.2/mmseqs/splits/045/mmseqs_bestmatch_db.benchmark.txt
updated,1.0.2,parse_mmseqs_easy_taxonomy_SILVA,045,1.57,214.94,0.59,0.78,./microbial/210615_391_A1_S1.0.2/mmseqs/splits/045/nuc/parse_mmseqs_easy_taxonomy_SILVA.benchmark.txt
updated,1.0.2,mmseqs_easy_taxonomy_vs_SILVA,045,267.88,11176.48,939.9,2519.2,./microbial/210615_391_A1_S1.0.2/mmseqs/splits/045/nuc/mmseqs_easy_taxonomy_vs_SILVA.benchmark.txt
updated,1.0.2,mmseqs_bestmatch_db,047,0.64,36.64,0.0,0.08,./microbial/210615_391_A1_S1.0.2/mmseqs/splits/047/mmseqs_bestmatch_db.benchmark.txt
updated,1.0.2,parse_mmseqs_easy_taxonomy_SILVA,047,0.9,232.53,0.0,0.94,./microbial/210615_391_A1_S1.0.2/mmseqs/splits/047/nuc/parse_mmseqs_easy_taxonomy_SILVA.benchmark.txt
updated,1.0.2,mmseqs_easy_taxonomy_vs_SILVA,047,306.1,11153.13,925.09,2832.5,./microbial/210615_391_A1_S1.0.2/mmseqs/splits/047/nuc/mmseqs_easy_taxonomy_vs_SILVA.benchmark.txt
updated,1.0.2,mmseqs_bestmatch_db,216,0.8,173.74,0.0,0.54,./microbial/210615_391_A1_S1.0.2/mmseqs/splits/216/mmseqs_bestmatch_db.benchmark.txt
updated,1.0.2,parse_mmseqs_easy_taxonomy_SILVA,216,1.01,221.55,0.0,0.8,./microbial/210615_391_A1_S1.0.2/mmseqs/splits/216/nuc/parse_mmseqs_easy_taxonomy_SILVA.benchmark.txt
updated,1.0.2,mmseqs_easy_taxonomy_vs_SILVA,216,308.44,11183.27,902.28,2784.39,./microbial/210615_391_A1_S1.0.2/mmseqs/splits/216/nuc/mmseqs_easy_taxonomy_vs_SILVA.benchmark.txt
updated,1.0.2,mmseqs_bestmatch_db,017,0.8,188.01,0.0,0.5,./microbial/210615_391_A1_S1.0.2/mmseqs/splits/017/mmseqs_bestmatch_db.benchmark.txt
updated,1.0.2,parse_mmseqs_easy_taxonomy_SILVA,017,0.88,218.79,0.0,0.77,./microbial/210615_391_A1_S1.0.2/mmseqs/splits/017/nuc/parse_mmseqs_easy_taxonomy_SILVA.benchmark.txt
updated,1.0.2,mmseqs_easy_taxonomy_vs_SILVA,017,298.33,11135.55,840.17,2532.67,./microbial/210615_391_A1_S1.0.2/mmseqs/splits/017/nuc/mmseqs_easy_taxonomy_vs_SILVA.benchmark.txt
updated,1.0.2,mmseqs_bestmatch_db,226,0.78,169.38,0.0,0.55,./microbial/210615_391_A1_S1.0.2/mmseqs/splits/226/mmseqs_bestmatch_db.benchmark.txt
updated,1.0.2,parse_mmseqs_easy_taxonomy_SILVA,226,1.01,205.48,0.0,0.76,./microbial/210615_391_A1_S1.0.2/mmseqs/splits/226/nuc/parse_mmseqs_easy_taxonomy_SILVA.benchmark.txt
updated,1.0.2,mmseqs_easy_taxonomy_vs_SILVA,226,289.37,11169.01,853.82,2473.62,./microbial/210615_391_A1_S1.0.2/mmseqs/splits/226/nuc/mmseqs_easy_taxonomy_vs_SILVA.benchmark.txt
updated,1.0.2,mmseqs_bestmatch_db,234,0.75,37.33,0.0,0.11,./microbial/210615_391_A1_S1.0.2/mmseqs/splits/234/mmseqs_bestmatch_db.benchmark.txt
updated,1.0.2,parse_mmseqs_easy_taxonomy_SILVA,234,1.64,216.95,2.34,0.98,./microbial/210615_391_A1_S1.0.2/mmseqs/splits/234/nuc/parse_mmseqs_easy_taxonomy_SILVA.benchmark.txt
updated,1.0.2,mmseqs_easy_taxonomy_vs_SILVA,234,290.01,11169.71,861.01,2498.15,./microbial/210615_391_A1_S1.0.2/mmseqs/splits/234/nuc/mmseqs_easy_taxonomy_vs_SILVA.benchmark.txt
updated,1.0.2,mmseqs_bestmatch_db,132,0.71,37.26,0.0,0.09,./microbial/210615_391_A1_S1.0.2/mmseqs/splits/132/mmseqs_bestmatch_db.benchmark.txt
updated,1.0.2,parse_mmseqs_easy_taxonomy_SILVA,132,0.94,203.1,0.0,0.75,./microbial/210615_391_A1_S1.0.2/mmseqs/splits/132/nuc/parse_mmseqs_easy_taxonomy_SILVA.benchmark.txt
updated,1.0.2,mmseqs_easy_taxonomy_vs_SILVA,132,280.98,11202.05,900.33,2531.41,./microbial/210615_391_A1_S1.0.2/mmseqs/splits/132/nuc/mmseqs_easy_taxonomy_vs_SILVA.benchmark.txt
updated,1.0.2,mmseqs_bestmatch_db,168,0.75,183.4,0.0,0.54,./microbial/210615_391_A1_S1.0.2/mmseqs/splits/168/mmseqs_bestmatch_db.benchmark.txt
updated,1.0.2,parse_mmseqs_easy_taxonomy_SILVA,168,0.93,222.73,0.0,0.86,./microbial/210615_391_A1_S1.0.2/mmseqs/splits/168/nuc/parse_mmseqs_easy_taxonomy_SILVA.benchmark.txt
updated,1.0.2,mmseqs_easy_taxonomy_vs_SILVA,168,335.46,11195.03,916.76,3076.44,./microbial/210615_391_A1_S1.0.2/mmseqs/splits/168/nuc/mmseqs_easy_taxonomy_vs_SILVA.benchmark.txt
updated,1.0.2,mmseqs_bestmatch_db,169,1.35,192.64,26.18,0.62,./microbial/210615_391_A1_S1.0.2/mmseqs/splits/169/mmseqs_bestmatch_db.benchmark.txt
updated,1.0.2,parse_mmseqs_easy_taxonomy_SILVA,169,1.31,200.14,0.0,0.8,./microbial/210615_391_A1_S1.0.2/mmseqs/splits/169/nuc/parse_mmseqs_easy_taxonomy_SILVA.benchmark.txt
updated,1.0.2,mmseqs_easy_taxonomy_vs_SILVA,169,316.72,11150.17,885.73,2807.23,./microbial/210615_391_A1_S1.0.2/mmseqs/splits/169/nuc/mmseqs_easy_taxonomy_vs_SILVA.benchmark.txt
updated,1.0.2,mmseqs_bestmatch_db,188,0.7,37.7,0.0,0.1,./microbial/210615_391_A1_S1.0.2/mmseqs/splits/188/mmseqs_bestmatch_db.benchmark.txt
updated,1.0.2,parse_mmseqs_easy_taxonomy_SILVA,188,1.4,175.41,0.0,0.49,./microbial/210615_391_A1_S1.0.2/mmseqs/splits/188/nuc/parse_mmseqs_easy_taxonomy_SILVA.benchmark.txt
updated,1.0.2,mmseqs_easy_taxonomy_vs_SILVA,188,295.0,11181.62,842.66,2503.17,./microbial/210615_391_A1_S1.0.2/mmseqs/splits/188/nuc/mmseqs_easy_taxonomy_vs_SILVA.benchmark.txt
updated,1.0.2,mmseqs_bestmatch_db,210,1.69,168.39,28.3,0.83,./microbial/210615_391_A1_S1.0.2/mmseqs/splits/210/mmseqs_bestmatch_db.benchmark.txt
updated,1.0.2,parse_mmseqs_easy_taxonomy_SILVA,210,1.03,181.13,0.0,0.46,./microbial/210615_391_A1_S1.0.2/mmseqs/splits/210/nuc/parse_mmseqs_easy_taxonomy_SILVA.benchmark.txt
updated,1.0.2,mmseqs_easy_taxonomy_vs_SILVA,210,285.17,11207.38,856.22,2443.18,./microbial/210615_391_A1_S1.0.2/mmseqs/splits/210/nuc/mmseqs_easy_taxonomy_vs_SILVA.benchmark.txt
updated,1.0.2,mmseqs_bestmatch_db,127,0.92,182.09,0.0,0.47,./microbial/210615_391_A1_S1.0.2/mmseqs/splits/127/mmseqs_bestmatch_db.benchmark.txt
updated,1.0.2,parse_mmseqs_easy_taxonomy_SILVA,127,1.0,220.4,0.0,0.94,./microbial/210615_391_A1_S1.0.2/mmseqs/splits/127/nuc/parse_mmseqs_easy_taxonomy_SILVA.benchmark.txt
updated,1.0.2,mmseqs_easy_taxonomy_vs_SILVA,127,316.45,11182.04,870.43,2756.62,./microbial/210615_391_A1_S1.0.2/mmseqs/splits/127/nuc/mmseqs_easy_taxonomy_vs_SILVA.benchmark.txt
updated,1.0.2,mmseqs_bestmatch_db,013,1.8,64.64,7.21,0.23,./microbial/210615_391_A1_S1.0.2/mmseqs/splits/013/mmseqs_bestmatch_db.benchmark.txt
updated,1.0.2,parse_mmseqs_easy_taxonomy_SILVA,013,0.89,222.86,0.0,0.93,./microbial/210615_391_A1_S1.0.2/mmseqs/splits/013/nuc/parse_mmseqs_easy_taxonomy_SILVA.benchmark.txt
updated,1.0.2,mmseqs_easy_taxonomy_vs_SILVA,013,294.0,11131.95,863.87,2542.6,./microbial/210615_391_A1_S1.0.2/mmseqs/splits/013/nuc/mmseqs_easy_taxonomy_vs_SILVA.benchmark.txt
updated,1.0.2,mmseqs_bestmatch_db,186,1.13,99.8,0.0,0.31,./microbial/210615_391_A1_S1.0.2/mmseqs/splits/186/mmseqs_bestmatch_db.benchmark.txt
updated,1.0.2,parse_mmseqs_easy_taxonomy_SILVA,186,0.98,227.09,0.0,0.94,./microbial/210615_391_A1_S1.0.2/mmseqs/splits/186/nuc/parse_mmseqs_easy_taxonomy_SILVA.benchmark.txt
updated,1.0.2,mmseqs_easy_taxonomy_vs_SILVA,186,293.12,11197.5,858.21,2518.46,./microbial/210615_391_A1_S1.0.2/mmseqs/splits/186/nuc/mmseqs_easy_taxonomy_vs_SILVA.benchmark.txt
updated,1.0.2,mmseqs_bestmatch_db,092,1.52,183.69,22.02,0.6,./microbial/210615_391_A1_S1.0.2/mmseqs/splits/092/mmseqs_bestmatch_db.benchmark.txt
updated,1.0.2,parse_mmseqs_easy_taxonomy_SILVA,092,0.9,229.78,0.0,0.95,./microbial/210615_391_A1_S1.0.2/mmseqs/splits/092/nuc/parse_mmseqs_easy_taxonomy_SILVA.benchmark.txt
updated,1.0.2,mmseqs_easy_taxonomy_vs_SILVA,092,284.15,11138.67,890.12,2530.24,./microbial/210615_391_A1_S1.0.2/mmseqs/splits/092/nuc/mmseqs_easy_taxonomy_vs_SILVA.benchmark.txt
updated,1.0.2,mmseqs_bestmatch_db,189,0.83,188.86,0.0,0.6,./microbial/210615_391_A1_S1.0.2/mmseqs/splits/189/mmseqs_bestmatch_db.benchmark.txt
updated,1.0.2,parse_mmseqs_easy_taxonomy_SILVA,189,0.93,224.4,0.0,0.93,./microbial/210615_391_A1_S1.0.2/mmseqs/splits/189/nuc/parse_mmseqs_easy_taxonomy_SILVA.benchmark.txt
updated,1.0.2,mmseqs_easy_taxonomy_vs_SILVA,189,275.42,11143.73,910.88,2509.12,./microbial/210615_391_A1_S1.0.2/mmseqs/splits/189/nuc/mmseqs_easy_taxonomy_vs_SILVA.benchmark.txt
updated,1.0.2,mmseqs_bestmatch_db,199,0.71,40.04,0.0,0.11,./microbial/210615_391_A1_S1.0.2/mmseqs/splits/199/mmseqs_bestmatch_db.benchmark.txt
updated,1.0.2,parse_mmseqs_easy_taxonomy_SILVA,199,1.13,193.55,0.0,0.8,./microbial/210615_391_A1_S1.0.2/mmseqs/splits/199/nuc/parse_mmseqs_easy_taxonomy_SILVA.benchmark.txt
updated,1.0.2,mmseqs_easy_taxonomy_vs_SILVA,199,266.59,11138.58,834.27,2228.41,./microbial/210615_391_A1_S1.0.2/mmseqs/splits/199/nuc/mmseqs_easy_taxonomy_vs_SILVA.benchmark.txt
updated,1.0.2,mmseqs_bestmatch_db,207,0.8,177.43,0.0,0.65,./microbial/210615_391_A1_S1.0.2/mmseqs/splits/207/mmseqs_bestmatch_db.benchmark.txt
updated,1.0.2,parse_mmseqs_easy_taxonomy_SILVA,207,0.87,231.14,0.0,0.96,./microbial/210615_391_A1_S1.0.2/mmseqs/splits/207/nuc/parse_mmseqs_easy_taxonomy_SILVA.benchmark.txt
updated,1.0.2,mmseqs_easy_taxonomy_vs_SILVA,207,351.01,11169.25,784.13,2753.34,./microbial/210615_391_A1_S1.0.2/mmseqs/splits/207/nuc/mmseqs_easy_taxonomy_vs_SILVA.benchmark.txt
updated,1.0.2,mmseqs_bestmatch_db,079,0.75,183.2,0.0,0.57,./microbial/210615_391_A1_S1.0.2/mmseqs/splits/079/mmseqs_bestmatch_db.benchmark.txt
updated,1.0.2,parse_mmseqs_easy_taxonomy_SILVA,079,0.87,219.45,0.0,0.88,./microbial/210615_391_A1_S1.0.2/mmseqs/splits/079/nuc/parse_mmseqs_easy_taxonomy_SILVA.benchmark.txt
updated,1.0.2,mmseqs_easy_taxonomy_vs_SILVA,079,306.74,11142.94,912.89,2801.7,./microbial/210615_391_A1_S1.0.2/mmseqs/splits/079/nuc/mmseqs_easy_taxonomy_vs_SILVA.benchmark.txt
updated,1.0.2,mmseqs_bestmatch_db,026,0.72,38.17,0.0,0.09,./microbial/210615_391_A1_S1.0.2/mmseqs/splits/026/mmseqs_bestmatch_db.benchmark.txt
updated,1.0.2,parse_mmseqs_easy_taxonomy_SILVA,026,1.03,191.54,0.0,0.58,./microbial/210615_391_A1_S1.0.2/mmseqs/splits/026/nuc/parse_mmseqs_easy_taxonomy_SILVA.benchmark.txt
updated,1.0.2,mmseqs_easy_taxonomy_vs_SILVA,026,264.65,11180.66,838.48,2233.24,./microbial/210615_391_A1_S1.0.2/mmseqs/splits/026/nuc/mmseqs_easy_taxonomy_vs_SILVA.benchmark.txt
updated,1.0.2,mmseqs_bestmatch_db,161,0.95,182.11,0.0,0.46,./microbial/210615_391_A1_S1.0.2/mmseqs/splits/161/mmseqs_bestmatch_db.benchmark.txt
updated,1.0.2,parse_mmseqs_easy_taxonomy_SILVA,161,0.87,233.04,0.0,0.94,./microbial/210615_391_A1_S1.0.2/mmseqs/splits/161/nuc/parse_mmseqs_easy_taxonomy_SILVA.benchmark.txt
updated,1.0.2,mmseqs_easy_taxonomy_vs_SILVA,161,325.95,11129.06,844.97,2756.15,./microbial/210615_391_A1_S1.0.2/mmseqs/splits/161/nuc/mmseqs_easy_taxonomy_vs_SILVA.benchmark.txt
updated,1.0.2,mmseqs_bestmatch_db,213,0.84,184.75,0.0,0.58,./microbial/210615_391_A1_S1.0.2/mmseqs/splits/213/mmseqs_bestmatch_db.benchmark.txt
updated,1.0.2,parse_mmseqs_easy_taxonomy_SILVA,213,2.58,181.69,21.19,1.08,./microbial/210615_391_A1_S1.0.2/mmseqs/splits/213/nuc/parse_mmseqs_easy_taxonomy_SILVA.benchmark.txt
updated,1.0.2,mmseqs_easy_taxonomy_vs_SILVA,213,299.54,11139.35,847.81,2540.44,./microbial/210615_391_A1_S1.0.2/mmseqs/splits/213/nuc/mmseqs_easy_taxonomy_vs_SILVA.benchmark.txt
updated,1.0.2,mmseqs_bestmatch_db,055,0.86,163.34,0.0,0.38,./microbial/210615_391_A1_S1.0.2/mmseqs/splits/055/mmseqs_bestmatch_db.benchmark.txt
updated,1.0.2,parse_mmseqs_easy_taxonomy_SILVA,055,0.9,219.48,0.0,0.84,./microbial/210615_391_A1_S1.0.2/mmseqs/splits/055/nuc/parse_mmseqs_easy_taxonomy_SILVA.benchmark.txt
updated,1.0.2,mmseqs_easy_taxonomy_vs_SILVA,055,299.64,11143.7,834.44,2510.59,./microbial/210615_391_A1_S1.0.2/mmseqs/splits/055/nuc/mmseqs_easy_taxonomy_vs_SILVA.benchmark.txt
updated,1.0.2,mmseqs_bestmatch_db,240,0.77,183.69,0.0,0.53,./microbial/210615_391_A1_S1.0.2/mmseqs/splits/240/mmseqs_bestmatch_db.benchmark.txt
updated,1.0.2,parse_mmseqs_easy_taxonomy_SILVA,240,1.44,180.42,0.0,0.92,./microbial/210615_391_A1_S1.0.2/mmseqs/splits/240/nuc/parse_mmseqs_easy_taxonomy_SILVA.benchmark.txt
updated,1.0.2,mmseqs_easy_taxonomy_vs_SILVA,240,332.13,11120.32,855.71,2844.61,./microbial/210615_391_A1_S1.0.2/mmseqs/splits/240/nuc/mmseqs_easy_taxonomy_vs_SILVA.benchmark.txt
updated,1.0.2,mmseqs_bestmatch_db,121,0.84,189.41,0.0,0.77,./microbial/210615_391_A1_S1.0.2/mmseqs/splits/121/mmseqs_bestmatch_db.benchmark.txt
updated,1.0.2,parse_mmseqs_easy_taxonomy_SILVA,121,1.21,191.05,0.0,0.78,./microbial/210615_391_A1_S1.0.2/mmseqs/splits/121/nuc/parse_mmseqs_easy_taxonomy_SILVA.benchmark.txt
updated,1.0.2,mmseqs_easy_taxonomy_vs_SILVA,121,314.14,11175.16,893.2,2807.41,./microbial/210615_391_A1_S1.0.2/mmseqs/splits/121/nuc/mmseqs_easy_taxonomy_vs_SILVA.benchmark.txt
updated,1.0.2,mmseqs_bestmatch_db,058,1.85,84.45,7.14,0.34,./microbial/210615_391_A1_S1.0.2/mmseqs/splits/058/mmseqs_bestmatch_db.benchmark.txt
updated,1.0.2,parse_mmseqs_easy_taxonomy_SILVA,058,1.04,226.33,0.0,1.05,./microbial/210615_391_A1_S1.0.2/mmseqs/splits/058/nuc/parse_mmseqs_easy_taxonomy_SILVA.benchmark.txt
updated,1.0.2,mmseqs_easy_taxonomy_vs_SILVA,058,266.85,11193.43,937.33,2501.93,./microbial/210615_391_A1_S1.0.2/mmseqs/splits/058/nuc/mmseqs_easy_taxonomy_vs_SILVA.benchmark.txt
updated,1.0.2,mmseqs_bestmatch_db,049,0.61,36.87,0.0,0.09,./microbial/210615_391_A1_S1.0.2/mmseqs/splits/049/mmseqs_bestmatch_db.benchmark.txt
updated,1.0.2,parse_mmseqs_easy_taxonomy_SILVA,049,0.95,229.55,0.0,0.96,./microbial/210615_391_A1_S1.0.2/mmseqs/splits/049/nuc/parse_mmseqs_easy_taxonomy_SILVA.benchmark.txt
updated,1.0.2,mmseqs_easy_taxonomy_vs_SILVA,049,269.5,11173.99,936.03,2523.33,./microbial/210615_391_A1_S1.0.2/mmseqs/splits/049/nuc/mmseqs_easy_taxonomy_vs_SILVA.benchmark.txt
updated,1.0.2,mmseqs_bestmatch_db,157,0.73,186.52,0.0,0.58,./microbial/210615_391_A1_S1.0.2/mmseqs/splits/157/mmseqs_bestmatch_db.benchmark.txt
updated,1.0.2,parse_mmseqs_easy_taxonomy_SILVA,157,1.14,95.31,0.0,0.22,./microbial/210615_391_A1_S1.0.2/mmseqs/splits/157/nuc/parse_mmseqs_easy_taxonomy_SILVA.benchmark.txt
updated,1.0.2,mmseqs_easy_taxonomy_vs_SILVA,157,291.27,11161.4,808.7,2355.84,./microbial/210615_391_A1_S1.0.2/mmseqs/splits/157/nuc/mmseqs_easy_taxonomy_vs_SILVA.benchmark.txt
updated,1.0.2,mmseqs_bestmatch_db,016,1.02,121.71,0.0,0.41,./microbial/210615_391_A1_S1.0.2/mmseqs/splits/016/mmseqs_bestmatch_db.benchmark.txt
updated,1.0.2,parse_mmseqs_easy_taxonomy_SILVA,016,1.02,212.34,0.0,0.9,./microbial/210615_391_A1_S1.0.2/mmseqs/splits/016/nuc/parse_mmseqs_easy_taxonomy_SILVA.benchmark.txt
updated,1.0.2,mmseqs_easy_taxonomy_vs_SILVA,016,290.93,11184.96,864.45,2517.31,./microbial/210615_391_A1_S1.0.2/mmseqs/splits/016/nuc/mmseqs_easy_taxonomy_vs_SILVA.benchmark.txt
updated,1.0.2,mmseqs_bestmatch_db,062,0.68,37.49,0.0,0.09,./microbial/210615_391_A1_S1.0.2/mmseqs/splits/062/mmseqs_bestmatch_db.benchmark.txt
updated,1.0.2,parse_mmseqs_easy_taxonomy_SILVA,062,0.95,227.67,0.0,0.87,./microbial/210615_391_A1_S1.0.2/mmseqs/splits/062/nuc/parse_mmseqs_easy_taxonomy_SILVA.benchmark.txt
updated,1.0.2,mmseqs_easy_taxonomy_vs_SILVA,062,324.35,11157.01,873.31,2834.73,./microbial/210615_391_A1_S1.0.2/mmseqs/splits/062/nuc/mmseqs_easy_taxonomy_vs_SILVA.benchmark.txt
updated,1.0.2,mmseqs_bestmatch_db,032,0.78,178.57,0.0,0.52,./microbial/210615_391_A1_S1.0.2/mmseqs/splits/032/mmseqs_bestmatch_db.benchmark.txt
updated,1.0.2,parse_mmseqs_easy_taxonomy_SILVA,032,1.05,205.1,0.0,0.75,./microbial/210615_391_A1_S1.0.2/mmseqs/splits/032/nuc/parse_mmseqs_easy_taxonomy_SILVA.benchmark.txt
updated,1.0.2,mmseqs_easy_taxonomy_vs_SILVA,032,344.42,11140.07,909.74,3134.88,./microbial/210615_391_A1_S1.0.2/mmseqs/splits/032/nuc/mmseqs_easy_taxonomy_vs_SILVA.benchmark.txt
updated,1.0.2,mmseqs_bestmatch_db,249,0.67,36.83,0.0,0.09,./microbial/210615_391_A1_S1.0.2/mmseqs/splits/249/mmseqs_bestmatch_db.benchmark.txt
updated,1.0.2,parse_mmseqs_easy_taxonomy_SILVA,249,0.87,231.8,0.0,0.96,./microbial/210615_391_A1_S1.0.2/mmseqs/splits/249/nuc/parse_mmseqs_easy_taxonomy_SILVA.benchmark.txt
updated,1.0.2,mmseqs_easy_taxonomy_vs_SILVA,249,301.28,11176.79,924.91,2788.49,./microbial/210615_391_A1_S1.0.2/mmseqs/splits/249/nuc/mmseqs_easy_taxonomy_vs_SILVA.benchmark.txt
updated,1.0.2,mmseqs_bestmatch_db,003,0.75,212.13,0.0,0.71,./microbial/210615_391_A1_S1.0.2/mmseqs/splits/003/mmseqs_bestmatch_db.benchmark.txt
updated,1.0.2,parse_mmseqs_easy_taxonomy_SILVA,003,0.92,220.24,0.0,1.02,./microbial/210615_391_A1_S1.0.2/mmseqs/splits/003/nuc/parse_mmseqs_easy_taxonomy_SILVA.benchmark.txt
updated,1.0.2,mmseqs_easy_taxonomy_vs_SILVA,003,335.52,11177.93,920.38,3089.29,./microbial/210615_391_A1_S1.0.2/mmseqs/splits/003/nuc/mmseqs_easy_taxonomy_vs_SILVA.benchmark.txt
updated,1.0.2,mmseqs_bestmatch_db,020,0.69,37.09,0.0,0.1,./microbial/210615_391_A1_S1.0.2/mmseqs/splits/020/mmseqs_bestmatch_db.benchmark.txt
updated,1.0.2,parse_mmseqs_easy_taxonomy_SILVA,020,0.96,212.77,0.0,0.83,./microbial/210615_391_A1_S1.0.2/mmseqs/splits/020/nuc/parse_mmseqs_easy_taxonomy_SILVA.benchmark.txt
updated,1.0.2,mmseqs_easy_taxonomy_vs_SILVA,020,369.13,11163.02,892.57,3290.08,./microbial/210615_391_A1_S1.0.2/mmseqs/splits/020/nuc/mmseqs_easy_taxonomy_vs_SILVA.benchmark.txt
updated,1.0.2,mmseqs_bestmatch_db,173,0.61,37.8,0.0,0.09,./microbial/210615_391_A1_S1.0.2/mmseqs/splits/173/mmseqs_bestmatch_db.benchmark.txt
updated,1.0.2,parse_mmseqs_easy_taxonomy_SILVA,173,1.0,200.67,0.0,0.71,./microbial/210615_391_A1_S1.0.2/mmseqs/splits/173/nuc/parse_mmseqs_easy_taxonomy_SILVA.benchmark.txt
updated,1.0.2,mmseqs_easy_taxonomy_vs_SILVA,173,315.88,11155.82,885.91,2799.38,./microbial/210615_391_A1_S1.0.2/mmseqs/splits/173/nuc/mmseqs_easy_taxonomy_vs_SILVA.benchmark.txt
updated,1.0.2,mmseqs_bestmatch_db,222,0.84,188.62,0.0,0.59,./microbial/210615_391_A1_S1.0.2/mmseqs/splits/222/mmseqs_bestmatch_db.benchmark.txt
updated,1.0.2,parse_mmseqs_easy_taxonomy_SILVA,222,1.27,194.09,0.0,1.04,./microbial/210615_391_A1_S1.0.2/mmseqs/splits/222/nuc/parse_mmseqs_easy_taxonomy_SILVA.benchmark.txt
updated,1.0.2,mmseqs_easy_taxonomy_vs_SILVA,222,293.41,11133.54,862.21,2530.39,./microbial/210615_391_A1_S1.0.2/mmseqs/splits/222/nuc/mmseqs_easy_taxonomy_vs_SILVA.benchmark.txt
updated,1.0.2,mmseqs_bestmatch_db,227,0.83,170.55,0.0,0.57,./microbial/210615_391_A1_S1.0.2/mmseqs/splits/227/mmseqs_bestmatch_db.benchmark.txt
updated,1.0.2,parse_mmseqs_easy_taxonomy_SILVA,227,0.92,226.68,0.0,0.93,./microbial/210615_391_A1_S1.0.2/mmseqs/splits/227/nuc/parse_mmseqs_easy_taxonomy_SILVA.benchmark.txt
updated,1.0.2,mmseqs_easy_taxonomy_vs_SILVA,227,275.58,11177.0,904.12,2492.39,./microbial/210615_391_A1_S1.0.2/mmseqs/splits/227/nuc/mmseqs_easy_taxonomy_vs_SILVA.benchmark.txt
updated,1.0.2,mmseqs_bestmatch_db,180,0.64,39.11,0.0,0.1,./microbial/210615_391_A1_S1.0.2/mmseqs/splits/180/mmseqs_bestmatch_db.benchmark.txt
updated,1.0.2,parse_mmseqs_easy_taxonomy_SILVA,180,2.54,201.1,7.39,0.76,./microbial/210615_391_A1_S1.0.2/mmseqs/splits/180/nuc/parse_mmseqs_easy_taxonomy_SILVA.benchmark.txt
updated,1.0.2,mmseqs_easy_taxonomy_vs_SILVA,180,324.43,11169.52,875.81,2844.98,./microbial/210615_391_A1_S1.0.2/mmseqs/splits/180/nuc/mmseqs_easy_taxonomy_vs_SILVA.benchmark.txt
updated,1.0.2,mmseqs_bestmatch_db,035,0.78,180.14,0.0,0.51,./microbial/210615_391_A1_S1.0.2/mmseqs/splits/035/mmseqs_bestmatch_db.benchmark.txt
updated,1.0.2,parse_mmseqs_easy_taxonomy_SILVA,035,0.97,224.19,0.0,0.9,./microbial/210615_391_A1_S1.0.2/mmseqs/splits/035/nuc/parse_mmseqs_easy_taxonomy_SILVA.benchmark.txt
updated,1.0.2,mmseqs_easy_taxonomy_vs_SILVA,035,345.05,11129.34,909.85,3141.12,./microbial/210615_391_A1_S1.0.2/mmseqs/splits/035/nuc/mmseqs_easy_taxonomy_vs_SILVA.benchmark.txt
updated,1.0.2,mmseqs_bestmatch_db,057,0.83,177.62,0.0,0.58,./microbial/210615_391_A1_S1.0.2/mmseqs/splits/057/mmseqs_bestmatch_db.benchmark.txt
updated,1.0.2,parse_mmseqs_easy_taxonomy_SILVA,057,0.87,231.03,0.0,0.95,./microbial/210615_391_A1_S1.0.2/mmseqs/splits/057/nuc/parse_mmseqs_easy_taxonomy_SILVA.benchmark.txt
updated,1.0.2,mmseqs_easy_taxonomy_vs_SILVA,057,254.84,11180.5,869.43,2218.1,./microbial/210615_391_A1_S1.0.2/mmseqs/splits/057/nuc/mmseqs_easy_taxonomy_vs_SILVA.benchmark.txt
updated,1.0.2,mmseqs_bestmatch_db,029,0.78,178.01,0.0,0.51,./microbial/210615_391_A1_S1.0.2/mmseqs/splits/029/mmseqs_bestmatch_db.benchmark.txt
updated,1.0.2,parse_mmseqs_easy_taxonomy_SILVA,029,0.93,217.91,0.0,0.82,./microbial/210615_391_A1_S1.0.2/mmseqs/splits/029/nuc/parse_mmseqs_easy_taxonomy_SILVA.benchmark.txt
updated,1.0.2,mmseqs_easy_taxonomy_vs_SILVA,029,272.5,11180.51,925.34,2522.57,./microbial/210615_391_A1_S1.0.2/mmseqs/splits/029/nuc/mmseqs_easy_taxonomy_vs_SILVA.benchmark.txt
updated,1.0.2,mmseqs_bestmatch_db,202,1.89,173.24,19.04,0.57,./microbial/210615_391_A1_S1.0.2/mmseqs/splits/202/mmseqs_bestmatch_db.benchmark.txt
updated,1.0.2,parse_mmseqs_easy_taxonomy_SILVA,202,0.9,233.62,0.0,0.97,./microbial/210615_391_A1_S1.0.2/mmseqs/splits/202/nuc/parse_mmseqs_easy_taxonomy_SILVA.benchmark.txt
updated,1.0.2,mmseqs_easy_taxonomy_vs_SILVA,202,349.43,11130.79,822.05,2873.49,./microbial/210615_391_A1_S1.0.2/mmseqs/splits/202/nuc/mmseqs_easy_taxonomy_vs_SILVA.benchmark.txt
updated,1.0.2,mmseqs_bestmatch_db,119,0.69,37.27,0.0,0.09,./microbial/210615_391_A1_S1.0.2/mmseqs/splits/119/mmseqs_bestmatch_db.benchmark.txt
updated,1.0.2,parse_mmseqs_easy_taxonomy_SILVA,119,0.94,226.95,0.0,0.91,./microbial/210615_391_A1_S1.0.2/mmseqs/splits/119/nuc/parse_mmseqs_easy_taxonomy_SILVA.benchmark.txt
updated,1.0.2,mmseqs_easy_taxonomy_vs_SILVA,119,292.74,11186.83,854.54,2502.9,./microbial/210615_391_A1_S1.0.2/mmseqs/splits/119/nuc/mmseqs_easy_taxonomy_vs_SILVA.benchmark.txt
updated,1.0.2,mmseqs_bestmatch_db,044,0.68,37.15,0.0,0.08,./microbial/210615_391_A1_S1.0.2/mmseqs/splits/044/mmseqs_bestmatch_db.benchmark.txt
updated,1.0.2,parse_mmseqs_easy_taxonomy_SILVA,044,1.74,167.06,6.26,0.45,./microbial/210615_391_A1_S1.0.2/mmseqs/splits/044/nuc/parse_mmseqs_easy_taxonomy_SILVA.benchmark.txt
updated,1.0.2,mmseqs_easy_taxonomy_vs_SILVA,044,316.35,11189.83,884.71,2799.91,./microbial/210615_391_A1_S1.0.2/mmseqs/splits/044/nuc/mmseqs_easy_taxonomy_vs_SILVA.benchmark.txt
updated,1.0.2,mmseqs_bestmatch_db,232,0.75,173.22,0.0,0.57,./microbial/210615_391_A1_S1.0.2/mmseqs/splits/232/mmseqs_bestmatch_db.benchmark.txt
updated,1.0.2,parse_mmseqs_easy_taxonomy_SILVA,232,0.92,231.33,0.0,1.05,./microbial/210615_391_A1_S1.0.2/mmseqs/splits/232/nuc/parse_mmseqs_easy_taxonomy_SILVA.benchmark.txt
updated,1.0.2,mmseqs_easy_taxonomy_vs_SILVA,232,344.08,11155.62,905.13,3115.41,./microbial/210615_391_A1_S1.0.2/mmseqs/splits/232/nuc/mmseqs_easy_taxonomy_vs_SILVA.benchmark.txt
updated,1.0.2,mmseqs_bestmatch_db,135,0.88,166.84,0.0,0.42,./microbial/210615_391_A1_S1.0.2/mmseqs/splits/135/mmseqs_bestmatch_db.benchmark.txt
updated,1.0.2,parse_mmseqs_easy_taxonomy_SILVA,135,0.94,226.36,0.0,0.99,./microbial/210615_391_A1_S1.0.2/mmseqs/splits/135/nuc/parse_mmseqs_easy_taxonomy_SILVA.benchmark.txt
updated,1.0.2,mmseqs_easy_taxonomy_vs_SILVA,135,333.35,11156.9,847.8,2835.66,./microbial/210615_391_A1_S1.0.2/mmseqs/splits/135/nuc/mmseqs_easy_taxonomy_vs_SILVA.benchmark.txt
updated,1.0.2,mmseqs_bestmatch_db,155,0.72,175.12,0.0,0.6,./microbial/210615_391_A1_S1.0.2/mmseqs/splits/155/mmseqs_bestmatch_db.benchmark.txt
updated,1.0.2,parse_mmseqs_easy_taxonomy_SILVA,155,1.05,208.52,0.0,0.96,./microbial/210615_391_A1_S1.0.2/mmseqs/splits/155/nuc/parse_mmseqs_easy_taxonomy_SILVA.benchmark.txt
updated,1.0.2,mmseqs_easy_taxonomy_vs_SILVA,155,316.04,11209.85,883.44,2794.15,./microbial/210615_391_A1_S1.0.2/mmseqs/splits/155/nuc/mmseqs_easy_taxonomy_vs_SILVA.benchmark.txt
updated,1.0.2,mmseqs_bestmatch_db,184,1.2,114.38,0.0,0.4,./microbial/210615_391_A1_S1.0.2/mmseqs/splits/184/mmseqs_bestmatch_db.benchmark.txt
updated,1.0.2,parse_mmseqs_easy_taxonomy_SILVA,184,1.07,201.32,0.0,0.87,./microbial/210615_391_A1_S1.0.2/mmseqs/splits/184/nuc/parse_mmseqs_easy_taxonomy_SILVA.benchmark.txt
updated,1.0.2,mmseqs_easy_taxonomy_vs_SILVA,184,340.64,11132.54,916.56,3123.49,./microbial/210615_391_A1_S1.0.2/mmseqs/splits/184/nuc/mmseqs_easy_taxonomy_vs_SILVA.benchmark.txt
updated,1.0.2,mmseqs_bestmatch_db,159,0.87,169.12,0.0,0.56,./microbial/210615_391_A1_S1.0.2/mmseqs/splits/159/mmseqs_bestmatch_db.benchmark.txt
updated,1.0.2,parse_mmseqs_easy_taxonomy_SILVA,159,1.38,191.94,0.0,0.76,./microbial/210615_391_A1_S1.0.2/mmseqs/splits/159/nuc/parse_mmseqs_easy_taxonomy_SILVA.benchmark.txt
updated,1.0.2,mmseqs_easy_taxonomy_vs_SILVA,159,348.03,11135.61,906.11,3154.39,./microbial/210615_391_A1_S1.0.2/mmseqs/splits/159/nuc/mmseqs_easy_taxonomy_vs_SILVA.benchmark.txt
updated,1.0.2,mmseqs_bestmatch_db,086,0.85,177.52,0.0,0.54,./microbial/210615_391_A1_S1.0.2/mmseqs/splits/086/mmseqs_bestmatch_db.benchmark.txt
updated,1.0.2,parse_mmseqs_easy_taxonomy_SILVA,086,0.96,218.53,0.0,0.87,./microbial/210615_391_A1_S1.0.2/mmseqs/splits/086/nuc/parse_mmseqs_easy_taxonomy_SILVA.benchmark.txt
updated,1.0.2,mmseqs_easy_taxonomy_vs_SILVA,086,327.99,11175.57,843.99,2768.97,./microbial/210615_391_A1_S1.0.2/mmseqs/splits/086/nuc/mmseqs_easy_taxonomy_vs_SILVA.benchmark.txt
updated,1.0.2,mmseqs_bestmatch_db,101,0.8,175.05,0.0,0.62,./microbial/210615_391_A1_S1.0.2/mmseqs/splits/101/mmseqs_bestmatch_db.benchmark.txt
updated,1.0.2,parse_mmseqs_easy_taxonomy_SILVA,101,0.9,222.77,0.0,0.79,./microbial/210615_391_A1_S1.0.2/mmseqs/splits/101/nuc/parse_mmseqs_easy_taxonomy_SILVA.benchmark.txt
updated,1.0.2,mmseqs_easy_taxonomy_vs_SILVA,101,321.38,11175.1,878.18,2824.43,./microbial/210615_391_A1_S1.0.2/mmseqs/splits/101/nuc/mmseqs_easy_taxonomy_vs_SILVA.benchmark.txt
updated,1.0.2,mmseqs_bestmatch_db,211,0.71,39.09,0.0,0.09,./microbial/210615_391_A1_S1.0.2/mmseqs/splits/211/mmseqs_bestmatch_db.benchmark.txt
updated,1.0.2,parse_mmseqs_easy_taxonomy_SILVA,211,0.96,209.39,0.0,0.79,./microbial/210615_391_A1_S1.0.2/mmseqs/splits/211/nuc/parse_mmseqs_easy_taxonomy_SILVA.benchmark.txt
updated,1.0.2,mmseqs_easy_taxonomy_vs_SILVA,211,343.04,11136.11,912.58,3132.35,./microbial/210615_391_A1_S1.0.2/mmseqs/splits/211/nuc/mmseqs_easy_taxonomy_vs_SILVA.benchmark.txt
updated,1.0.2,mmseqs_bestmatch_db,217,0.82,186.45,0.0,0.44,./microbial/210615_391_A1_S1.0.2/mmseqs/splits/217/mmseqs_bestmatch_db.benchmark.txt
updated,1.0.2,parse_mmseqs_easy_taxonomy_SILVA,217,1.01,194.95,0.0,0.62,./microbial/210615_391_A1_S1.0.2/mmseqs/splits/217/nuc/parse_mmseqs_easy_taxonomy_SILVA.benchmark.txt
updated,1.0.2,mmseqs_easy_taxonomy_vs_SILVA,217,273.15,11181.22,919.42,2512.53,./microbial/210615_391_A1_S1.0.2/mmseqs/splits/217/nuc/mmseqs_easy_taxonomy_vs_SILVA.benchmark.txt
updated,1.0.2,mmseqs_bestmatch_db,225,0.67,39.19,0.0,0.09,./microbial/210615_391_A1_S1.0.2/mmseqs/splits/225/mmseqs_bestmatch_db.benchmark.txt
updated,1.0.2,parse_mmseqs_easy_taxonomy_SILVA,225,0.85,233.32,0.0,0.89,./microbial/210615_391_A1_S1.0.2/mmseqs/splits/225/nuc/parse_mmseqs_easy_taxonomy_SILVA.benchmark.txt
updated,1.0.2,mmseqs_easy_taxonomy_vs_SILVA,225,288.29,11175.63,851.53,2455.31,./microbial/210615_391_A1_S1.0.2/mmseqs/splits/225/nuc/mmseqs_easy_taxonomy_vs_SILVA.benchmark.txt
updated,1.0.2,mmseqs_bestmatch_db,019,0.63,37.61,0.0,0.09,./microbial/210615_391_A1_S1.0.2/mmseqs/splits/019/mmseqs_bestmatch_db.benchmark.txt
updated,1.0.2,parse_mmseqs_easy_taxonomy_SILVA,019,1.0,229.5,0.0,0.97,./microbial/210615_391_A1_S1.0.2/mmseqs/splits/019/nuc/parse_mmseqs_easy_taxonomy_SILVA.benchmark.txt
updated,1.0.2,mmseqs_easy_taxonomy_vs_SILVA,019,339.04,11166.16,914.69,3102.93,./microbial/210615_391_A1_S1.0.2/mmseqs/splits/019/nuc/mmseqs_easy_taxonomy_vs_SILVA.benchmark.txt
updated,1.0.2,mmseqs_bestmatch_db,123,0.89,171.09,0.0,0.59,./microbial/210615_391_A1_S1.0.2/mmseqs/splits/123/mmseqs_bestmatch_db.benchmark.txt
updated,1.0.2,parse_mmseqs_easy_taxonomy_SILVA,123,2.43,133.96,15.78,0.52,./microbial/210615_391_A1_S1.0.2/mmseqs/splits/123/nuc/parse_mmseqs_easy_taxonomy_SILVA.benchmark.txt
updated,1.0.2,mmseqs_easy_taxonomy_vs_SILVA,123,324.04,11174.69,865.19,2807.0,./microbial/210615_391_A1_S1.0.2/mmseqs/splits/123/nuc/mmseqs_easy_taxonomy_vs_SILVA.benchmark.txt
updated,1.0.2,mmseqs_bestmatch_db,052,0.71,37.73,0.0,0.09,./microbial/210615_391_A1_S1.0.2/mmseqs/splits/052/mmseqs_bestmatch_db.benchmark.txt
updated,1.0.2,parse_mmseqs_easy_taxonomy_SILVA,052,1.45,231.02,6.15,1.12,./microbial/210615_391_A1_S1.0.2/mmseqs/splits/052/nuc/parse_mmseqs_easy_taxonomy_SILVA.benchmark.txt
updated,1.0.2,mmseqs_easy_taxonomy_vs_SILVA,052,272.33,11168.45,922.27,2512.83,./microbial/210615_391_A1_S1.0.2/mmseqs/splits/052/nuc/mmseqs_easy_taxonomy_vs_SILVA.benchmark.txt
updated,1.0.2,mmseqs_bestmatch_db,203,1.85,170.93,17.05,0.62,./microbial/210615_391_A1_S1.0.2/mmseqs/splits/203/mmseqs_bestmatch_db.benchmark.txt
updated,1.0.2,parse_mmseqs_easy_taxonomy_SILVA,203,0.96,221.96,0.0,0.79,./microbial/210615_391_A1_S1.0.2/mmseqs/splits/203/nuc/parse_mmseqs_easy_taxonomy_SILVA.benchmark.txt
updated,1.0.2,mmseqs_easy_taxonomy_vs_SILVA,203,267.8,11162.4,819.61,2200.09,./microbial/210615_391_A1_S1.0.2/mmseqs/splits/203/nuc/mmseqs_easy_taxonomy_vs_SILVA.benchmark.txt
updated,1.0.2,mmseqs_bestmatch_db,106,0.83,183.36,0.0,0.45,./microbial/210615_391_A1_S1.0.2/mmseqs/splits/106/mmseqs_bestmatch_db.benchmark.txt
updated,1.0.2,parse_mmseqs_easy_taxonomy_SILVA,106,0.86,113.87,0.0,0.35,./microbial/210615_391_A1_S1.0.2/mmseqs/splits/106/nuc/parse_mmseqs_easy_taxonomy_SILVA.benchmark.txt
updated,1.0.2,mmseqs_easy_taxonomy_vs_SILVA,106,276.04,11178.53,912.82,2521.14,./microbial/210615_391_A1_S1.0.2/mmseqs/splits/106/nuc/mmseqs_easy_taxonomy_vs_SILVA.benchmark.txt
updated,1.0.2,mmseqs_bestmatch_db,200,0.63,37.32,0.0,0.09,./microbial/210615_391_A1_S1.0.2/mmseqs/splits/200/mmseqs_bestmatch_db.benchmark.txt
updated,1.0.2,parse_mmseqs_easy_taxonomy_SILVA,200,0.94,214.77,0.0,0.82,./microbial/210615_391_A1_S1.0.2/mmseqs/splits/200/nuc/parse_mmseqs_easy_taxonomy_SILVA.benchmark.txt
updated,1.0.2,mmseqs_easy_taxonomy_vs_SILVA,200,270.3,11159.22,931.88,2520.23,./microbial/210615_391_A1_S1.0.2/mmseqs/splits/200/nuc/mmseqs_easy_taxonomy_vs_SILVA.benchmark.txt
updated,1.0.2,mmseqs_bestmatch_db,030,0.67,42.46,0.0,0.09,./microbial/210615_391_A1_S1.0.2/mmseqs/splits/030/mmseqs_bestmatch_db.benchmark.txt
updated,1.0.2,parse_mmseqs_easy_taxonomy_SILVA,030,0.98,223.61,0.0,0.88,./microbial/210615_391_A1_S1.0.2/mmseqs/splits/030/nuc/parse_mmseqs_easy_taxonomy_SILVA.benchmark.txt
updated,1.0.2,mmseqs_easy_taxonomy_vs_SILVA,030,361.47,11183.12,861.39,3115.25,./microbial/210615_391_A1_S1.0.2/mmseqs/splits/030/nuc/mmseqs_easy_taxonomy_vs_SILVA.benchmark.txt
updated,1.0.2,mmseqs_bestmatch_db,107,0.84,181.47,0.0,0.43,./microbial/210615_391_A1_S1.0.2/mmseqs/splits/107/mmseqs_bestmatch_db.benchmark.txt
updated,1.0.2,parse_mmseqs_easy_taxonomy_SILVA,107,0.88,225.55,0.0,0.83,./microbial/210615_391_A1_S1.0.2/mmseqs/splits/107/nuc/parse_mmseqs_easy_taxonomy_SILVA.benchmark.txt
updated,1.0.2,mmseqs_easy_taxonomy_vs_SILVA,107,343.42,11137.46,912.55,3136.54,./microbial/210615_391_A1_S1.0.2/mmseqs/splits/107/nuc/mmseqs_easy_taxonomy_vs_SILVA.benchmark.txt
updated,1.0.2,mmseqs_bestmatch_db,091,0.89,175.95,0.0,0.44,./microbial/210615_391_A1_S1.0.2/mmseqs/splits/091/mmseqs_bestmatch_db.benchmark.txt
updated,1.0.2,parse_mmseqs_easy_taxonomy_SILVA,091,1.15,170.28,0.0,0.5,./microbial/210615_391_A1_S1.0.2/mmseqs/splits/091/nuc/parse_mmseqs_easy_taxonomy_SILVA.benchmark.txt
updated,1.0.2,mmseqs_easy_taxonomy_vs_SILVA,091,376.04,11182.6,907.26,3412.96,./microbial/210615_391_A1_S1.0.2/mmseqs/splits/091/nuc/mmseqs_easy_taxonomy_vs_SILVA.benchmark.txt
updated,1.0.2,mmseqs_bestmatch_db,080,0.82,196.84,0.0,0.45,./microbial/210615_391_A1_S1.0.2/mmseqs/splits/080/mmseqs_bestmatch_db.benchmark.txt
updated,1.0.2,parse_mmseqs_easy_taxonomy_SILVA,080,0.99,220.71,0.0,0.89,./microbial/210615_391_A1_S1.0.2/mmseqs/splits/080/nuc/parse_mmseqs_easy_taxonomy_SILVA.benchmark.txt
updated,1.0.2,mmseqs_easy_taxonomy_vs_SILVA,080,290.3,11178.08,866.23,2516.58,./microbial/210615_391_A1_S1.0.2/mmseqs/splits/080/nuc/mmseqs_easy_taxonomy_vs_SILVA.benchmark.txt
updated,1.0.2,mmseqs_bestmatch_db,192,0.83,179.75,0.0,0.66,./microbial/210615_391_A1_S1.0.2/mmseqs/splits/192/mmseqs_bestmatch_db.benchmark.txt
updated,1.0.2,parse_mmseqs_easy_taxonomy_SILVA,192,1.1,177.44,0.0,0.52,./microbial/210615_391_A1_S1.0.2/mmseqs/splits/192/nuc/parse_mmseqs_easy_taxonomy_SILVA.benchmark.txt
updated,1.0.2,mmseqs_easy_taxonomy_vs_SILVA,192,317.45,11143.66,889.08,2823.14,./microbial/210615_391_A1_S1.0.2/mmseqs/splits/192/nuc/mmseqs_easy_taxonomy_vs_SILVA.benchmark.txt
updated,1.0.2,mmseqs_bestmatch_db,001,0.77,231.0,0.0,0.67,./microbial/210615_391_A1_S1.0.2/mmseqs/splits/001/mmseqs_bestmatch_db.benchmark.txt
updated,1.0.2,parse_mmseqs_easy_taxonomy_SILVA,001,0.81,127.6,0.0,0.32,./microbial/210615_391_A1_S1.0.2/mmseqs/splits/001/nuc/parse_mmseqs_easy_taxonomy_SILVA.benchmark.txt
updated,1.0.2,mmseqs_easy_taxonomy_vs_SILVA,001,428.31,11168.07,936.1,4011.76,./microbial/210615_391_A1_S1.0.2/mmseqs/splits/001/nuc/mmseqs_easy_taxonomy_vs_SILVA.benchmark.txt
updated,1.0.2,mmseqs_bestmatch_db,221,0.98,106.36,0.0,0.28,./microbial/210615_391_A1_S1.0.2/mmseqs/splits/221/mmseqs_bestmatch_db.benchmark.txt
updated,1.0.2,parse_mmseqs_easy_taxonomy_SILVA,221,0.91,231.73,0.0,1.02,./microbial/210615_391_A1_S1.0.2/mmseqs/splits/221/nuc/parse_mmseqs_easy_taxonomy_SILVA.benchmark.txt
updated,1.0.2,mmseqs_easy_taxonomy_vs_SILVA,221,310.53,11133.23,901.02,2800.04,./microbial/210615_391_A1_S1.0.2/mmseqs/splits/221/nuc/mmseqs_easy_taxonomy_vs_SILVA.benchmark.txt
updated,1.0.2,mmseqs_bestmatch_db,220,0.75,178.73,0.0,0.57,./microbial/210615_391_A1_S1.0.2/mmseqs/splits/220/mmseqs_bestmatch_db.benchmark.txt
updated,1.0.2,parse_mmseqs_easy_taxonomy_SILVA,220,0.93,232.27,0.0,0.87,./microbial/210615_391_A1_S1.0.2/mmseqs/splits/220/nuc/parse_mmseqs_easy_taxonomy_SILVA.benchmark.txt
updated,1.0.2,mmseqs_easy_taxonomy_vs_SILVA,220,269.47,11175.64,936.18,2524.31,./microbial/210615_391_A1_S1.0.2/mmseqs/splits/220/nuc/mmseqs_easy_taxonomy_vs_SILVA.benchmark.txt
updated,1.0.2,mmseqs_bestmatch_db,197,0.62,37.52,0.0,0.09,./microbial/210615_391_A1_S1.0.2/mmseqs/splits/197/mmseqs_bestmatch_db.benchmark.txt
updated,1.0.2,parse_mmseqs_easy_taxonomy_SILVA,197,3.18,140.02,13.43,0.57,./microbial/210615_391_A1_S1.0.2/mmseqs/splits/197/nuc/parse_mmseqs_easy_taxonomy_SILVA.benchmark.txt
updated,1.0.2,mmseqs_easy_taxonomy_vs_SILVA,197,277.25,11146.84,897.56,2489.71,./microbial/210615_391_A1_S1.0.2/mmseqs/splits/197/nuc/mmseqs_easy_taxonomy_vs_SILVA.benchmark.txt
updated,1.0.2,mmseqs_bestmatch_db,164,0.8,179.72,0.0,0.56,./microbial/210615_391_A1_S1.0.2/mmseqs/splits/164/mmseqs_bestmatch_db.benchmark.txt
updated,1.0.2,parse_mmseqs_easy_taxonomy_SILVA,164,0.94,231.48,0.0,0.92,./microbial/210615_391_A1_S1.0.2/mmseqs/splits/164/nuc/parse_mmseqs_easy_taxonomy_SILVA.benchmark.txt
updated,1.0.2,mmseqs_easy_taxonomy_vs_SILVA,164,334.69,11175.98,920.24,3080.83,./microbial/210615_391_A1_S1.0.2/mmseqs/splits/164/nuc/mmseqs_easy_taxonomy_vs_SILVA.benchmark.txt
updated,1.0.2,mmseqs_bestmatch_db,095,0.76,182.59,0.0,0.6,./microbial/210615_391_A1_S1.0.2/mmseqs/splits/095/mmseqs_bestmatch_db.benchmark.txt
updated,1.0.2,parse_mmseqs_easy_taxonomy_SILVA,095,1.21,86.51,0.0,0.22,./microbial/210615_391_A1_S1.0.2/mmseqs/splits/095/nuc/parse_mmseqs_easy_taxonomy_SILVA.benchmark.txt
updated,1.0.2,mmseqs_easy_taxonomy_vs_SILVA,095,304.9,11152.89,925.17,2822.6,./microbial/210615_391_A1_S1.0.2/mmseqs/splits/095/nuc/mmseqs_easy_taxonomy_vs_SILVA.benchmark.txt
updated,1.0.2,mmseqs_bestmatch_db,231,1.02,78.48,0.0,0.2,./microbial/210615_391_A1_S1.0.2/mmseqs/splits/231/mmseqs_bestmatch_db.benchmark.txt
updated,1.0.2,parse_mmseqs_easy_taxonomy_SILVA,231,0.93,234.72,0.0,0.95,./microbial/210615_391_A1_S1.0.2/mmseqs/splits/231/nuc/parse_mmseqs_easy_taxonomy_SILVA.benchmark.txt
updated,1.0.2,mmseqs_easy_taxonomy_vs_SILVA,231,296.97,11179.11,944.76,2806.68,./microbial/210615_391_A1_S1.0.2/mmseqs/splits/231/nuc/mmseqs_easy_taxonomy_vs_SILVA.benchmark.txt
updated,1.0.2,mmseqs_bestmatch_db,056,1.21,85.54,0.0,0.26,./microbial/210615_391_A1_S1.0.2/mmseqs/splits/056/mmseqs_bestmatch_db.benchmark.txt
updated,1.0.2,parse_mmseqs_easy_taxonomy_SILVA,056,0.94,221.45,0.0,0.9,./microbial/210615_391_A1_S1.0.2/mmseqs/splits/056/nuc/parse_mmseqs_easy_taxonomy_SILVA.benchmark.txt
updated,1.0.2,mmseqs_easy_taxonomy_vs_SILVA,056,275.74,11184.81,916.76,2529.2,./microbial/210615_391_A1_S1.0.2/mmseqs/splits/056/nuc/mmseqs_easy_taxonomy_vs_SILVA.benchmark.txt
updated,1.0.2,mmseqs_bestmatch_db,146,0.7,39.21,0.0,0.1,./microbial/210615_391_A1_S1.0.2/mmseqs/splits/146/mmseqs_bestmatch_db.benchmark.txt
updated,1.0.2,parse_mmseqs_easy_taxonomy_SILVA,146,0.96,215.4,0.0,0.8,./microbial/210615_391_A1_S1.0.2/mmseqs/splits/146/nuc/parse_mmseqs_easy_taxonomy_SILVA.benchmark.txt
updated,1.0.2,mmseqs_easy_taxonomy_vs_SILVA,146,269.89,11178.85,935.37,2524.82,./microbial/210615_391_A1_S1.0.2/mmseqs/splits/146/nuc/mmseqs_easy_taxonomy_vs_SILVA.benchmark.txt
updated,1.0.2,mmseqs_bestmatch_db,131,0.77,185.89,0.0,0.56,./microbial/210615_391_A1_S1.0.2/mmseqs/splits/131/mmseqs_bestmatch_db.benchmark.txt
updated,1.0.2,parse_mmseqs_easy_taxonomy_SILVA,131,1.23,195.1,0.0,0.84,./microbial/210615_391_A1_S1.0.2/mmseqs/splits/131/nuc/parse_mmseqs_easy_taxonomy_SILVA.benchmark.txt
updated,1.0.2,mmseqs_easy_taxonomy_vs_SILVA,131,256.39,11171.04,862.38,2212.25,./microbial/210615_391_A1_S1.0.2/mmseqs/splits/131/nuc/mmseqs_easy_taxonomy_vs_SILVA.benchmark.txt
updated,1.0.2,mmseqs_bestmatch_db,185,0.66,38.41,0.0,0.09,./microbial/210615_391_A1_S1.0.2/mmseqs/splits/185/mmseqs_bestmatch_db.benchmark.txt
updated,1.0.2,parse_mmseqs_easy_taxonomy_SILVA,185,0.9,219.09,0.0,0.85,./microbial/210615_391_A1_S1.0.2/mmseqs/splits/185/nuc/parse_mmseqs_easy_taxonomy_SILVA.benchmark.txt
updated,1.0.2,mmseqs_easy_taxonomy_vs_SILVA,185,375.1,11200.89,837.33,3146.99,./microbial/210615_391_A1_S1.0.2/mmseqs/splits/185/nuc/mmseqs_easy_taxonomy_vs_SILVA.benchmark.txt
updated,1.0.2,mmseqs_bestmatch_db,068,0.79,182.86,0.0,0.58,./microbial/210615_391_A1_S1.0.2/mmseqs/splits/068/mmseqs_bestmatch_db.benchmark.txt
updated,1.0.2,parse_mmseqs_easy_taxonomy_SILVA,068,0.95,222.56,0.0,0.82,./microbial/210615_391_A1_S1.0.2/mmseqs/splits/068/nuc/parse_mmseqs_easy_taxonomy_SILVA.benchmark.txt
updated,1.0.2,mmseqs_easy_taxonomy_vs_SILVA,068,293.99,11154.83,858.31,2527.11,./microbial/210615_391_A1_S1.0.2/mmseqs/splits/068/nuc/mmseqs_easy_taxonomy_vs_SILVA.benchmark.txt
updated,1.0.2,mmseqs_bestmatch_db,224,1.22,78.96,0.0,0.24,./microbial/210615_391_A1_S1.0.2/mmseqs/splits/224/mmseqs_bestmatch_db.benchmark.txt
updated,1.0.2,parse_mmseqs_easy_taxonomy_SILVA,224,0.88,43.16,0.0,0.09,./microbial/210615_391_A1_S1.0.2/mmseqs/splits/224/nuc/parse_mmseqs_easy_taxonomy_SILVA.benchmark.txt
updated,1.0.2,mmseqs_easy_taxonomy_vs_SILVA,224,269.87,11145.79,937.32,2531.03,./microbial/210615_391_A1_S1.0.2/mmseqs/splits/224/nuc/mmseqs_easy_taxonomy_vs_SILVA.benchmark.txt
updated,1.0.2,mmseqs_bestmatch_db,139,0.92,91.17,0.0,0.25,./microbial/210615_391_A1_S1.0.2/mmseqs/splits/139/mmseqs_bestmatch_db.benchmark.txt
updated,1.0.2,parse_mmseqs_easy_taxonomy_SILVA,139,0.89,231.93,0.0,0.93,./microbial/210615_391_A1_S1.0.2/mmseqs/splits/139/nuc/parse_mmseqs_easy_taxonomy_SILVA.benchmark.txt
updated,1.0.2,mmseqs_easy_taxonomy_vs_SILVA,139,287.97,11170.74,858.27,2473.18,./microbial/210615_391_A1_S1.0.2/mmseqs/splits/139/nuc/mmseqs_easy_taxonomy_vs_SILVA.benchmark.txt
updated,1.0.2,mmseqs_bestmatch_db,160,0.84,172.1,0.0,0.43,./microbial/210615_391_A1_S1.0.2/mmseqs/splits/160/mmseqs_bestmatch_db.benchmark.txt
updated,1.0.2,parse_mmseqs_easy_taxonomy_SILVA,160,1.42,235.45,6.65,1.01,./microbial/210615_391_A1_S1.0.2/mmseqs/splits/160/nuc/parse_mmseqs_easy_taxonomy_SILVA.benchmark.txt
updated,1.0.2,mmseqs_easy_taxonomy_vs_SILVA,160,294.26,11156.46,851.64,2507.96,./microbial/210615_391_A1_S1.0.2/mmseqs/splits/160/nuc/mmseqs_easy_taxonomy_vs_SILVA.benchmark.txt
updated,1.0.2,mmseqs_bestmatch_db,054,0.82,190.64,0.0,0.6,./microbial/210615_391_A1_S1.0.2/mmseqs/splits/054/mmseqs_bestmatch_db.benchmark.txt
updated,1.0.2,parse_mmseqs_easy_taxonomy_SILVA,054,0.84,37.52,0.0,0.09,./microbial/210615_391_A1_S1.0.2/mmseqs/splits/054/nuc/parse_mmseqs_easy_taxonomy_SILVA.benchmark.txt
updated,1.0.2,mmseqs_easy_taxonomy_vs_SILVA,054,341.62,11164.21,908.92,3105.31,./microbial/210615_391_A1_S1.0.2/mmseqs/splits/054/nuc/mmseqs_easy_taxonomy_vs_SILVA.benchmark.txt
updated,1.0.2,mmseqs_bestmatch_db,143,0.77,181.17,0.0,0.54,./microbial/210615_391_A1_S1.0.2/mmseqs/splits/143/mmseqs_bestmatch_db.benchmark.txt
updated,1.0.2,parse_mmseqs_easy_taxonomy_SILVA,143,2.7,214.76,19.14,1.39,./microbial/210615_391_A1_S1.0.2/mmseqs/splits/143/nuc/parse_mmseqs_easy_taxonomy_SILVA.benchmark.txt
updated,1.0.2,mmseqs_easy_taxonomy_vs_SILVA,143,308.34,11176.89,908.8,2803.24,./microbial/210615_391_A1_S1.0.2/mmseqs/splits/143/nuc/mmseqs_easy_taxonomy_vs_SILVA.benchmark.txt
updated,1.0.2,mmseqs_bestmatch_db,150,2.01,116.81,6.26,0.33,./microbial/210615_391_A1_S1.0.2/mmseqs/splits/150/mmseqs_bestmatch_db.benchmark.txt
updated,1.0.2,parse_mmseqs_easy_taxonomy_SILVA,150,2.5,177.41,19.6,0.85,./microbial/210615_391_A1_S1.0.2/mmseqs/splits/150/nuc/parse_mmseqs_easy_taxonomy_SILVA.benchmark.txt
updated,1.0.2,mmseqs_easy_taxonomy_vs_SILVA,150,271.87,11179.02,912.62,2482.76,./microbial/210615_391_A1_S1.0.2/mmseqs/splits/150/nuc/mmseqs_easy_taxonomy_vs_SILVA.benchmark.txt
updated,1.0.2,mmseqs_bestmatch_db,102,0.81,180.68,0.0,0.52,./microbial/210615_391_A1_S1.0.2/mmseqs/splits/102/mmseqs_bestmatch_db.benchmark.txt
updated,1.0.2,parse_mmseqs_easy_taxonomy_SILVA,102,0.85,42.62,0.0,0.08,./microbial/210615_391_A1_S1.0.2/mmseqs/splits/102/nuc/parse_mmseqs_easy_taxonomy_SILVA.benchmark.txt
updated,1.0.2,mmseqs_easy_taxonomy_vs_SILVA,102,310.98,11166.44,913.38,2840.21,./microbial/210615_391_A1_S1.0.2/mmseqs/splits/102/nuc/mmseqs_easy_taxonomy_vs_SILVA.benchmark.txt
updated,1.0.2,mmseqs_bestmatch_db,039,0.74,183.64,0.0,0.63,./microbial/210615_391_A1_S1.0.2/mmseqs/splits/039/mmseqs_bestmatch_db.benchmark.txt
updated,1.0.2,parse_mmseqs_easy_taxonomy_SILVA,039,1.02,196.33,0.0,0.67,./microbial/210615_391_A1_S1.0.2/mmseqs/splits/039/nuc/parse_mmseqs_easy_taxonomy_SILVA.benchmark.txt
updated,1.0.2,mmseqs_easy_taxonomy_vs_SILVA,039,376.41,11180.88,902.44,3397.51,./microbial/210615_391_A1_S1.0.2/mmseqs/splits/039/nuc/mmseqs_easy_taxonomy_vs_SILVA.benchmark.txt
updated,1.0.2,mmseqs_bestmatch_db,021,1.12,168.54,0.0,0.74,./microbial/210615_391_A1_S1.0.2/mmseqs/splits/021/mmseqs_bestmatch_db.benchmark.txt
updated,1.0.2,parse_mmseqs_easy_taxonomy_SILVA,021,0.96,220.03,0.0,0.88,./microbial/210615_391_A1_S1.0.2/mmseqs/splits/021/nuc/parse_mmseqs_easy_taxonomy_SILVA.benchmark.txt
updated,1.0.2,mmseqs_easy_taxonomy_vs_SILVA,021,344.3,11166.09,861.76,2956.55,./microbial/210615_391_A1_S1.0.2/mmseqs/splits/021/nuc/mmseqs_easy_taxonomy_vs_SILVA.benchmark.txt
updated,1.0.2,mmseqs_bestmatch_db,024,0.77,185.11,0.0,0.61,./microbial/210615_391_A1_S1.0.2/mmseqs/splits/024/mmseqs_bestmatch_db.benchmark.txt
updated,1.0.2,parse_mmseqs_easy_taxonomy_SILVA,024,1.31,195.7,0.0,0.71,./microbial/210615_391_A1_S1.0.2/mmseqs/splits/024/nuc/parse_mmseqs_easy_taxonomy_SILVA.benchmark.txt
updated,1.0.2,mmseqs_easy_taxonomy_vs_SILVA,024,299.34,11190.68,944.78,2829.62,./microbial/210615_391_A1_S1.0.2/mmseqs/splits/024/nuc/mmseqs_easy_taxonomy_vs_SILVA.benchmark.txt
updated,1.0.2,mmseqs_bestmatch_db,043,0.81,182.11,0.0,0.59,./microbial/210615_391_A1_S1.0.2/mmseqs/splits/043/mmseqs_bestmatch_db.benchmark.txt
updated,1.0.2,parse_mmseqs_easy_taxonomy_SILVA,043,0.78,124.37,0.0,0.35,./microbial/210615_391_A1_S1.0.2/mmseqs/splits/043/nuc/parse_mmseqs_easy_taxonomy_SILVA.benchmark.txt
updated,1.0.2,mmseqs_easy_taxonomy_vs_SILVA,043,305.8,11162.73,870.41,2661.11,./microbial/210615_391_A1_S1.0.2/mmseqs/splits/043/nuc/mmseqs_easy_taxonomy_vs_SILVA.benchmark.txt
updated,1.0.2,mmseqs_bestmatch_db,089,0.63,36.82,0.0,0.09,./microbial/210615_391_A1_S1.0.2/mmseqs/splits/089/mmseqs_bestmatch_db.benchmark.txt
updated,1.0.2,parse_mmseqs_easy_taxonomy_SILVA,089,0.96,207.71,0.0,0.81,./microbial/210615_391_A1_S1.0.2/mmseqs/splits/089/nuc/parse_mmseqs_easy_taxonomy_SILVA.benchmark.txt
updated,1.0.2,mmseqs_easy_taxonomy_vs_SILVA,089,273.51,11182.31,922.86,2526.3,./microbial/210615_391_A1_S1.0.2/mmseqs/splits/089/nuc/mmseqs_easy_taxonomy_vs_SILVA.benchmark.txt
updated,1.0.2,mmseqs_bestmatch_db,152,0.66,41.14,0.0,0.1,./microbial/210615_391_A1_S1.0.2/mmseqs/splits/152/mmseqs_bestmatch_db.benchmark.txt
updated,1.0.2,parse_mmseqs_easy_taxonomy_SILVA,152,0.87,235.0,0.0,0.87,./microbial/210615_391_A1_S1.0.2/mmseqs/splits/152/nuc/parse_mmseqs_easy_taxonomy_SILVA.benchmark.txt
updated,1.0.2,mmseqs_easy_taxonomy_vs_SILVA,152,282.04,11175.8,870.23,2455.49,./microbial/210615_391_A1_S1.0.2/mmseqs/splits/152/nuc/mmseqs_easy_taxonomy_vs_SILVA.benchmark.txt
updated,1.0.2,mmseqs_bestmatch_db,063,0.81,183.74,0.0,0.63,./microbial/210615_391_A1_S1.0.2/mmseqs/splits/063/mmseqs_bestmatch_db.benchmark.txt
updated,1.0.2,parse_mmseqs_easy_taxonomy_SILVA,063,0.92,222.94,0.0,0.76,./microbial/210615_391_A1_S1.0.2/mmseqs/splits/063/nuc/parse_mmseqs_easy_taxonomy_SILVA.benchmark.txt
updated,1.0.2,mmseqs_easy_taxonomy_vs_SILVA,063,344.98,11149.8,912.77,3149.8,./microbial/210615_391_A1_S1.0.2/mmseqs/splits/063/nuc/mmseqs_easy_taxonomy_vs_SILVA.benchmark.txt
updated,1.0.2,mmseqs_bestmatch_db,243,0.68,38.06,0.0,0.09,./microbial/210615_391_A1_S1.0.2/mmseqs/splits/243/mmseqs_bestmatch_db.benchmark.txt
updated,1.0.2,parse_mmseqs_easy_taxonomy_SILVA,243,1.53,203.26,21.75,0.99,./microbial/210615_391_A1_S1.0.2/mmseqs/splits/243/nuc/parse_mmseqs_easy_taxonomy_SILVA.benchmark.txt
updated,1.0.2,mmseqs_easy_taxonomy_vs_SILVA,243,326.12,11176.66,864.42,2851.83,./microbial/210615_391_A1_S1.0.2/mmseqs/splits/243/nuc/mmseqs_easy_taxonomy_vs_SILVA.benchmark.txt
updated,1.0.2,mmseqs_bestmatch_db,064,0.71,36.84,0.0,0.09,./microbial/210615_391_A1_S1.0.2/mmseqs/splits/064/mmseqs_bestmatch_db.benchmark.txt
updated,1.0.2,parse_mmseqs_easy_taxonomy_SILVA,064,1.3,176.41,0.0,0.61,./microbial/210615_391_A1_S1.0.2/mmseqs/splits/064/nuc/parse_mmseqs_easy_taxonomy_SILVA.benchmark.txt
updated,1.0.2,mmseqs_easy_taxonomy_vs_SILVA,064,320.0,11136.2,879.37,2814.92,./microbial/210615_391_A1_S1.0.2/mmseqs/splits/064/nuc/mmseqs_easy_taxonomy_vs_SILVA.benchmark.txt
updated,1.0.2,mmseqs_bestmatch_db,148,2.84,167.55,8.84,0.73,./microbial/210615_391_A1_S1.0.2/mmseqs/splits/148/mmseqs_bestmatch_db.benchmark.txt
updated,1.0.2,parse_mmseqs_easy_taxonomy_SILVA,148,0.93,219.86,0.0,0.83,./microbial/210615_391_A1_S1.0.2/mmseqs/splits/148/nuc/parse_mmseqs_easy_taxonomy_SILVA.benchmark.txt
updated,1.0.2,mmseqs_easy_taxonomy_vs_SILVA,148,310.85,11174.66,893.13,2778.47,./microbial/210615_391_A1_S1.0.2/mmseqs/splits/148/nuc/mmseqs_easy_taxonomy_vs_SILVA.benchmark.txt
updated,1.0.2,mmseqs_bestmatch_db,109,0.71,37.76,0.0,0.09,./microbial/210615_391_A1_S1.0.2/mmseqs/splits/109/mmseqs_bestmatch_db.benchmark.txt
updated,1.0.2,parse_mmseqs_easy_taxonomy_SILVA,109,0.86,226.2,0.0,0.85,./microbial/210615_391_A1_S1.0.2/mmseqs/splits/109/nuc/parse_mmseqs_easy_taxonomy_SILVA.benchmark.txt
updated,1.0.2,mmseqs_easy_taxonomy_vs_SILVA,109,288.81,11173.19,861.69,2490.04,./microbial/210615_391_A1_S1.0.2/mmseqs/splits/109/nuc/mmseqs_easy_taxonomy_vs_SILVA.benchmark.txt
updated,1.0.2,mmseqs_bestmatch_db,238,0.68,37.69,0.0,0.09,./microbial/210615_391_A1_S1.0.2/mmseqs/splits/238/mmseqs_bestmatch_db.benchmark.txt
updated,1.0.2,parse_mmseqs_easy_taxonomy_SILVA,238,0.89,229.45,0.0,0.89,./microbial/210615_391_A1_S1.0.2/mmseqs/splits/238/nuc/parse_mmseqs_easy_taxonomy_SILVA.benchmark.txt
updated,1.0.2,mmseqs_easy_taxonomy_vs_SILVA,238,314.43,11181.65,896.67,2820.96,./microbial/210615_391_A1_S1.0.2/mmseqs/splits/238/nuc/mmseqs_easy_taxonomy_vs_SILVA.benchmark.txt
updated,1.0.2,mmseqs_bestmatch_db,153,0.75,193.68,0.0,0.58,./microbial/210615_391_A1_S1.0.2/mmseqs/splits/153/mmseqs_bestmatch_db.benchmark.txt
updated,1.0.2,parse_mmseqs_easy_taxonomy_SILVA,153,1.43,165.82,0.0,0.66,./microbial/210615_391_A1_S1.0.2/mmseqs/splits/153/nuc/parse_mmseqs_easy_taxonomy_SILVA.benchmark.txt
updated,1.0.2,mmseqs_easy_taxonomy_vs_SILVA,153,283.41,11171.0,882.93,2503.8,./microbial/210615_391_A1_S1.0.2/mmseqs/splits/153/nuc/mmseqs_easy_taxonomy_vs_SILVA.benchmark.txt
updated,1.0.2,mmseqs_bestmatch_db,082,0.91,126.19,0.0,0.39,./microbial/210615_391_A1_S1.0.2/mmseqs/splits/082/mmseqs_bestmatch_db.benchmark.txt
updated,1.0.2,parse_mmseqs_easy_taxonomy_SILVA,082,1.01,214.75,0.0,0.93,./microbial/210615_391_A1_S1.0.2/mmseqs/splits/082/nuc/parse_mmseqs_easy_taxonomy_SILVA.benchmark.txt
updated,1.0.2,mmseqs_easy_taxonomy_vs_SILVA,082,300.55,11164.66,931.93,2801.53,./microbial/210615_391_A1_S1.0.2/mmseqs/splits/082/nuc/mmseqs_easy_taxonomy_vs_SILVA.benchmark.txt
updated,1.0.2,mmseqs_bestmatch_db,174,0.93,83.99,0.0,0.24,./microbial/210615_391_A1_S1.0.2/mmseqs/splits/174/mmseqs_bestmatch_db.benchmark.txt
updated,1.0.2,parse_mmseqs_easy_taxonomy_SILVA,174,1.0,201.08,0.0,0.76,./microbial/210615_391_A1_S1.0.2/mmseqs/splits/174/nuc/parse_mmseqs_easy_taxonomy_SILVA.benchmark.txt
updated,1.0.2,mmseqs_easy_taxonomy_vs_SILVA,174,336.9,11118.68,825.75,2800.34,./microbial/210615_391_A1_S1.0.2/mmseqs/splits/174/nuc/mmseqs_easy_taxonomy_vs_SILVA.benchmark.txt
updated,1.0.2,mmseqs_bestmatch_db,142,0.64,38.17,0.0,0.1,./microbial/210615_391_A1_S1.0.2/mmseqs/splits/142/mmseqs_bestmatch_db.benchmark.txt
updated,1.0.2,parse_mmseqs_easy_taxonomy_SILVA,142,2.72,142.9,13.54,0.53,./microbial/210615_391_A1_S1.0.2/mmseqs/splits/142/nuc/parse_mmseqs_easy_taxonomy_SILVA.benchmark.txt
updated,1.0.2,mmseqs_easy_taxonomy_vs_SILVA,142,305.26,11167.62,918.41,2804.6,./microbial/210615_391_A1_S1.0.2/mmseqs/splits/142/nuc/mmseqs_easy_taxonomy_vs_SILVA.benchmark.txt
updated,1.0.2,mmseqs_bestmatch_db,015,0.85,195.7,0.0,0.43,./microbial/210615_391_A1_S1.0.2/mmseqs/splits/015/mmseqs_bestmatch_db.benchmark.txt
updated,1.0.2,parse_mmseqs_easy_taxonomy_SILVA,015,1.96,120.4,13.54,0.4,./microbial/210615_391_A1_S1.0.2/mmseqs/splits/015/nuc/parse_mmseqs_easy_taxonomy_SILVA.benchmark.txt
updated,1.0.2,mmseqs_easy_taxonomy_vs_SILVA,015,291.34,11184.8,865.66,2524.01,./microbial/210615_391_A1_S1.0.2/mmseqs/splits/015/nuc/mmseqs_easy_taxonomy_vs_SILVA.benchmark.txt
updated,1.0.2,mmseqs_bestmatch_db,105,0.71,36.93,0.0,0.09,./microbial/210615_391_A1_S1.0.2/mmseqs/splits/105/mmseqs_bestmatch_db.benchmark.txt
updated,1.0.2,parse_mmseqs_easy_taxonomy_SILVA,105,0.87,231.0,0.0,0.99,./microbial/210615_391_A1_S1.0.2/mmseqs/splits/105/nuc/parse_mmseqs_easy_taxonomy_SILVA.benchmark.txt
updated,1.0.2,mmseqs_easy_taxonomy_vs_SILVA,105,338.28,11116.98,933.57,3157.8,./microbial/210615_391_A1_S1.0.2/mmseqs/splits/105/nuc/mmseqs_easy_taxonomy_vs_SILVA.benchmark.txt
updated,1.0.2,mmseqs_bestmatch_db,138,0.68,39.76,0.0,0.12,./microbial/210615_391_A1_S1.0.2/mmseqs/splits/138/mmseqs_bestmatch_db.benchmark.txt
updated,1.0.2,parse_mmseqs_easy_taxonomy_SILVA,138,0.87,237.04,0.0,0.97,./microbial/210615_391_A1_S1.0.2/mmseqs/splits/138/nuc/parse_mmseqs_easy_taxonomy_SILVA.benchmark.txt
updated,1.0.2,mmseqs_easy_taxonomy_vs_SILVA,138,281.44,11141.24,882.86,2486.01,./microbial/210615_391_A1_S1.0.2/mmseqs/splits/138/nuc/mmseqs_easy_taxonomy_vs_SILVA.benchmark.txt
updated,1.0.2,mmseqs_bestmatch_db,036,0.79,178.29,0.0,0.6,./microbial/210615_391_A1_S1.0.2/mmseqs/splits/036/mmseqs_bestmatch_db.benchmark.txt
updated,1.0.2,parse_mmseqs_easy_taxonomy_SILVA,036,0.9,232.95,0.0,0.93,./microbial/210615_391_A1_S1.0.2/mmseqs/splits/036/nuc/parse_mmseqs_easy_taxonomy_SILVA.benchmark.txt
updated,1.0.2,mmseqs_easy_taxonomy_vs_SILVA,036,285.85,11170.25,885.12,2531.07,./microbial/210615_391_A1_S1.0.2/mmseqs/splits/036/nuc/mmseqs_easy_taxonomy_vs_SILVA.benchmark.txt
updated,1.0.2,mmseqs_bestmatch_db,041,0.79,185.23,0.0,0.48,./microbial/210615_391_A1_S1.0.2/mmseqs/splits/041/mmseqs_bestmatch_db.benchmark.txt
updated,1.0.2,parse_mmseqs_easy_taxonomy_SILVA,041,1.14,196.59,0.0,0.83,./microbial/210615_391_A1_S1.0.2/mmseqs/splits/041/nuc/parse_mmseqs_easy_taxonomy_SILVA.benchmark.txt
updated,1.0.2,mmseqs_easy_taxonomy_vs_SILVA,041,328.68,11144.78,853.03,2805.39,./microbial/210615_391_A1_S1.0.2/mmseqs/splits/041/nuc/mmseqs_easy_taxonomy_vs_SILVA.benchmark.txt
updated,1.0.2,mmseqs_bestmatch_db,171,0.94,89.59,0.0,0.24,./microbial/210615_391_A1_S1.0.2/mmseqs/splits/171/mmseqs_bestmatch_db.benchmark.txt
updated,1.0.2,parse_mmseqs_easy_taxonomy_SILVA,171,1.13,201.35,0.0,0.84,./microbial/210615_391_A1_S1.0.2/mmseqs/splits/171/nuc/parse_mmseqs_easy_taxonomy_SILVA.benchmark.txt
updated,1.0.2,mmseqs_easy_taxonomy_vs_SILVA,171,274.28,11136.94,919.31,2522.65,./microbial/210615_391_A1_S1.0.2/mmseqs/splits/171/nuc/mmseqs_easy_taxonomy_vs_SILVA.benchmark.txt
updated,1.0.2,mmseqs_bestmatch_db,074,0.89,186.15,0.0,0.5,./microbial/210615_391_A1_S1.0.2/mmseqs/splits/074/mmseqs_bestmatch_db.benchmark.txt
updated,1.0.2,parse_mmseqs_easy_taxonomy_SILVA,074,0.95,223.12,0.0,0.86,./microbial/210615_391_A1_S1.0.2/mmseqs/splits/074/nuc/parse_mmseqs_easy_taxonomy_SILVA.benchmark.txt
updated,1.0.2,mmseqs_easy_taxonomy_vs_SILVA,074,301.69,11154.2,931.8,2811.65,./microbial/210615_391_A1_S1.0.2/mmseqs/splits/074/nuc/mmseqs_easy_taxonomy_vs_SILVA.benchmark.txt
updated,1.0.2,mmseqs_bestmatch_db,130,0.65,44.05,0.0,0.09,./microbial/210615_391_A1_S1.0.2/mmseqs/splits/130/mmseqs_bestmatch_db.benchmark.txt
updated,1.0.2,parse_mmseqs_easy_taxonomy_SILVA,130,0.94,228.27,0.0,0.93,./microbial/210615_391_A1_S1.0.2/mmseqs/splits/130/nuc/parse_mmseqs_easy_taxonomy_SILVA.benchmark.txt
updated,1.0.2,mmseqs_easy_taxonomy_vs_SILVA,130,309.41,11174.24,909.55,2815.72,./microbial/210615_391_A1_S1.0.2/mmseqs/splits/130/nuc/mmseqs_easy_taxonomy_vs_SILVA.benchmark.txt
updated,1.0.2,mmseqs_bestmatch_db,156,0.89,179.17,0.0,0.63,./microbial/210615_391_A1_S1.0.2/mmseqs/splits/156/mmseqs_bestmatch_db.benchmark.txt
updated,1.0.2,parse_mmseqs_easy_taxonomy_SILVA,156,3.12,208.96,11.16,1.29,./microbial/210615_391_A1_S1.0.2/mmseqs/splits/156/nuc/parse_mmseqs_easy_taxonomy_SILVA.benchmark.txt
updated,1.0.2,mmseqs_easy_taxonomy_vs_SILVA,156,302.48,11156.48,835.78,2529.73,./microbial/210615_391_A1_S1.0.2/mmseqs/splits/156/nuc/mmseqs_easy_taxonomy_vs_SILVA.benchmark.txt
updated,1.0.2,mmseqs_bestmatch_db,077,1.63,173.53,20.04,0.57,./microbial/210615_391_A1_S1.0.2/mmseqs/splits/077/mmseqs_bestmatch_db.benchmark.txt
updated,1.0.2,parse_mmseqs_easy_taxonomy_SILVA,077,0.93,217.8,0.0,0.8,./microbial/210615_391_A1_S1.0.2/mmseqs/splits/077/nuc/parse_mmseqs_easy_taxonomy_SILVA.benchmark.txt
updated,1.0.2,mmseqs_easy_taxonomy_vs_SILVA,077,311.23,11167.78,905.07,2817.83,./microbial/210615_391_A1_S1.0.2/mmseqs/splits/077/nuc/mmseqs_easy_taxonomy_vs_SILVA.benchmark.txt
updated,1.0.2,mmseqs_bestmatch_db,051,0.85,168.09,0.0,0.7,./microbial/210615_391_A1_S1.0.2/mmseqs/splits/051/mmseqs_bestmatch_db.benchmark.txt
updated,1.0.2,parse_mmseqs_easy_taxonomy_SILVA,051,1.32,166.95,0.0,0.52,./microbial/210615_391_A1_S1.0.2/mmseqs/splits/051/nuc/parse_mmseqs_easy_taxonomy_SILVA.benchmark.txt
updated,1.0.2,mmseqs_easy_taxonomy_vs_SILVA,051,304.65,11170.89,915.89,2790.96,./microbial/210615_391_A1_S1.0.2/mmseqs/splits/051/nuc/mmseqs_easy_taxonomy_vs_SILVA.benchmark.txt
updated,1.0.2,mmseqs_bestmatch_db,175,0.78,183.88,0.0,0.51,./microbial/210615_391_A1_S1.0.2/mmseqs/splits/175/mmseqs_bestmatch_db.benchmark.txt
updated,1.0.2,parse_mmseqs_easy_taxonomy_SILVA,175,0.95,221.85,0.0,0.91,./microbial/210615_391_A1_S1.0.2/mmseqs/splits/175/nuc/parse_mmseqs_easy_taxonomy_SILVA.benchmark.txt
updated,1.0.2,mmseqs_easy_taxonomy_vs_SILVA,175,258.74,11197.0,855.55,2215.39,./microbial/210615_391_A1_S1.0.2/mmseqs/splits/175/nuc/mmseqs_easy_taxonomy_vs_SILVA.benchmark.txt
updated,1.0.2,mmseqs_bestmatch_db,141,0.95,166.07,0.0,0.56,./microbial/210615_391_A1_S1.0.2/mmseqs/splits/141/mmseqs_bestmatch_db.benchmark.txt
updated,1.0.2,parse_mmseqs_easy_taxonomy_SILVA,141,0.92,216.64,0.0,0.83,./microbial/210615_391_A1_S1.0.2/mmseqs/splits/141/nuc/parse_mmseqs_easy_taxonomy_SILVA.benchmark.txt
updated,1.0.2,mmseqs_easy_taxonomy_vs_SILVA,141,309.77,11177.32,905.18,2804.79,./microbial/210615_391_A1_S1.0.2/mmseqs/splits/141/nuc/mmseqs_easy_taxonomy_vs_SILVA.benchmark.txt
updated,1.0.2,mmseqs_bestmatch_db,114,0.94,169.95,0.0,0.57,./microbial/210615_391_A1_S1.0.2/mmseqs/splits/114/mmseqs_bestmatch_db.benchmark.txt
updated,1.0.2,parse_mmseqs_easy_taxonomy_SILVA,114,0.88,226.54,0.0,0.93,./microbial/210615_391_A1_S1.0.2/mmseqs/splits/114/nuc/parse_mmseqs_easy_taxonomy_SILVA.benchmark.txt
updated,1.0.2,mmseqs_easy_taxonomy_vs_SILVA,114,325.07,11132.25,862.77,2829.61,./microbial/210615_391_A1_S1.0.2/mmseqs/splits/114/nuc/mmseqs_easy_taxonomy_vs_SILVA.benchmark.txt
updated,1.0.2,mmseqs_bestmatch_db,136,0.83,179.38,0.0,0.63,./microbial/210615_391_A1_S1.0.2/mmseqs/splits/136/mmseqs_bestmatch_db.benchmark.txt
updated,1.0.2,parse_mmseqs_easy_taxonomy_SILVA,136,0.93,207.82,0.0,0.73,./microbial/210615_391_A1_S1.0.2/mmseqs/splits/136/nuc/parse_mmseqs_easy_taxonomy_SILVA.benchmark.txt
updated,1.0.2,mmseqs_easy_taxonomy_vs_SILVA,136,250.1,11178.56,869.74,2177.11,./microbial/210615_391_A1_S1.0.2/mmseqs/splits/136/nuc/mmseqs_easy_taxonomy_vs_SILVA.benchmark.txt
updated,1.0.2,mmseqs_bestmatch_db,037,0.85,170.13,0.0,0.56,./microbial/210615_391_A1_S1.0.2/mmseqs/splits/037/mmseqs_bestmatch_db.benchmark.txt
updated,1.0.2,parse_mmseqs_easy_taxonomy_SILVA,037,1.18,200.82,0.0,0.72,./microbial/210615_391_A1_S1.0.2/mmseqs/splits/037/nuc/parse_mmseqs_easy_taxonomy_SILVA.benchmark.txt
updated,1.0.2,mmseqs_easy_taxonomy_vs_SILVA,037,390.83,11176.04,871.07,3411.49,./microbial/210615_391_A1_S1.0.2/mmseqs/splits/037/nuc/mmseqs_easy_taxonomy_vs_SILVA.benchmark.txt
updated,1.0.2,mmseqs_bestmatch_db,134,0.97,159.05,0.0,0.42,./microbial/210615_391_A1_S1.0.2/mmseqs/splits/134/mmseqs_bestmatch_db.benchmark.txt
updated,1.0.2,parse_mmseqs_easy_taxonomy_SILVA,134,0.94,222.68,0.0,0.79,./microbial/210615_391_A1_S1.0.2/mmseqs/splits/134/nuc/parse_mmseqs_easy_taxonomy_SILVA.benchmark.txt
updated,1.0.2,mmseqs_easy_taxonomy_vs_SILVA,134,271.68,11185.71,929.38,2525.9,./microbial/210615_391_A1_S1.0.2/mmseqs/splits/134/nuc/mmseqs_easy_taxonomy_vs_SILVA.benchmark.txt
updated,1.0.2,taxonomy_spatial_pos.Bacteria_genus,,9.1,2934.15,278.42,25.92,./microbial/210615_391_A1_S1.0.2/tables/taxonomy_spatial_pos.Bacteria_genus.benchmark.txt
updated,1.0.2,taxonomy_spatial_pos.Bacteria_phylum,,10.64,2902.13,291.93,31.61,./microbial/210615_391_A1_S1.0.2/tables/taxonomy_spatial_pos.Bacteria_phylum.benchmark.txt
updated,1.0.2,taxonomy_spatial_pos.Eukaryota_phylum,,7.57,2839.0,250.09,19.48,./microbial/210615_391_A1_S1.0.2/tables/taxonomy_spatial_pos.Eukaryota_phylum.benchmark.txt
updated,1.0.2,taxonomy_spatial_pos.Eukaryota_genus,,7.19,2585.81,234.3,17.13,./microbial/210615_391_A1_S1.0.2/tables/taxonomy_spatial_pos.Eukaryota_genus.benchmark.txt
updated,1.0.1,mmseqs_bestmatch_db,004,1.22,84.31,0.0,0.23,./microbial/210615_391_A1_S1.0.1/mmseqs/splits/004/mmseqs_bestmatch_db.benchmark.txt
updated,1.0.1,parse_mmseqs_easy_taxonomy_SILVA,004,0.71,37.6,0.0,0.09,./microbial/210615_391_A1_S1.0.1/mmseqs/splits/004/nuc/parse_mmseqs_easy_taxonomy_SILVA.benchmark.txt
updated,1.0.1,mmseqs_easy_taxonomy_vs_SILVA,004,348.38,11176.96,889.36,3099.42,./microbial/210615_391_A1_S1.0.1/mmseqs/splits/004/nuc/mmseqs_easy_taxonomy_vs_SILVA.benchmark.txt
updated,1.0.1,mmseqs_bestmatch_db,046,2.71,174.84,31.97,1.01,./microbial/210615_391_A1_S1.0.1/mmseqs/splits/046/mmseqs_bestmatch_db.benchmark.txt
updated,1.0.1,parse_mmseqs_easy_taxonomy_SILVA,046,2.55,169.27,19.78,0.81,./microbial/210615_391_A1_S1.0.1/mmseqs/splits/046/nuc/parse_mmseqs_easy_taxonomy_SILVA.benchmark.txt
updated,1.0.1,mmseqs_easy_taxonomy_vs_SILVA,046,296.52,11133.34,836.87,2485.18,./microbial/210615_391_A1_S1.0.1/mmseqs/splits/046/nuc/mmseqs_easy_taxonomy_vs_SILVA.benchmark.txt
updated,1.0.1,mmseqs_bestmatch_db,005,1.12,94.52,0.0,0.3,./microbial/210615_391_A1_S1.0.1/mmseqs/splits/005/mmseqs_bestmatch_db.benchmark.txt
updated,1.0.1,parse_mmseqs_easy_taxonomy_SILVA,005,0.74,39.92,0.0,0.1,./microbial/210615_391_A1_S1.0.1/mmseqs/splits/005/nuc/parse_mmseqs_easy_taxonomy_SILVA.benchmark.txt
updated,1.0.1,mmseqs_easy_taxonomy_vs_SILVA,005,317.06,11131.55,889.11,2820.46,./microbial/210615_391_A1_S1.0.1/mmseqs/splits/005/nuc/mmseqs_easy_taxonomy_vs_SILVA.benchmark.txt
updated,1.0.1,mmseqs_bestmatch_db,083,0.85,165.86,0.0,0.42,./microbial/210615_391_A1_S1.0.1/mmseqs/splits/083/mmseqs_bestmatch_db.benchmark.txt
updated,1.0.1,parse_mmseqs_easy_taxonomy_SILVA,083,1.04,188.99,0.0,0.59,./microbial/210615_391_A1_S1.0.1/mmseqs/splits/083/nuc/parse_mmseqs_easy_taxonomy_SILVA.benchmark.txt
updated,1.0.1,mmseqs_easy_taxonomy_vs_SILVA,083,304.92,11159.74,927.27,2828.65,./microbial/210615_391_A1_S1.0.1/mmseqs/splits/083/nuc/mmseqs_easy_taxonomy_vs_SILVA.benchmark.txt
updated,1.0.1,mmseqs_bestmatch_db,010,0.64,37.19,0.0,0.08,./microbial/210615_391_A1_S1.0.1/mmseqs/splits/010/mmseqs_bestmatch_db.benchmark.txt
updated,1.0.1,parse_mmseqs_easy_taxonomy_SILVA,010,0.73,38.04,0.0,0.08,./microbial/210615_391_A1_S1.0.1/mmseqs/splits/010/nuc/parse_mmseqs_easy_taxonomy_SILVA.benchmark.txt
updated,1.0.1,mmseqs_easy_taxonomy_vs_SILVA,010,380.67,11140.68,904.47,3444.87,./microbial/210615_391_A1_S1.0.1/mmseqs/splits/010/nuc/mmseqs_easy_taxonomy_vs_SILVA.benchmark.txt
updated,1.0.1,mmseqs_bestmatch_db,097,1.11,75.29,0.0,0.28,./microbial/210615_391_A1_S1.0.1/mmseqs/splits/097/mmseqs_bestmatch_db.benchmark.txt
updated,1.0.1,parse_mmseqs_easy_taxonomy_SILVA,097,0.9,173.09,0.0,0.95,./microbial/210615_391_A1_S1.0.1/mmseqs/splits/097/nuc/parse_mmseqs_easy_taxonomy_SILVA.benchmark.txt
updated,1.0.1,mmseqs_easy_taxonomy_vs_SILVA,097,303.93,11200.88,920.74,2800.0,./microbial/210615_391_A1_S1.0.1/mmseqs/splits/097/nuc/mmseqs_easy_taxonomy_vs_SILVA.benchmark.txt
updated,1.0.1,mmseqs_bestmatch_db,023,0.59,36.79,0.0,0.08,./microbial/210615_391_A1_S1.0.1/mmseqs/splits/023/mmseqs_bestmatch_db.benchmark.txt
updated,1.0.1,parse_mmseqs_easy_taxonomy_SILVA,023,1.37,143.86,20.95,0.6,./microbial/210615_391_A1_S1.0.1/mmseqs/splits/023/nuc/parse_mmseqs_easy_taxonomy_SILVA.benchmark.txt
updated,1.0.1,mmseqs_easy_taxonomy_vs_SILVA,023,291.37,11172.61,863.27,2516.88,./microbial/210615_391_A1_S1.0.1/mmseqs/splits/023/nuc/mmseqs_easy_taxonomy_vs_SILVA.benchmark.txt
updated,1.0.1,mmseqs_bestmatch_db,110,0.64,37.71,0.0,0.09,./microbial/210615_391_A1_S1.0.1/mmseqs/splits/110/mmseqs_bestmatch_db.benchmark.txt
updated,1.0.1,parse_mmseqs_easy_taxonomy_SILVA,110,0.77,136.45,0.0,0.35,./microbial/210615_391_A1_S1.0.1/mmseqs/splits/110/nuc/parse_mmseqs_easy_taxonomy_SILVA.benchmark.txt
updated,1.0.1,mmseqs_easy_taxonomy_vs_SILVA,110,261.01,11171.78,850.25,2222.82,./microbial/210615_391_A1_S1.0.1/mmseqs/splits/110/nuc/mmseqs_easy_taxonomy_vs_SILVA.benchmark.txt
updated,1.0.1,mmseqs_bestmatch_db,071,0.8,173.95,0.0,0.57,./microbial/210615_391_A1_S1.0.1/mmseqs/splits/071/mmseqs_bestmatch_db.benchmark.txt
updated,1.0.1,parse_mmseqs_easy_taxonomy_SILVA,071,0.85,237.47,0.0,0.91,./microbial/210615_391_A1_S1.0.1/mmseqs/splits/071/nuc/parse_mmseqs_easy_taxonomy_SILVA.benchmark.txt
updated,1.0.1,mmseqs_easy_taxonomy_vs_SILVA,071,292.94,11157.46,847.55,2485.08,./microbial/210615_391_A1_S1.0.1/mmseqs/splits/071/nuc/mmseqs_easy_taxonomy_vs_SILVA.benchmark.txt
updated,1.0.1,mmseqs_bestmatch_db,060,0.73,182.85,0.0,0.63,./microbial/210615_391_A1_S1.0.1/mmseqs/splits/060/mmseqs_bestmatch_db.benchmark.txt
updated,1.0.1,parse_mmseqs_easy_taxonomy_SILVA,060,0.81,137.14,0.0,0.38,./microbial/210615_391_A1_S1.0.1/mmseqs/splits/060/nuc/parse_mmseqs_easy_taxonomy_SILVA.benchmark.txt
updated,1.0.1,mmseqs_easy_taxonomy_vs_SILVA,060,272.19,11174.7,919.24,2503.1,./microbial/210615_391_A1_S1.0.1/mmseqs/splits/060/nuc/mmseqs_easy_taxonomy_vs_SILVA.benchmark.txt
updated,1.0.1,mmseqs_bestmatch_db,116,4.52,186.27,16.34,0.89,./microbial/210615_391_A1_S1.0.1/mmseqs/splits/116/mmseqs_bestmatch_db.benchmark.txt
updated,1.0.1,parse_mmseqs_easy_taxonomy_SILVA,116,0.93,213.07,0.0,0.81,./microbial/210615_391_A1_S1.0.1/mmseqs/splits/116/nuc/parse_mmseqs_easy_taxonomy_SILVA.benchmark.txt
updated,1.0.1,mmseqs_easy_taxonomy_vs_SILVA,116,270.81,11198.19,924.64,2504.83,./microbial/210615_391_A1_S1.0.1/mmseqs/splits/116/nuc/mmseqs_easy_taxonomy_vs_SILVA.benchmark.txt
updated,1.0.1,mmseqs_bestmatch_db,128,0.77,183.15,0.0,0.56,./microbial/210615_391_A1_S1.0.1/mmseqs/splits/128/mmseqs_bestmatch_db.benchmark.txt
updated,1.0.1,parse_mmseqs_easy_taxonomy_SILVA,128,1.03,211.19,0.0,0.77,./microbial/210615_391_A1_S1.0.1/mmseqs/splits/128/nuc/parse_mmseqs_easy_taxonomy_SILVA.benchmark.txt
updated,1.0.1,mmseqs_easy_taxonomy_vs_SILVA,128,305.69,11175.26,916.46,2802.94,./microbial/210615_391_A1_S1.0.1/mmseqs/splits/128/nuc/mmseqs_easy_taxonomy_vs_SILVA.benchmark.txt
updated,1.0.1,mmseqs_bestmatch_db,117,1.04,157.6,0.0,0.41,./microbial/210615_391_A1_S1.0.1/mmseqs/splits/117/mmseqs_bestmatch_db.benchmark.txt
updated,1.0.1,parse_mmseqs_easy_taxonomy_SILVA,117,5.45,215.16,10.55,1.26,./microbial/210615_391_A1_S1.0.1/mmseqs/splits/117/nuc/parse_mmseqs_easy_taxonomy_SILVA.benchmark.txt
updated,1.0.1,mmseqs_easy_taxonomy_vs_SILVA,117,271.14,11156.7,930.13,2522.52,./microbial/210615_391_A1_S1.0.1/mmseqs/splits/117/nuc/mmseqs_easy_taxonomy_vs_SILVA.benchmark.txt
updated,1.0.1,mmseqs_bestmatch_db,012,0.7,37.06,0.0,0.1,./microbial/210615_391_A1_S1.0.1/mmseqs/splits/012/mmseqs_bestmatch_db.benchmark.txt
updated,1.0.1,parse_mmseqs_easy_taxonomy_SILVA,012,0.82,225.42,0.0,0.96,./microbial/210615_391_A1_S1.0.1/mmseqs/splits/012/nuc/parse_mmseqs_easy_taxonomy_SILVA.benchmark.txt
updated,1.0.1,mmseqs_easy_taxonomy_vs_SILVA,012,287.96,11173.07,875.87,2523.16,./microbial/210615_391_A1_S1.0.1/mmseqs/splits/012/nuc/mmseqs_easy_taxonomy_vs_SILVA.benchmark.txt
updated,1.0.1,mmseqs_bestmatch_db,067,1.34,177.87,36.51,0.77,./microbial/210615_391_A1_S1.0.1/mmseqs/splits/067/mmseqs_bestmatch_db.benchmark.txt
updated,1.0.1,parse_mmseqs_easy_taxonomy_SILVA,067,0.97,229.0,0.0,0.84,./microbial/210615_391_A1_S1.0.1/mmseqs/splits/067/nuc/parse_mmseqs_easy_taxonomy_SILVA.benchmark.txt
updated,1.0.1,mmseqs_easy_taxonomy_vs_SILVA,067,257.41,11186.24,858.77,2211.66,./microbial/210615_391_A1_S1.0.1/mmseqs/splits/067/nuc/mmseqs_easy_taxonomy_vs_SILVA.benchmark.txt
updated,1.0.1,mmseqs_bestmatch_db,093,3.47,165.28,12.14,0.55,./microbial/210615_391_A1_S1.0.1/mmseqs/splits/093/mmseqs_bestmatch_db.benchmark.txt
updated,1.0.1,parse_mmseqs_easy_taxonomy_SILVA,093,0.87,224.41,0.0,0.95,./microbial/210615_391_A1_S1.0.1/mmseqs/splits/093/nuc/parse_mmseqs_easy_taxonomy_SILVA.benchmark.txt
updated,1.0.1,mmseqs_easy_taxonomy_vs_SILVA,093,339.1,11203.7,903.95,3065.79,./microbial/210615_391_A1_S1.0.1/mmseqs/splits/093/nuc/mmseqs_easy_taxonomy_vs_SILVA.benchmark.txt
updated,1.0.1,mmseqs_bestmatch_db,034,0.87,176.59,0.0,0.5,./microbial/210615_391_A1_S1.0.1/mmseqs/splits/034/mmseqs_bestmatch_db.benchmark.txt
updated,1.0.1,parse_mmseqs_easy_taxonomy_SILVA,034,0.77,140.92,0.0,0.35,./microbial/210615_391_A1_S1.0.1/mmseqs/splits/034/nuc/parse_mmseqs_easy_taxonomy_SILVA.benchmark.txt
updated,1.0.1,mmseqs_easy_taxonomy_vs_SILVA,034,273.15,11168.37,921.75,2518.84,./microbial/210615_391_A1_S1.0.1/mmseqs/splits/034/nuc/mmseqs_easy_taxonomy_vs_SILVA.benchmark.txt
updated,1.0.1,mmseqs_bestmatch_db,100,1.54,167.84,19.32,0.51,./microbial/210615_391_A1_S1.0.1/mmseqs/splits/100/mmseqs_bestmatch_db.benchmark.txt
updated,1.0.1,parse_mmseqs_easy_taxonomy_SILVA,100,0.85,38.3,0.0,0.09,./microbial/210615_391_A1_S1.0.1/mmseqs/splits/100/nuc/parse_mmseqs_easy_taxonomy_SILVA.benchmark.txt
updated,1.0.1,mmseqs_easy_taxonomy_vs_SILVA,100,299.04,11139.31,838.34,2514.85,./microbial/210615_391_A1_S1.0.1/mmseqs/splits/100/nuc/mmseqs_easy_taxonomy_vs_SILVA.benchmark.txt
updated,1.0.1,mmseqs_bestmatch_db,078,0.82,181.64,0.0,0.45,./microbial/210615_391_A1_S1.0.1/mmseqs/splits/078/mmseqs_bestmatch_db.benchmark.txt
updated,1.0.1,parse_mmseqs_easy_taxonomy_SILVA,078,0.98,230.47,0.0,0.87,./microbial/210615_391_A1_S1.0.1/mmseqs/splits/078/nuc/parse_mmseqs_easy_taxonomy_SILVA.benchmark.txt
updated,1.0.1,mmseqs_easy_taxonomy_vs_SILVA,078,263.63,11178.78,832.15,2220.95,./microbial/210615_391_A1_S1.0.1/mmseqs/splits/078/nuc/mmseqs_easy_taxonomy_vs_SILVA.benchmark.txt
updated,1.0.1,mmseqs_bestmatch_db,098,3.27,174.07,17.44,0.72,./microbial/210615_391_A1_S1.0.1/mmseqs/splits/098/mmseqs_bestmatch_db.benchmark.txt
updated,1.0.1,parse_mmseqs_easy_taxonomy_SILVA,098,0.93,230.27,0.0,1.11,./microbial/210615_391_A1_S1.0.1/mmseqs/splits/098/nuc/parse_mmseqs_easy_taxonomy_SILVA.benchmark.txt
updated,1.0.1,mmseqs_easy_taxonomy_vs_SILVA,098,309.79,11172.52,899.69,2788.27,./microbial/210615_391_A1_S1.0.1/mmseqs/splits/098/nuc/mmseqs_easy_taxonomy_vs_SILVA.benchmark.txt
updated,1.0.1,mmseqs_bestmatch_db,065,1.02,172.82,0.0,0.58,./microbial/210615_391_A1_S1.0.1/mmseqs/splits/065/mmseqs_bestmatch_db.benchmark.txt
updated,1.0.1,parse_mmseqs_easy_taxonomy_SILVA,065,1.07,204.86,0.0,0.75,./microbial/210615_391_A1_S1.0.1/mmseqs/splits/065/nuc/parse_mmseqs_easy_taxonomy_SILVA.benchmark.txt
updated,1.0.1,mmseqs_easy_taxonomy_vs_SILVA,065,263.34,11163.77,835.36,2202.03,./microbial/210615_391_A1_S1.0.1/mmseqs/splits/065/nuc/mmseqs_easy_taxonomy_vs_SILVA.benchmark.txt
updated,1.0.1,mmseqs_bestmatch_db,085,0.64,37.11,0.0,0.09,./microbial/210615_391_A1_S1.0.1/mmseqs/splits/085/mmseqs_bestmatch_db.benchmark.txt
updated,1.0.1,parse_mmseqs_easy_taxonomy_SILVA,085,0.81,122.86,0.0,0.38,./microbial/210615_391_A1_S1.0.1/mmseqs/splits/085/nuc/parse_mmseqs_easy_taxonomy_SILVA.benchmark.txt
updated,1.0.1,mmseqs_easy_taxonomy_vs_SILVA,085,269.22,11167.57,936.84,2523.12,./microbial/210615_391_A1_S1.0.1/mmseqs/splits/085/nuc/mmseqs_easy_taxonomy_vs_SILVA.benchmark.txt
updated,1.0.1,mmseqs_bestmatch_db,088,0.7,36.81,0.0,0.08,./microbial/210615_391_A1_S1.0.1/mmseqs/splits/088/mmseqs_bestmatch_db.benchmark.txt
updated,1.0.1,parse_mmseqs_easy_taxonomy_SILVA,088,3.04,211.55,11.72,1.38,./microbial/210615_391_A1_S1.0.1/mmseqs/splits/088/nuc/parse_mmseqs_easy_taxonomy_SILVA.benchmark.txt
updated,1.0.1,mmseqs_easy_taxonomy_vs_SILVA,088,468.98,11168.61,904.54,4244.14,./microbial/210615_391_A1_S1.0.1/mmseqs/splits/088/nuc/mmseqs_easy_taxonomy_vs_SILVA.benchmark.txt
updated,1.0.1,mmseqs_bestmatch_db,081,1.94,165.18,30.23,0.71,./microbial/210615_391_A1_S1.0.1/mmseqs/splits/081/mmseqs_bestmatch_db.benchmark.txt
updated,1.0.1,parse_mmseqs_easy_taxonomy_SILVA,081,3.77,185.14,10.35,0.96,./microbial/210615_391_A1_S1.0.1/mmseqs/splits/081/nuc/parse_mmseqs_easy_taxonomy_SILVA.benchmark.txt
updated,1.0.1,mmseqs_easy_taxonomy_vs_SILVA,081,272.63,11174.86,921.31,2512.57,./microbial/210615_391_A1_S1.0.1/mmseqs/splits/081/nuc/mmseqs_easy_taxonomy_vs_SILVA.benchmark.txt
updated,1.0.1,mmseqs_bestmatch_db,027,0.76,176.63,0.0,0.55,./microbial/210615_391_A1_S1.0.1/mmseqs/splits/027/mmseqs_bestmatch_db.benchmark.txt
updated,1.0.1,parse_mmseqs_easy_taxonomy_SILVA,027,0.99,230.61,0.0,1.11,./microbial/210615_391_A1_S1.0.1/mmseqs/splits/027/nuc/parse_mmseqs_easy_taxonomy_SILVA.benchmark.txt
updated,1.0.1,mmseqs_easy_taxonomy_vs_SILVA,027,323.65,11139.07,878.9,2846.76,./microbial/210615_391_A1_S1.0.1/mmseqs/splits/027/nuc/mmseqs_easy_taxonomy_vs_SILVA.benchmark.txt
updated,1.0.1,mmseqs_bestmatch_db,073,0.75,55.21,0.0,0.21,./microbial/210615_391_A1_S1.0.1/mmseqs/splits/073/mmseqs_bestmatch_db.benchmark.txt
updated,1.0.1,parse_mmseqs_easy_taxonomy_SILVA,073,5.4,215.43,8.74,1.2,./microbial/210615_391_A1_S1.0.1/mmseqs/splits/073/nuc/parse_mmseqs_easy_taxonomy_SILVA.benchmark.txt
updated,1.0.1,mmseqs_easy_taxonomy_vs_SILVA,073,261.7,11183.01,851.28,2230.27,./microbial/210615_391_A1_S1.0.1/mmseqs/splits/073/nuc/mmseqs_easy_taxonomy_vs_SILVA.benchmark.txt
updated,1.0.1,mmseqs_bestmatch_db,120,2.48,178.54,27.3,0.82,./microbial/210615_391_A1_S1.0.1/mmseqs/splits/120/mmseqs_bestmatch_db.benchmark.txt
updated,1.0.1,parse_mmseqs_easy_taxonomy_SILVA,120,0.98,232.84,0.0,0.85,./microbial/210615_391_A1_S1.0.1/mmseqs/splits/120/nuc/parse_mmseqs_easy_taxonomy_SILVA.benchmark.txt
updated,1.0.1,mmseqs_easy_taxonomy_vs_SILVA,120,273.7,11187.68,919.83,2519.1,./microbial/210615_391_A1_S1.0.1/mmseqs/splits/120/nuc/mmseqs_easy_taxonomy_vs_SILVA.benchmark.txt
updated,1.0.1,mmseqs_bestmatch_db,125,0.68,37.27,0.0,0.09,./microbial/210615_391_A1_S1.0.1/mmseqs/splits/125/mmseqs_bestmatch_db.benchmark.txt
updated,1.0.1,parse_mmseqs_easy_taxonomy_SILVA,125,2.58,201.55,22.4,1.15,./microbial/210615_391_A1_S1.0.1/mmseqs/splits/125/nuc/parse_mmseqs_easy_taxonomy_SILVA.benchmark.txt
updated,1.0.1,mmseqs_easy_taxonomy_vs_SILVA,125,289.57,11170.25,866.62,2510.76,./microbial/210615_391_A1_S1.0.1/mmseqs/splits/125/nuc/mmseqs_easy_taxonomy_vs_SILVA.benchmark.txt
updated,1.0.1,mmseqs_bestmatch_db,018,0.73,39.36,0.0,0.11,./microbial/210615_391_A1_S1.0.1/mmseqs/splits/018/mmseqs_bestmatch_db.benchmark.txt
updated,1.0.1,parse_mmseqs_easy_taxonomy_SILVA,018,2.06,92.56,8.08,0.35,./microbial/210615_391_A1_S1.0.1/mmseqs/splits/018/nuc/parse_mmseqs_easy_taxonomy_SILVA.benchmark.txt
updated,1.0.1,mmseqs_easy_taxonomy_vs_SILVA,018,273.91,11173.66,916.46,2511.24,./microbial/210615_391_A1_S1.0.1/mmseqs/splits/018/nuc/mmseqs_easy_taxonomy_vs_SILVA.benchmark.txt
updated,1.0.1,mmseqs_bestmatch_db,059,1.95,168.95,29.26,0.7,./microbial/210615_391_A1_S1.0.1/mmseqs/splits/059/mmseqs_bestmatch_db.benchmark.txt
updated,1.0.1,parse_mmseqs_easy_taxonomy_SILVA,059,0.86,236.9,0.0,1.0,./microbial/210615_391_A1_S1.0.1/mmseqs/splits/059/nuc/parse_mmseqs_easy_taxonomy_SILVA.benchmark.txt
updated,1.0.1,mmseqs_easy_taxonomy_vs_SILVA,059,299.59,11162.93,839.84,2530.64,./microbial/210615_391_A1_S1.0.1/mmseqs/splits/059/nuc/mmseqs_easy_taxonomy_vs_SILVA.benchmark.txt
updated,1.0.1,mmseqs_bestmatch_db,006,0.88,182.69,0.0,0.79,./microbial/210615_391_A1_S1.0.1/mmseqs/splits/006/mmseqs_bestmatch_db.benchmark.txt
updated,1.0.1,parse_mmseqs_easy_taxonomy_SILVA,006,0.75,138.68,0.0,0.36,./microbial/210615_391_A1_S1.0.1/mmseqs/splits/006/nuc/parse_mmseqs_easy_taxonomy_SILVA.benchmark.txt
updated,1.0.1,mmseqs_easy_taxonomy_vs_SILVA,006,327.19,11147.99,858.45,2831.74,./microbial/210615_391_A1_S1.0.1/mmseqs/splits/006/nuc/mmseqs_easy_taxonomy_vs_SILVA.benchmark.txt
updated,1.0.1,mmseqs_bestmatch_db,115,0.7,182.84,0.0,0.66,./microbial/210615_391_A1_S1.0.1/mmseqs/splits/115/mmseqs_bestmatch_db.benchmark.txt
updated,1.0.1,parse_mmseqs_easy_taxonomy_SILVA,115,0.88,234.89,0.0,0.99,./microbial/210615_391_A1_S1.0.1/mmseqs/splits/115/nuc/parse_mmseqs_easy_taxonomy_SILVA.benchmark.txt
updated,1.0.1,mmseqs_easy_taxonomy_vs_SILVA,115,279.38,11136.29,897.11,2508.29,./microbial/210615_391_A1_S1.0.1/mmseqs/splits/115/nuc/mmseqs_easy_taxonomy_vs_SILVA.benchmark.txt
updated,1.0.1,mmseqs_bestmatch_db,072,1.21,154.89,0.0,0.47,./microbial/210615_391_A1_S1.0.1/mmseqs/splits/072/mmseqs_bestmatch_db.benchmark.txt
updated,1.0.1,parse_mmseqs_easy_taxonomy_SILVA,072,0.87,226.11,0.0,0.89,./microbial/210615_391_A1_S1.0.1/mmseqs/splits/072/nuc/parse_mmseqs_easy_taxonomy_SILVA.benchmark.txt
updated,1.0.1,mmseqs_easy_taxonomy_vs_SILVA,072,253.5,11129.84,872.81,2213.61,./microbial/210615_391_A1_S1.0.1/mmseqs/splits/072/nuc/mmseqs_easy_taxonomy_vs_SILVA.benchmark.txt
updated,1.0.1,mmseqs_bestmatch_db,103,0.69,37.3,0.0,0.09,./microbial/210615_391_A1_S1.0.1/mmseqs/splits/103/mmseqs_bestmatch_db.benchmark.txt
updated,1.0.1,parse_mmseqs_easy_taxonomy_SILVA,103,2.01,132.96,15.93,0.56,./microbial/210615_391_A1_S1.0.1/mmseqs/splits/103/nuc/parse_mmseqs_easy_taxonomy_SILVA.benchmark.txt
updated,1.0.1,mmseqs_easy_taxonomy_vs_SILVA,103,344.33,11176.66,881.46,3035.23,./microbial/210615_391_A1_S1.0.1/mmseqs/splits/103/nuc/mmseqs_easy_taxonomy_vs_SILVA.benchmark.txt
updated,1.0.1,mmseqs_bestmatch_db,099,1.1,73.6,0.0,0.26,./microbial/210615_391_A1_S1.0.1/mmseqs/splits/099/mmseqs_bestmatch_db.benchmark.txt
updated,1.0.1,parse_mmseqs_easy_taxonomy_SILVA,099,8.24,220.66,7.2,1.23,./microbial/210615_391_A1_S1.0.1/mmseqs/splits/099/nuc/parse_mmseqs_easy_taxonomy_SILVA.benchmark.txt
updated,1.0.1,mmseqs_easy_taxonomy_vs_SILVA,099,274.93,11174.93,915.28,2517.11,./microbial/210615_391_A1_S1.0.1/mmseqs/splits/099/nuc/mmseqs_easy_taxonomy_vs_SILVA.benchmark.txt
updated,1.0.1,mmseqs_bestmatch_db,126,0.71,38.21,0.0,0.09,./microbial/210615_391_A1_S1.0.1/mmseqs/splits/126/mmseqs_bestmatch_db.benchmark.txt
updated,1.0.1,parse_mmseqs_easy_taxonomy_SILVA,126,0.86,235.56,0.0,0.98,./microbial/210615_391_A1_S1.0.1/mmseqs/splits/126/nuc/parse_mmseqs_easy_taxonomy_SILVA.benchmark.txt
updated,1.0.1,mmseqs_easy_taxonomy_vs_SILVA,126,309.74,11134.6,901.12,2792.51,./microbial/210615_391_A1_S1.0.1/mmseqs/splits/126/nuc/mmseqs_easy_taxonomy_vs_SILVA.benchmark.txt
updated,1.0.1,mmseqs_bestmatch_db,094,1.49,175.84,10.17,0.56,./microbial/210615_391_A1_S1.0.1/mmseqs/splits/094/mmseqs_bestmatch_db.benchmark.txt
updated,1.0.1,parse_mmseqs_easy_taxonomy_SILVA,094,5.62,242.31,15.92,1.27,./microbial/210615_391_A1_S1.0.1/mmseqs/splits/094/nuc/parse_mmseqs_easy_taxonomy_SILVA.benchmark.txt
updated,1.0.1,mmseqs_easy_taxonomy_vs_SILVA,094,274.08,11188.33,916.36,2513.03,./microbial/210615_391_A1_S1.0.1/mmseqs/splits/094/nuc/mmseqs_easy_taxonomy_vs_SILVA.benchmark.txt
updated,1.0.1,mmseqs_bestmatch_db,028,0.74,176.12,0.0,0.59,./microbial/210615_391_A1_S1.0.1/mmseqs/splits/028/mmseqs_bestmatch_db.benchmark.txt
updated,1.0.1,parse_mmseqs_easy_taxonomy_SILVA,028,1.14,197.48,0.0,0.69,./microbial/210615_391_A1_S1.0.1/mmseqs/splits/028/nuc/parse_mmseqs_easy_taxonomy_SILVA.benchmark.txt
updated,1.0.1,mmseqs_easy_taxonomy_vs_SILVA,028,286.52,11128.72,881.55,2527.35,./microbial/210615_391_A1_S1.0.1/mmseqs/splits/028/nuc/mmseqs_easy_taxonomy_vs_SILVA.benchmark.txt
updated,1.0.1,mmseqs_bestmatch_db,022,0.57,36.64,0.0,0.08,./microbial/210615_391_A1_S1.0.1/mmseqs/splits/022/mmseqs_bestmatch_db.benchmark.txt
updated,1.0.1,parse_mmseqs_easy_taxonomy_SILVA,022,0.92,224.67,0.0,0.83,./microbial/210615_391_A1_S1.0.1/mmseqs/splits/022/nuc/parse_mmseqs_easy_taxonomy_SILVA.benchmark.txt
updated,1.0.1,mmseqs_easy_taxonomy_vs_SILVA,022,318.66,11174.95,878.11,2798.86,./microbial/210615_391_A1_S1.0.1/mmseqs/splits/022/nuc/mmseqs_easy_taxonomy_vs_SILVA.benchmark.txt
updated,1.0.1,mmseqs_bestmatch_db,133,0.5,37.9,0.0,0.09,./microbial/210615_391_A1_S1.0.1/mmseqs/splits/133/mmseqs_bestmatch_db.benchmark.txt
updated,1.0.1,parse_mmseqs_easy_taxonomy_SILVA,133,2.02,215.82,8.44,0.93,./microbial/210615_391_A1_S1.0.1/mmseqs/splits/133/nuc/parse_mmseqs_easy_taxonomy_SILVA.benchmark.txt
updated,1.0.1,mmseqs_easy_taxonomy_vs_SILVA,133,192.33,11114.7,821.59,1582.05,./microbial/210615_391_A1_S1.0.1/mmseqs/splits/133/nuc/mmseqs_easy_taxonomy_vs_SILVA.benchmark.txt
updated,1.0.1,mmseqs_bestmatch_db,076,0.6,37.8,0.0,0.09,./microbial/210615_391_A1_S1.0.1/mmseqs/splits/076/mmseqs_bestmatch_db.benchmark.txt
updated,1.0.1,parse_mmseqs_easy_taxonomy_SILVA,076,0.93,230.11,0.0,0.94,./microbial/210615_391_A1_S1.0.1/mmseqs/splits/076/nuc/parse_mmseqs_easy_taxonomy_SILVA.benchmark.txt
updated,1.0.1,mmseqs_easy_taxonomy_vs_SILVA,076,270.64,11175.36,927.15,2511.11,./microbial/210615_391_A1_S1.0.1/mmseqs/splits/076/nuc/mmseqs_easy_taxonomy_vs_SILVA.benchmark.txt
updated,1.0.1,mmseqs_bestmatch_db,075,0.64,37.0,0.0,0.09,./microbial/210615_391_A1_S1.0.1/mmseqs/splits/075/mmseqs_bestmatch_db.benchmark.txt
updated,1.0.1,parse_mmseqs_easy_taxonomy_SILVA,075,0.83,116.76,0.0,0.36,./microbial/210615_391_A1_S1.0.1/mmseqs/splits/075/nuc/parse_mmseqs_easy_taxonomy_SILVA.benchmark.txt
updated,1.0.1,mmseqs_easy_taxonomy_vs_SILVA,075,276.47,11170.71,906.17,2506.59,./microbial/210615_391_A1_S1.0.1/mmseqs/splits/075/nuc/mmseqs_easy_taxonomy_vs_SILVA.benchmark.txt
updated,1.0.1,mmseqs_bestmatch_db,108,0.61,40.77,0.0,0.11,./microbial/210615_391_A1_S1.0.1/mmseqs/splits/108/mmseqs_bestmatch_db.benchmark.txt
updated,1.0.1,parse_mmseqs_easy_taxonomy_SILVA,108,1.82,185.61,1.56,0.54,./microbial/210615_391_A1_S1.0.1/mmseqs/splits/108/nuc/parse_mmseqs_easy_taxonomy_SILVA.benchmark.txt
updated,1.0.1,mmseqs_easy_taxonomy_vs_SILVA,108,296.42,11166.39,838.22,2507.44,./microbial/210615_391_A1_S1.0.1/mmseqs/splits/108/nuc/mmseqs_easy_taxonomy_vs_SILVA.benchmark.txt
updated,1.0.1,mmseqs_bestmatch_db,009,0.66,36.28,0.0,0.08,./microbial/210615_391_A1_S1.0.1/mmseqs/splits/009/mmseqs_bestmatch_db.benchmark.txt
updated,1.0.1,parse_mmseqs_easy_taxonomy_SILVA,009,0.89,135.52,0.0,0.41,./microbial/210615_391_A1_S1.0.1/mmseqs/splits/009/nuc/parse_mmseqs_easy_taxonomy_SILVA.benchmark.txt
updated,1.0.1,mmseqs_easy_taxonomy_vs_SILVA,009,278.43,11179.69,905.26,2521.05,./microbial/210615_391_A1_S1.0.1/mmseqs/splits/009/nuc/mmseqs_easy_taxonomy_vs_SILVA.benchmark.txt
updated,1.0.1,mmseqs_bestmatch_db,087,1.58,166.56,18.17,0.54,./microbial/210615_391_A1_S1.0.1/mmseqs/splits/087/mmseqs_bestmatch_db.benchmark.txt
updated,1.0.1,parse_mmseqs_easy_taxonomy_SILVA,087,1.16,201.03,0.0,0.92,./microbial/210615_391_A1_S1.0.1/mmseqs/splits/087/nuc/parse_mmseqs_easy_taxonomy_SILVA.benchmark.txt
updated,1.0.1,mmseqs_easy_taxonomy_vs_SILVA,087,342.88,11141.56,912.09,3128.93,./microbial/210615_391_A1_S1.0.1/mmseqs/splits/087/nuc/mmseqs_easy_taxonomy_vs_SILVA.benchmark.txt
updated,1.0.1,mmseqs_bestmatch_db,011,0.79,184.28,0.0,0.69,./microbial/210615_391_A1_S1.0.1/mmseqs/splits/011/mmseqs_bestmatch_db.benchmark.txt
updated,1.0.1,parse_mmseqs_easy_taxonomy_SILVA,011,0.83,133.75,0.0,0.39,./microbial/210615_391_A1_S1.0.1/mmseqs/splits/011/nuc/parse_mmseqs_easy_taxonomy_SILVA.benchmark.txt
updated,1.0.1,mmseqs_easy_taxonomy_vs_SILVA,011,312.73,11135.0,908.22,2842.76,./microbial/210615_391_A1_S1.0.1/mmseqs/splits/011/nuc/mmseqs_easy_taxonomy_vs_SILVA.benchmark.txt
updated,1.0.1,mmseqs_bestmatch_db,053,0.92,174.48,0.0,0.45,./microbial/210615_391_A1_S1.0.1/mmseqs/splits/053/mmseqs_bestmatch_db.benchmark.txt
updated,1.0.1,parse_mmseqs_easy_taxonomy_SILVA,053,0.88,235.22,0.0,0.98,./microbial/210615_391_A1_S1.0.1/mmseqs/splits/053/nuc/parse_mmseqs_easy_taxonomy_SILVA.benchmark.txt
updated,1.0.1,mmseqs_easy_taxonomy_vs_SILVA,053,289.49,11186.98,858.24,2486.01,./microbial/210615_391_A1_S1.0.1/mmseqs/splits/053/nuc/mmseqs_easy_taxonomy_vs_SILVA.benchmark.txt
updated,1.0.1,mmseqs_bestmatch_db,112,3.55,171.61,12.63,0.6,./microbial/210615_391_A1_S1.0.1/mmseqs/splits/112/mmseqs_bestmatch_db.benchmark.txt
updated,1.0.1,parse_mmseqs_easy_taxonomy_SILVA,112,0.93,230.79,0.0,0.87,./microbial/210615_391_A1_S1.0.1/mmseqs/splits/112/nuc/parse_mmseqs_easy_taxonomy_SILVA.benchmark.txt
updated,1.0.1,mmseqs_easy_taxonomy_vs_SILVA,112,278.81,11163.17,892.75,2490.2,./microbial/210615_391_A1_S1.0.1/mmseqs/splits/112/nuc/mmseqs_easy_taxonomy_vs_SILVA.benchmark.txt
updated,1.0.1,mmseqs_bestmatch_db,129,0.73,38.05,0.0,0.1,./microbial/210615_391_A1_S1.0.1/mmseqs/splits/129/mmseqs_bestmatch_db.benchmark.txt
updated,1.0.1,parse_mmseqs_easy_taxonomy_SILVA,129,0.8,117.72,0.0,0.36,./microbial/210615_391_A1_S1.0.1/mmseqs/splits/129/nuc/parse_mmseqs_easy_taxonomy_SILVA.benchmark.txt
updated,1.0.1,mmseqs_easy_taxonomy_vs_SILVA,129,260.43,11178.79,857.18,2233.14,./microbial/210615_391_A1_S1.0.1/mmseqs/splits/129/nuc/mmseqs_easy_taxonomy_vs_SILVA.benchmark.txt
updated,1.0.1,mmseqs_bestmatch_db,066,1.89,183.25,28.46,0.71,./microbial/210615_391_A1_S1.0.1/mmseqs/splits/066/mmseqs_bestmatch_db.benchmark.txt
updated,1.0.1,parse_mmseqs_easy_taxonomy_SILVA,066,1.22,202.99,0.0,1.01,./microbial/210615_391_A1_S1.0.1/mmseqs/splits/066/nuc/parse_mmseqs_easy_taxonomy_SILVA.benchmark.txt
updated,1.0.1,mmseqs_easy_taxonomy_vs_SILVA,066,358.89,11151.34,859.48,3085.88,./microbial/210615_391_A1_S1.0.1/mmseqs/splits/066/nuc/mmseqs_easy_taxonomy_vs_SILVA.benchmark.txt
updated,1.0.1,mmseqs_bestmatch_db,025,0.64,37.59,0.0,0.09,./microbial/210615_391_A1_S1.0.1/mmseqs/splits/025/mmseqs_bestmatch_db.benchmark.txt
updated,1.0.1,parse_mmseqs_easy_taxonomy_SILVA,025,0.8,119.98,0.0,0.34,./microbial/210615_391_A1_S1.0.1/mmseqs/splits/025/nuc/parse_mmseqs_easy_taxonomy_SILVA.benchmark.txt
updated,1.0.1,mmseqs_easy_taxonomy_vs_SILVA,025,319.43,11196.37,880.81,2814.69,./microbial/210615_391_A1_S1.0.1/mmseqs/splits/025/nuc/mmseqs_easy_taxonomy_vs_SILVA.benchmark.txt
updated,1.0.1,mmseqs_bestmatch_db,122,0.93,161.66,0.0,0.4,./microbial/210615_391_A1_S1.0.1/mmseqs/splits/122/mmseqs_bestmatch_db.benchmark.txt
updated,1.0.1,parse_mmseqs_easy_taxonomy_SILVA,122,3.88,233.55,24.12,1.25,./microbial/210615_391_A1_S1.0.1/mmseqs/splits/122/nuc/parse_mmseqs_easy_taxonomy_SILVA.benchmark.txt
updated,1.0.1,mmseqs_easy_taxonomy_vs_SILVA,122,279.78,11141.82,905.79,2535.73,./microbial/210615_391_A1_S1.0.1/mmseqs/splits/122/nuc/mmseqs_easy_taxonomy_vs_SILVA.benchmark.txt
updated,1.0.1,mmseqs_bestmatch_db,104,0.6,28.73,0.0,0.09,./microbial/210615_391_A1_S1.0.1/mmseqs/splits/104/mmseqs_bestmatch_db.benchmark.txt
updated,1.0.1,parse_mmseqs_easy_taxonomy_SILVA,104,2.32,211.68,8.18,1.1,./microbial/210615_391_A1_S1.0.1/mmseqs/splits/104/nuc/parse_mmseqs_easy_taxonomy_SILVA.benchmark.txt
updated,1.0.1,mmseqs_easy_taxonomy_vs_SILVA,104,339.96,11160.49,914.37,3109.1,./microbial/210615_391_A1_S1.0.1/mmseqs/splits/104/nuc/mmseqs_easy_taxonomy_vs_SILVA.benchmark.txt
updated,1.0.1,mmseqs_bestmatch_db,007,0.71,36.49,0.0,0.08,./microbial/210615_391_A1_S1.0.1/mmseqs/splits/007/mmseqs_bestmatch_db.benchmark.txt
updated,1.0.1,parse_mmseqs_easy_taxonomy_SILVA,007,0.75,40.46,0.0,0.09,./microbial/210615_391_A1_S1.0.1/mmseqs/splits/007/nuc/parse_mmseqs_easy_taxonomy_SILVA.benchmark.txt
updated,1.0.1,mmseqs_easy_taxonomy_vs_SILVA,007,324.75,11171.81,861.79,2799.66,./microbial/210615_391_A1_S1.0.1/mmseqs/splits/007/nuc/mmseqs_easy_taxonomy_vs_SILVA.benchmark.txt
updated,1.0.1,mmseqs_bestmatch_db,014,2.22,105.11,9.85,0.36,./microbial/210615_391_A1_S1.0.1/mmseqs/splits/014/mmseqs_bestmatch_db.benchmark.txt
updated,1.0.1,parse_mmseqs_easy_taxonomy_SILVA,014,0.77,132.82,0.0,0.35,./microbial/210615_391_A1_S1.0.1/mmseqs/splits/014/nuc/parse_mmseqs_easy_taxonomy_SILVA.benchmark.txt
updated,1.0.1,mmseqs_easy_taxonomy_vs_SILVA,014,273.94,11200.22,923.15,2530.44,./microbial/210615_391_A1_S1.0.1/mmseqs/splits/014/nuc/mmseqs_easy_taxonomy_vs_SILVA.benchmark.txt
updated,1.0.1,mmseqs_bestmatch_db,090,1.84,80.77,6.62,0.31,./microbial/210615_391_A1_S1.0.1/mmseqs/splits/090/mmseqs_bestmatch_db.benchmark.txt
updated,1.0.1,parse_mmseqs_easy_taxonomy_SILVA,090,2.5,182.69,8.17,0.56,./microbial/210615_391_A1_S1.0.1/mmseqs/splits/090/nuc/parse_mmseqs_easy_taxonomy_SILVA.benchmark.txt
updated,1.0.1,mmseqs_easy_taxonomy_vs_SILVA,090,289.54,11184.55,866.0,2508.94,./microbial/210615_391_A1_S1.0.1/mmseqs/splits/090/nuc/mmseqs_easy_taxonomy_vs_SILVA.benchmark.txt
updated,1.0.1,mmseqs_bestmatch_db,048,1.02,146.66,0.0,0.42,./microbial/210615_391_A1_S1.0.1/mmseqs/splits/048/mmseqs_bestmatch_db.benchmark.txt
updated,1.0.1,parse_mmseqs_easy_taxonomy_SILVA,048,1.13,210.43,0.0,1.11,./microbial/210615_391_A1_S1.0.1/mmseqs/splits/048/nuc/parse_mmseqs_easy_taxonomy_SILVA.benchmark.txt
updated,1.0.1,mmseqs_easy_taxonomy_vs_SILVA,048,330.05,11165.63,926.18,3057.11,./microbial/210615_391_A1_S1.0.1/mmseqs/splits/048/nuc/mmseqs_easy_taxonomy_vs_SILVA.benchmark.txt
updated,1.0.1,mmseqs_bestmatch_db,038,0.77,181.17,0.0,0.59,./microbial/210615_391_A1_S1.0.1/mmseqs/splits/038/mmseqs_bestmatch_db.benchmark.txt
updated,1.0.1,parse_mmseqs_easy_taxonomy_SILVA,038,1.0,208.13,0.0,0.81,./microbial/210615_391_A1_S1.0.1/mmseqs/splits/038/nuc/parse_mmseqs_easy_taxonomy_SILVA.benchmark.txt
updated,1.0.1,mmseqs_easy_taxonomy_vs_SILVA,038,273.35,11145.19,926.43,2534.63,./microbial/210615_391_A1_S1.0.1/mmseqs/splits/038/nuc/mmseqs_easy_taxonomy_vs_SILVA.benchmark.txt
updated,1.0.1,mmseqs_bestmatch_db,070,0.68,38.68,0.0,0.11,./microbial/210615_391_A1_S1.0.1/mmseqs/splits/070/mmseqs_bestmatch_db.benchmark.txt
updated,1.0.1,parse_mmseqs_easy_taxonomy_SILVA,070,0.84,228.07,0.0,1.0,./microbial/210615_391_A1_S1.0.1/mmseqs/splits/070/nuc/parse_mmseqs_easy_taxonomy_SILVA.benchmark.txt
updated,1.0.1,mmseqs_easy_taxonomy_vs_SILVA,070,273.59,11206.53,917.25,2510.98,./microbial/210615_391_A1_S1.0.1/mmseqs/splits/070/nuc/mmseqs_easy_taxonomy_vs_SILVA.benchmark.txt
updated,1.0.1,mmseqs_bestmatch_db,050,0.6,40.17,0.0,0.09,./microbial/210615_391_A1_S1.0.1/mmseqs/splits/050/mmseqs_bestmatch_db.benchmark.txt
updated,1.0.1,parse_mmseqs_easy_taxonomy_SILVA,050,1.76,88.52,1.74,0.29,./microbial/210615_391_A1_S1.0.1/mmseqs/splits/050/nuc/parse_mmseqs_easy_taxonomy_SILVA.benchmark.txt
updated,1.0.1,mmseqs_easy_taxonomy_vs_SILVA,050,337.57,11137.23,925.94,3127.76,./microbial/210615_391_A1_S1.0.1/mmseqs/splits/050/nuc/mmseqs_easy_taxonomy_vs_SILVA.benchmark.txt
updated,1.0.1,mmseqs_bestmatch_db,002,0.64,36.95,0.0,0.09,./microbial/210615_391_A1_S1.0.1/mmseqs/splits/002/mmseqs_bestmatch_db.benchmark.txt
updated,1.0.1,parse_mmseqs_easy_taxonomy_SILVA,002,1.19,174.8,0.0,0.51,./microbial/210615_391_A1_S1.0.1/mmseqs/splits/002/nuc/parse_mmseqs_easy_taxonomy_SILVA.benchmark.txt
updated,1.0.1,mmseqs_easy_taxonomy_vs_SILVA,002,321.68,11134.53,883.34,2843.36,./microbial/210615_391_A1_S1.0.1/mmseqs/splits/002/nuc/mmseqs_easy_taxonomy_vs_SILVA.benchmark.txt
updated,1.0.1,mmseqs_bestmatch_db,113,0.78,175.02,0.0,0.64,./microbial/210615_391_A1_S1.0.1/mmseqs/splits/113/mmseqs_bestmatch_db.benchmark.txt
updated,1.0.1,parse_mmseqs_easy_taxonomy_SILVA,113,8.12,160.88,8.58,1.41,./microbial/210615_391_A1_S1.0.1/mmseqs/splits/113/nuc/parse_mmseqs_easy_taxonomy_SILVA.benchmark.txt
updated,1.0.1,mmseqs_easy_taxonomy_vs_SILVA,113,263.43,11194.38,812.23,2160.7,./microbial/210615_391_A1_S1.0.1/mmseqs/splits/113/nuc/mmseqs_easy_taxonomy_vs_SILVA.benchmark.txt
updated,1.0.1,mmseqs_bestmatch_db,118,1.0,166.71,0.0,0.43,./microbial/210615_391_A1_S1.0.1/mmseqs/splits/118/mmseqs_bestmatch_db.benchmark.txt
updated,1.0.1,parse_mmseqs_easy_taxonomy_SILVA,118,0.94,208.04,0.0,0.78,./microbial/210615_391_A1_S1.0.1/mmseqs/splits/118/nuc/parse_mmseqs_easy_taxonomy_SILVA.benchmark.txt
updated,1.0.1,mmseqs_easy_taxonomy_vs_SILVA,118,263.27,11141.95,838.93,2209.79,./microbial/210615_391_A1_S1.0.1/mmseqs/splits/118/nuc/mmseqs_easy_taxonomy_vs_SILVA.benchmark.txt
updated,1.0.1,mmseqs_bestmatch_db,008,0.52,37.4,0.0,0.1,./microbial/210615_391_A1_S1.0.1/mmseqs/splits/008/mmseqs_bestmatch_db.benchmark.txt
updated,1.0.1,parse_mmseqs_easy_taxonomy_SILVA,008,0.84,117.76,0.0,0.4,./microbial/210615_391_A1_S1.0.1/mmseqs/splits/008/nuc/parse_mmseqs_easy_taxonomy_SILVA.benchmark.txt
updated,1.0.1,mmseqs_easy_taxonomy_vs_SILVA,008,339.93,11201.0,904.24,3075.22,./microbial/210615_391_A1_S1.0.1/mmseqs/splits/008/nuc/mmseqs_easy_taxonomy_vs_SILVA.benchmark.txt
updated,1.0.1,mmseqs_bestmatch_db,031,1.06,83.06,0.0,0.38,./microbial/210615_391_A1_S1.0.1/mmseqs/splits/031/mmseqs_bestmatch_db.benchmark.txt
updated,1.0.1,parse_mmseqs_easy_taxonomy_SILVA,031,0.8,128.98,0.0,0.36,./microbial/210615_391_A1_S1.0.1/mmseqs/splits/031/nuc/parse_mmseqs_easy_taxonomy_SILVA.benchmark.txt
updated,1.0.1,mmseqs_easy_taxonomy_vs_SILVA,031,377.41,11211.81,898.52,3394.05,./microbial/210615_391_A1_S1.0.1/mmseqs/splits/031/nuc/mmseqs_easy_taxonomy_vs_SILVA.benchmark.txt
updated,1.0.1,mmseqs_bestmatch_db,042,0.58,37.14,0.0,0.09,./microbial/210615_391_A1_S1.0.1/mmseqs/splits/042/mmseqs_bestmatch_db.benchmark.txt
updated,1.0.1,parse_mmseqs_easy_taxonomy_SILVA,042,2.2,224.38,8.12,1.1,./microbial/210615_391_A1_S1.0.1/mmseqs/splits/042/nuc/parse_mmseqs_easy_taxonomy_SILVA.benchmark.txt
updated,1.0.1,mmseqs_easy_taxonomy_vs_SILVA,042,281.47,11181.14,876.07,2467.38,./microbial/210615_391_A1_S1.0.1/mmseqs/splits/042/nuc/mmseqs_easy_taxonomy_vs_SILVA.benchmark.txt
updated,1.0.1,mmseqs_bestmatch_db,033,0.78,179.73,0.0,0.55,./microbial/210615_391_A1_S1.0.1/mmseqs/splits/033/mmseqs_bestmatch_db.benchmark.txt
updated,1.0.1,parse_mmseqs_easy_taxonomy_SILVA,033,0.88,228.79,0.0,0.95,./microbial/210615_391_A1_S1.0.1/mmseqs/splits/033/nuc/parse_mmseqs_easy_taxonomy_SILVA.benchmark.txt
updated,1.0.1,mmseqs_easy_taxonomy_vs_SILVA,033,295.95,11169.62,847.98,2519.95,./microbial/210615_391_A1_S1.0.1/mmseqs/splits/033/nuc/mmseqs_easy_taxonomy_vs_SILVA.benchmark.txt
updated,1.0.1,mmseqs_bestmatch_db,124,0.77,182.31,0.0,0.56,./microbial/210615_391_A1_S1.0.1/mmseqs/splits/124/mmseqs_bestmatch_db.benchmark.txt
updated,1.0.1,parse_mmseqs_easy_taxonomy_SILVA,124,4.01,176.98,1.72,0.62,./microbial/210615_391_A1_S1.0.1/mmseqs/splits/124/nuc/parse_mmseqs_easy_taxonomy_SILVA.benchmark.txt
updated,1.0.1,mmseqs_easy_taxonomy_vs_SILVA,124,279.68,11177.05,893.0,2498.02,./microbial/210615_391_A1_S1.0.1/mmseqs/splits/124/nuc/mmseqs_easy_taxonomy_vs_SILVA.benchmark.txt
updated,1.0.1,mmseqs_bestmatch_db,111,0.65,37.9,0.0,0.09,./microbial/210615_391_A1_S1.0.1/mmseqs/splits/111/mmseqs_bestmatch_db.benchmark.txt
updated,1.0.1,parse_mmseqs_easy_taxonomy_SILVA,111,3.61,184.41,6.92,0.67,./microbial/210615_391_A1_S1.0.1/mmseqs/splits/111/nuc/parse_mmseqs_easy_taxonomy_SILVA.benchmark.txt
updated,1.0.1,mmseqs_easy_taxonomy_vs_SILVA,111,306.62,11185.08,914.78,2806.69,./microbial/210615_391_A1_S1.0.1/mmseqs/splits/111/nuc/mmseqs_easy_taxonomy_vs_SILVA.benchmark.txt
updated,1.0.1,mmseqs_bestmatch_db,069,0.74,184.05,0.0,0.62,./microbial/210615_391_A1_S1.0.1/mmseqs/splits/069/mmseqs_bestmatch_db.benchmark.txt
updated,1.0.1,parse_mmseqs_easy_taxonomy_SILVA,069,5.4,214.73,10.43,1.29,./microbial/210615_391_A1_S1.0.1/mmseqs/splits/069/nuc/parse_mmseqs_easy_taxonomy_SILVA.benchmark.txt
updated,1.0.1,mmseqs_easy_taxonomy_vs_SILVA,069,259.04,11171.49,856.2,2220.16,./microbial/210615_391_A1_S1.0.1/mmseqs/splits/069/nuc/mmseqs_easy_taxonomy_vs_SILVA.benchmark.txt
updated,1.0.1,mmseqs_bestmatch_db,096,0.76,184.09,0.0,0.56,./microbial/210615_391_A1_S1.0.1/mmseqs/splits/096/mmseqs_bestmatch_db.benchmark.txt
updated,1.0.1,parse_mmseqs_easy_taxonomy_SILVA,096,1.26,171.68,0.0,0.54,./microbial/210615_391_A1_S1.0.1/mmseqs/splits/096/nuc/parse_mmseqs_easy_taxonomy_SILVA.benchmark.txt
updated,1.0.1,mmseqs_easy_taxonomy_vs_SILVA,096,332.73,11147.07,927.16,3086.24,./microbial/210615_391_A1_S1.0.1/mmseqs/splits/096/nuc/mmseqs_easy_taxonomy_vs_SILVA.benchmark.txt
updated,1.0.1,mmseqs_bestmatch_db,084,1.07,101.45,0.0,0.29,./microbial/210615_391_A1_S1.0.1/mmseqs/splits/084/mmseqs_bestmatch_db.benchmark.txt
updated,1.0.1,parse_mmseqs_easy_taxonomy_SILVA,084,3.13,213.61,12.62,1.62,./microbial/210615_391_A1_S1.0.1/mmseqs/splits/084/nuc/parse_mmseqs_easy_taxonomy_SILVA.benchmark.txt
updated,1.0.1,mmseqs_easy_taxonomy_vs_SILVA,084,282.2,11136.28,879.89,2483.99,./microbial/210615_391_A1_S1.0.1/mmseqs/splits/084/nuc/mmseqs_easy_taxonomy_vs_SILVA.benchmark.txt
updated,1.0.1,mmseqs_bestmatch_db,061,2.04,175.66,28.61,0.82,./microbial/210615_391_A1_S1.0.1/mmseqs/splits/061/mmseqs_bestmatch_db.benchmark.txt
updated,1.0.1,parse_mmseqs_easy_taxonomy_SILVA,061,0.81,37.75,0.0,0.09,./microbial/210615_391_A1_S1.0.1/mmseqs/splits/061/nuc/parse_mmseqs_easy_taxonomy_SILVA.benchmark.txt
updated,1.0.1,mmseqs_easy_taxonomy_vs_SILVA,061,263.39,11196.7,844.17,2225.4,./microbial/210615_391_A1_S1.0.1/mmseqs/splits/061/nuc/mmseqs_easy_taxonomy_vs_SILVA.benchmark.txt
updated,1.0.1,mmseqs_bestmatch_db,040,0.64,37.32,0.0,0.09,./microbial/210615_391_A1_S1.0.1/mmseqs/splits/040/mmseqs_bestmatch_db.benchmark.txt
updated,1.0.1,parse_mmseqs_easy_taxonomy_SILVA,040,1.19,184.56,0.0,0.55,./microbial/210615_391_A1_S1.0.1/mmseqs/splits/040/nuc/parse_mmseqs_easy_taxonomy_SILVA.benchmark.txt
updated,1.0.1,mmseqs_easy_taxonomy_vs_SILVA,040,275.02,11181.86,912.97,2511.98,./microbial/210615_391_A1_S1.0.1/mmseqs/splits/040/nuc/mmseqs_easy_taxonomy_vs_SILVA.benchmark.txt
updated,1.0.1,mmseqs_bestmatch_db,045,1.19,81.14,0.0,0.29,./microbial/210615_391_A1_S1.0.1/mmseqs/splits/045/mmseqs_bestmatch_db.benchmark.txt
updated,1.0.1,parse_mmseqs_easy_taxonomy_SILVA,045,0.98,218.14,0.0,0.87,./microbial/210615_391_A1_S1.0.1/mmseqs/splits/045/nuc/parse_mmseqs_easy_taxonomy_SILVA.benchmark.txt
updated,1.0.1,mmseqs_easy_taxonomy_vs_SILVA,045,324.34,11175.77,863.03,2827.6,./microbial/210615_391_A1_S1.0.1/mmseqs/splits/045/nuc/mmseqs_easy_taxonomy_vs_SILVA.benchmark.txt
updated,1.0.1,mmseqs_bestmatch_db,047,1.83,86.93,7.7,0.33,./microbial/210615_391_A1_S1.0.1/mmseqs/splits/047/mmseqs_bestmatch_db.benchmark.txt
updated,1.0.1,parse_mmseqs_easy_taxonomy_SILVA,047,2.47,137.27,8.66,0.47,./microbial/210615_391_A1_S1.0.1/mmseqs/splits/047/nuc/parse_mmseqs_easy_taxonomy_SILVA.benchmark.txt
updated,1.0.1,mmseqs_easy_taxonomy_vs_SILVA,047,313.48,11179.26,890.32,2792.84,./microbial/210615_391_A1_S1.0.1/mmseqs/splits/047/nuc/mmseqs_easy_taxonomy_vs_SILVA.benchmark.txt
updated,1.0.1,mmseqs_bestmatch_db,017,0.73,190.23,0.0,0.63,./microbial/210615_391_A1_S1.0.1/mmseqs/splits/017/mmseqs_bestmatch_db.benchmark.txt
updated,1.0.1,parse_mmseqs_easy_taxonomy_SILVA,017,0.86,229.09,0.0,0.95,./microbial/210615_391_A1_S1.0.1/mmseqs/splits/017/nuc/parse_mmseqs_easy_taxonomy_SILVA.benchmark.txt
updated,1.0.1,mmseqs_easy_taxonomy_vs_SILVA,017,269.4,11148.77,933.15,2515.14,./microbial/210615_391_A1_S1.0.1/mmseqs/splits/017/nuc/mmseqs_easy_taxonomy_vs_SILVA.benchmark.txt
updated,1.0.1,mmseqs_bestmatch_db,132,1.95,170.46,28.81,0.69,./microbial/210615_391_A1_S1.0.1/mmseqs/splits/132/mmseqs_bestmatch_db.benchmark.txt
updated,1.0.1,parse_mmseqs_easy_taxonomy_SILVA,132,1.13,203.35,0.0,0.97,./microbial/210615_391_A1_S1.0.1/mmseqs/splits/132/nuc/parse_mmseqs_easy_taxonomy_SILVA.benchmark.txt
updated,1.0.1,mmseqs_easy_taxonomy_vs_SILVA,132,304.77,11172.03,913.01,2783.51,./microbial/210615_391_A1_S1.0.1/mmseqs/splits/132/nuc/mmseqs_easy_taxonomy_vs_SILVA.benchmark.txt
updated,1.0.1,mmseqs_bestmatch_db,127,0.67,37.96,0.0,0.09,./microbial/210615_391_A1_S1.0.1/mmseqs/splits/127/mmseqs_bestmatch_db.benchmark.txt
updated,1.0.1,parse_mmseqs_easy_taxonomy_SILVA,127,0.82,138.27,0.0,0.4,./microbial/210615_391_A1_S1.0.1/mmseqs/splits/127/nuc/parse_mmseqs_easy_taxonomy_SILVA.benchmark.txt
updated,1.0.1,mmseqs_easy_taxonomy_vs_SILVA,127,260.29,11183.25,843.77,2197.37,./microbial/210615_391_A1_S1.0.1/mmseqs/splits/127/nuc/mmseqs_easy_taxonomy_vs_SILVA.benchmark.txt
updated,1.0.1,mmseqs_bestmatch_db,013,0.89,164.56,0.0,0.46,./microbial/210615_391_A1_S1.0.1/mmseqs/splits/013/mmseqs_bestmatch_db.benchmark.txt
updated,1.0.1,parse_mmseqs_easy_taxonomy_SILVA,013,0.89,37.76,0.0,0.09,./microbial/210615_391_A1_S1.0.1/mmseqs/splits/013/nuc/parse_mmseqs_easy_taxonomy_SILVA.benchmark.txt
updated,1.0.1,mmseqs_easy_taxonomy_vs_SILVA,013,285.51,11157.82,878.89,2512.33,./microbial/210615_391_A1_S1.0.1/mmseqs/splits/013/nuc/mmseqs_easy_taxonomy_vs_SILVA.benchmark.txt
updated,1.0.1,mmseqs_bestmatch_db,092,2.16,164.98,21.27,0.65,./microbial/210615_391_A1_S1.0.1/mmseqs/splits/092/mmseqs_bestmatch_db.benchmark.txt
updated,1.0.1,parse_mmseqs_easy_taxonomy_SILVA,092,2.87,210.61,9.05,1.17,./microbial/210615_391_A1_S1.0.1/mmseqs/splits/092/nuc/parse_mmseqs_easy_taxonomy_SILVA.benchmark.txt
updated,1.0.1,mmseqs_easy_taxonomy_vs_SILVA,092,278.1,11182.31,888.33,2471.88,./microbial/210615_391_A1_S1.0.1/mmseqs/splits/092/nuc/mmseqs_easy_taxonomy_vs_SILVA.benchmark.txt
updated,1.0.1,mmseqs_bestmatch_db,079,0.88,117.35,0.0,0.34,./microbial/210615_391_A1_S1.0.1/mmseqs/splits/079/mmseqs_bestmatch_db.benchmark.txt
updated,1.0.1,parse_mmseqs_easy_taxonomy_SILVA,079,1.96,142.45,18.73,0.62,./microbial/210615_391_A1_S1.0.1/mmseqs/splits/079/nuc/parse_mmseqs_easy_taxonomy_SILVA.benchmark.txt
updated,1.0.1,mmseqs_easy_taxonomy_vs_SILVA,079,459.47,11178.99,927.59,4263.02,./microbial/210615_391_A1_S1.0.1/mmseqs/splits/079/nuc/mmseqs_easy_taxonomy_vs_SILVA.benchmark.txt
updated,1.0.1,mmseqs_bestmatch_db,026,0.75,176.98,0.0,0.57,./microbial/210615_391_A1_S1.0.1/mmseqs/splits/026/mmseqs_bestmatch_db.benchmark.txt
updated,1.0.1,parse_mmseqs_easy_taxonomy_SILVA,026,5.42,217.29,3.92,1.21,./microbial/210615_391_A1_S1.0.1/mmseqs/splits/026/nuc/parse_mmseqs_easy_taxonomy_SILVA.benchmark.txt
updated,1.0.1,mmseqs_easy_taxonomy_vs_SILVA,026,275.21,11176.29,908.82,2502.87,./microbial/210615_391_A1_S1.0.1/mmseqs/splits/026/nuc/mmseqs_easy_taxonomy_vs_SILVA.benchmark.txt
updated,1.0.1,mmseqs_bestmatch_db,055,0.57,37.53,0.0,0.09,./microbial/210615_391_A1_S1.0.1/mmseqs/splits/055/mmseqs_bestmatch_db.benchmark.txt
updated,1.0.1,parse_mmseqs_easy_taxonomy_SILVA,055,0.78,120.1,0.0,0.35,./microbial/210615_391_A1_S1.0.1/mmseqs/splits/055/nuc/parse_mmseqs_easy_taxonomy_SILVA.benchmark.txt
updated,1.0.1,mmseqs_easy_taxonomy_vs_SILVA,055,264.55,11158.5,845.09,2238.72,./microbial/210615_391_A1_S1.0.1/mmseqs/splits/055/nuc/mmseqs_easy_taxonomy_vs_SILVA.benchmark.txt
updated,1.0.1,mmseqs_bestmatch_db,121,0.82,185.36,0.0,0.47,./microbial/210615_391_A1_S1.0.1/mmseqs/splits/121/mmseqs_bestmatch_db.benchmark.txt
updated,1.0.1,parse_mmseqs_easy_taxonomy_SILVA,121,10.25,228.4,12.55,1.6,./microbial/210615_391_A1_S1.0.1/mmseqs/splits/121/nuc/parse_mmseqs_easy_taxonomy_SILVA.benchmark.txt
updated,1.0.1,mmseqs_easy_taxonomy_vs_SILVA,121,282.88,11179.16,889.11,2516.11,./microbial/210615_391_A1_S1.0.1/mmseqs/splits/121/nuc/mmseqs_easy_taxonomy_vs_SILVA.benchmark.txt
updated,1.0.1,mmseqs_bestmatch_db,058,1.36,170.8,21.44,0.51,./microbial/210615_391_A1_S1.0.1/mmseqs/splits/058/mmseqs_bestmatch_db.benchmark.txt
updated,1.0.1,parse_mmseqs_easy_taxonomy_SILVA,058,4.05,219.4,1.95,0.92,./microbial/210615_391_A1_S1.0.1/mmseqs/splits/058/nuc/parse_mmseqs_easy_taxonomy_SILVA.benchmark.txt
updated,1.0.1,mmseqs_easy_taxonomy_vs_SILVA,058,285.54,11162.21,864.74,2470.6,./microbial/210615_391_A1_S1.0.1/mmseqs/splits/058/nuc/mmseqs_easy_taxonomy_vs_SILVA.benchmark.txt
updated,1.0.1,mmseqs_bestmatch_db,049,2.2,127.86,17.81,0.58,./microbial/210615_391_A1_S1.0.1/mmseqs/splits/049/mmseqs_bestmatch_db.benchmark.txt
updated,1.0.1,parse_mmseqs_easy_taxonomy_SILVA,049,0.89,224.48,0.0,0.88,./microbial/210615_391_A1_S1.0.1/mmseqs/splits/049/nuc/parse_mmseqs_easy_taxonomy_SILVA.benchmark.txt
updated,1.0.1,mmseqs_easy_taxonomy_vs_SILVA,049,282.51,11180.82,887.93,2509.8,./microbial/210615_391_A1_S1.0.1/mmseqs/splits/049/nuc/mmseqs_easy_taxonomy_vs_SILVA.benchmark.txt
updated,1.0.1,mmseqs_bestmatch_db,016,1.21,65.07,0.0,0.22,./microbial/210615_391_A1_S1.0.1/mmseqs/splits/016/mmseqs_bestmatch_db.benchmark.txt
updated,1.0.1,parse_mmseqs_easy_taxonomy_SILVA,016,0.82,123.72,0.0,0.36,./microbial/210615_391_A1_S1.0.1/mmseqs/splits/016/nuc/parse_mmseqs_easy_taxonomy_SILVA.benchmark.txt
updated,1.0.1,mmseqs_easy_taxonomy_vs_SILVA,016,265.35,11154.25,837.05,2232.87,./microbial/210615_391_A1_S1.0.1/mmseqs/splits/016/nuc/mmseqs_easy_taxonomy_vs_SILVA.benchmark.txt
updated,1.0.1,mmseqs_bestmatch_db,062,4.45,156.55,17.9,0.92,./microbial/210615_391_A1_S1.0.1/mmseqs/splits/062/mmseqs_bestmatch_db.benchmark.txt
updated,1.0.1,parse_mmseqs_easy_taxonomy_SILVA,062,5.52,232.08,16.29,1.4,./microbial/210615_391_A1_S1.0.1/mmseqs/splits/062/nuc/parse_mmseqs_easy_taxonomy_SILVA.benchmark.txt
updated,1.0.1,mmseqs_easy_taxonomy_vs_SILVA,062,271.86,11143.16,921.83,2506.92,./microbial/210615_391_A1_S1.0.1/mmseqs/splits/062/nuc/mmseqs_easy_taxonomy_vs_SILVA.benchmark.txt
updated,1.0.1,mmseqs_bestmatch_db,032,0.65,36.72,0.0,0.1,./microbial/210615_391_A1_S1.0.1/mmseqs/splits/032/mmseqs_bestmatch_db.benchmark.txt
updated,1.0.1,parse_mmseqs_easy_taxonomy_SILVA,032,1.12,191.99,0.0,0.64,./microbial/210615_391_A1_S1.0.1/mmseqs/splits/032/nuc/parse_mmseqs_easy_taxonomy_SILVA.benchmark.txt
updated,1.0.1,mmseqs_easy_taxonomy_vs_SILVA,032,311.11,11184.98,907.23,2823.11,./microbial/210615_391_A1_S1.0.1/mmseqs/splits/032/nuc/mmseqs_easy_taxonomy_vs_SILVA.benchmark.txt
updated,1.0.1,mmseqs_bestmatch_db,003,0.86,212.45,0.0,0.86,./microbial/210615_391_A1_S1.0.1/mmseqs/splits/003/mmseqs_bestmatch_db.benchmark.txt
updated,1.0.1,parse_mmseqs_easy_taxonomy_SILVA,003,0.78,138.38,0.0,0.37,./microbial/210615_391_A1_S1.0.1/mmseqs/splits/003/nuc/parse_mmseqs_easy_taxonomy_SILVA.benchmark.txt
updated,1.0.1,mmseqs_easy_taxonomy_vs_SILVA,003,337.4,11166.37,901.82,3044.6,./microbial/210615_391_A1_S1.0.1/mmseqs/splits/003/nuc/mmseqs_easy_taxonomy_vs_SILVA.benchmark.txt
updated,1.0.1,mmseqs_bestmatch_db,020,0.57,38.28,0.0,0.08,./microbial/210615_391_A1_S1.0.1/mmseqs/splits/020/mmseqs_bestmatch_db.benchmark.txt
updated,1.0.1,parse_mmseqs_easy_taxonomy_SILVA,020,0.9,234.13,0.0,0.97,./microbial/210615_391_A1_S1.0.1/mmseqs/splits/020/nuc/parse_mmseqs_easy_taxonomy_SILVA.benchmark.txt
updated,1.0.1,mmseqs_easy_taxonomy_vs_SILVA,020,336.03,11146.24,835.68,2818.18,./microbial/210615_391_A1_S1.0.1/mmseqs/splits/020/nuc/mmseqs_easy_taxonomy_vs_SILVA.benchmark.txt
updated,1.0.1,mmseqs_bestmatch_db,035,0.92,172.61,0.0,0.44,./microbial/210615_391_A1_S1.0.1/mmseqs/splits/035/mmseqs_bestmatch_db.benchmark.txt
updated,1.0.1,parse_mmseqs_easy_taxonomy_SILVA,035,2.61,186.88,18.79,0.77,./microbial/210615_391_A1_S1.0.1/mmseqs/splits/035/nuc/parse_mmseqs_easy_taxonomy_SILVA.benchmark.txt
updated,1.0.1,mmseqs_easy_taxonomy_vs_SILVA,035,287.43,11143.5,878.92,2527.84,./microbial/210615_391_A1_S1.0.1/mmseqs/splits/035/nuc/mmseqs_easy_taxonomy_vs_SILVA.benchmark.txt
updated,1.0.1,mmseqs_bestmatch_db,057,1.85,116.31,10.9,0.44,./microbial/210615_391_A1_S1.0.1/mmseqs/splits/057/mmseqs_bestmatch_db.benchmark.txt
updated,1.0.1,parse_mmseqs_easy_taxonomy_SILVA,057,1.32,189.67,0.0,0.88,./microbial/210615_391_A1_S1.0.1/mmseqs/splits/057/nuc/parse_mmseqs_easy_taxonomy_SILVA.benchmark.txt
updated,1.0.1,mmseqs_easy_taxonomy_vs_SILVA,057,300.36,11170.8,830.47,2495.84,./microbial/210615_391_A1_S1.0.1/mmseqs/splits/057/nuc/mmseqs_easy_taxonomy_vs_SILVA.benchmark.txt
updated,1.0.1,mmseqs_bestmatch_db,029,0.55,34.51,0.0,0.05,./microbial/210615_391_A1_S1.0.1/mmseqs/splits/029/mmseqs_bestmatch_db.benchmark.txt
updated,1.0.1,parse_mmseqs_easy_taxonomy_SILVA,029,1.95,203.65,30.05,1.73,./microbial/210615_391_A1_S1.0.1/mmseqs/splits/029/nuc/parse_mmseqs_easy_taxonomy_SILVA.benchmark.txt
updated,1.0.1,mmseqs_easy_taxonomy_vs_SILVA,029,313.41,11171.73,902.14,2828.24,./microbial/210615_391_A1_S1.0.1/mmseqs/splits/029/nuc/mmseqs_easy_taxonomy_vs_SILVA.benchmark.txt
updated,1.0.1,mmseqs_bestmatch_db,119,0.6,44.53,0.0,0.09,./microbial/210615_391_A1_S1.0.1/mmseqs/splits/119/mmseqs_bestmatch_db.benchmark.txt
updated,1.0.1,parse_mmseqs_easy_taxonomy_SILVA,119,0.93,222.02,0.0,0.96,./microbial/210615_391_A1_S1.0.1/mmseqs/splits/119/nuc/parse_mmseqs_easy_taxonomy_SILVA.benchmark.txt
updated,1.0.1,mmseqs_easy_taxonomy_vs_SILVA,119,276.86,11175.95,911.19,2524.15,./microbial/210615_391_A1_S1.0.1/mmseqs/splits/119/nuc/mmseqs_easy_taxonomy_vs_SILVA.benchmark.txt
updated,1.0.1,mmseqs_bestmatch_db,044,0.58,38.89,0.0,0.09,./microbial/210615_391_A1_S1.0.1/mmseqs/splits/044/mmseqs_bestmatch_db.benchmark.txt
updated,1.0.1,parse_mmseqs_easy_taxonomy_SILVA,044,1.88,141.12,17.42,0.58,./microbial/210615_391_A1_S1.0.1/mmseqs/splits/044/nuc/parse_mmseqs_easy_taxonomy_SILVA.benchmark.txt
updated,1.0.1,mmseqs_easy_taxonomy_vs_SILVA,044,257.92,11174.56,848.03,2188.89,./microbial/210615_391_A1_S1.0.1/mmseqs/splits/044/nuc/mmseqs_easy_taxonomy_vs_SILVA.benchmark.txt
updated,1.0.1,mmseqs_bestmatch_db,086,0.95,164.01,0.0,0.48,./microbial/210615_391_A1_S1.0.1/mmseqs/splits/086/mmseqs_bestmatch_db.benchmark.txt
updated,1.0.1,parse_mmseqs_easy_taxonomy_SILVA,086,1.25,192.86,0.0,0.89,./microbial/210615_391_A1_S1.0.1/mmseqs/splits/086/nuc/parse_mmseqs_easy_taxonomy_SILVA.benchmark.txt
updated,1.0.1,mmseqs_easy_taxonomy_vs_SILVA,086,273.65,11162.18,911.48,2495.39,./microbial/210615_391_A1_S1.0.1/mmseqs/splits/086/nuc/mmseqs_easy_taxonomy_vs_SILVA.benchmark.txt
updated,1.0.1,mmseqs_bestmatch_db,101,0.75,172.72,0.0,0.57,./microbial/210615_391_A1_S1.0.1/mmseqs/splits/101/mmseqs_bestmatch_db.benchmark.txt
updated,1.0.1,parse_mmseqs_easy_taxonomy_SILVA,101,0.99,200.6,0.0,0.68,./microbial/210615_391_A1_S1.0.1/mmseqs/splits/101/nuc/parse_mmseqs_easy_taxonomy_SILVA.benchmark.txt
updated,1.0.1,mmseqs_easy_taxonomy_vs_SILVA,101,301.17,11154.38,936.35,2822.0,./microbial/210615_391_A1_S1.0.1/mmseqs/splits/101/nuc/mmseqs_easy_taxonomy_vs_SILVA.benchmark.txt
updated,1.0.1,mmseqs_bestmatch_db,019,0.67,40.12,0.0,0.09,./microbial/210615_391_A1_S1.0.1/mmseqs/splits/019/mmseqs_bestmatch_db.benchmark.txt
updated,1.0.1,parse_mmseqs_easy_taxonomy_SILVA,019,1.34,188.77,0.0,0.84,./microbial/210615_391_A1_S1.0.1/mmseqs/splits/019/nuc/parse_mmseqs_easy_taxonomy_SILVA.benchmark.txt
updated,1.0.1,mmseqs_easy_taxonomy_vs_SILVA,019,277.55,11166.32,911.63,2531.17,./microbial/210615_391_A1_S1.0.1/mmseqs/splits/019/nuc/mmseqs_easy_taxonomy_vs_SILVA.benchmark.txt
updated,1.0.1,mmseqs_bestmatch_db,123,0.76,58.96,0.0,0.22,./microbial/210615_391_A1_S1.0.1/mmseqs/splits/123/mmseqs_bestmatch_db.benchmark.txt
updated,1.0.1,parse_mmseqs_easy_taxonomy_SILVA,123,10.55,161.44,6.46,1.36,./microbial/210615_391_A1_S1.0.1/mmseqs/splits/123/nuc/parse_mmseqs_easy_taxonomy_SILVA.benchmark.txt
updated,1.0.1,mmseqs_easy_taxonomy_vs_SILVA,123,280.87,11141.0,887.72,2494.15,./microbial/210615_391_A1_S1.0.1/mmseqs/splits/123/nuc/mmseqs_easy_taxonomy_vs_SILVA.benchmark.txt
updated,1.0.1,mmseqs_bestmatch_db,052,0.74,182.65,0.0,0.57,./microbial/210615_391_A1_S1.0.1/mmseqs/splits/052/mmseqs_bestmatch_db.benchmark.txt
updated,1.0.1,parse_mmseqs_easy_taxonomy_SILVA,052,3.22,235.67,10.53,1.21,./microbial/210615_391_A1_S1.0.1/mmseqs/splits/052/nuc/parse_mmseqs_easy_taxonomy_SILVA.benchmark.txt
updated,1.0.1,mmseqs_easy_taxonomy_vs_SILVA,052,257.79,11185.12,848.05,2187.66,./microbial/210615_391_A1_S1.0.1/mmseqs/splits/052/nuc/mmseqs_easy_taxonomy_vs_SILVA.benchmark.txt
updated,1.0.1,mmseqs_bestmatch_db,106,0.8,182.16,0.0,0.48,./microbial/210615_391_A1_S1.0.1/mmseqs/splits/106/mmseqs_bestmatch_db.benchmark.txt
updated,1.0.1,parse_mmseqs_easy_taxonomy_SILVA,106,2.11,214.7,8.08,0.95,./microbial/210615_391_A1_S1.0.1/mmseqs/splits/106/nuc/parse_mmseqs_easy_taxonomy_SILVA.benchmark.txt
updated,1.0.1,mmseqs_easy_taxonomy_vs_SILVA,106,311.07,11150.28,908.97,2829.54,./microbial/210615_391_A1_S1.0.1/mmseqs/splits/106/nuc/mmseqs_easy_taxonomy_vs_SILVA.benchmark.txt
updated,1.0.1,mmseqs_bestmatch_db,030,0.67,38.06,0.0,0.1,./microbial/210615_391_A1_S1.0.1/mmseqs/splits/030/mmseqs_bestmatch_db.benchmark.txt
updated,1.0.1,parse_mmseqs_easy_taxonomy_SILVA,030,2.61,178.35,20.03,0.79,./microbial/210615_391_A1_S1.0.1/mmseqs/splits/030/nuc/parse_mmseqs_easy_taxonomy_SILVA.benchmark.txt
updated,1.0.1,mmseqs_easy_taxonomy_vs_SILVA,030,295.68,11194.21,849.57,2530.05,./microbial/210615_391_A1_S1.0.1/mmseqs/splits/030/nuc/mmseqs_easy_taxonomy_vs_SILVA.benchmark.txt
updated,1.0.1,mmseqs_bestmatch_db,107,3.15,180.49,22.4,1.01,./microbial/210615_391_A1_S1.0.1/mmseqs/splits/107/mmseqs_bestmatch_db.benchmark.txt
updated,1.0.1,parse_mmseqs_easy_taxonomy_SILVA,107,0.78,138.14,0.0,0.36,./microbial/210615_391_A1_S1.0.1/mmseqs/splits/107/nuc/parse_mmseqs_easy_taxonomy_SILVA.benchmark.txt
updated,1.0.1,mmseqs_easy_taxonomy_vs_SILVA,107,276.03,11209.83,913.46,2523.37,./microbial/210615_391_A1_S1.0.1/mmseqs/splits/107/nuc/mmseqs_easy_taxonomy_vs_SILVA.benchmark.txt
updated,1.0.1,mmseqs_bestmatch_db,091,0.83,176.21,0.0,0.45,./microbial/210615_391_A1_S1.0.1/mmseqs/splits/091/mmseqs_bestmatch_db.benchmark.txt
updated,1.0.1,parse_mmseqs_easy_taxonomy_SILVA,091,2.59,211.74,5.95,0.87,./microbial/210615_391_A1_S1.0.1/mmseqs/splits/091/nuc/parse_mmseqs_easy_taxonomy_SILVA.benchmark.txt
updated,1.0.1,mmseqs_easy_taxonomy_vs_SILVA,091,259.63,11198.3,856.75,2226.14,./microbial/210615_391_A1_S1.0.1/mmseqs/splits/091/nuc/mmseqs_easy_taxonomy_vs_SILVA.benchmark.txt
updated,1.0.1,mmseqs_bestmatch_db,080,1.17,154.3,0.0,0.64,./microbial/210615_391_A1_S1.0.1/mmseqs/splits/080/mmseqs_bestmatch_db.benchmark.txt
updated,1.0.1,parse_mmseqs_easy_taxonomy_SILVA,080,0.89,229.08,0.0,0.99,./microbial/210615_391_A1_S1.0.1/mmseqs/splits/080/nuc/parse_mmseqs_easy_taxonomy_SILVA.benchmark.txt
updated,1.0.1,mmseqs_easy_taxonomy_vs_SILVA,080,275.64,11188.32,914.23,2521.12,./microbial/210615_391_A1_S1.0.1/mmseqs/splits/080/nuc/mmseqs_easy_taxonomy_vs_SILVA.benchmark.txt
updated,1.0.1,mmseqs_bestmatch_db,001,0.64,37.73,0.0,0.09,./microbial/210615_391_A1_S1.0.1/mmseqs/splits/001/mmseqs_bestmatch_db.benchmark.txt
updated,1.0.1,parse_mmseqs_easy_taxonomy_SILVA,001,0.93,203.89,0.0,0.64,./microbial/210615_391_A1_S1.0.1/mmseqs/splits/001/nuc/parse_mmseqs_easy_taxonomy_SILVA.benchmark.txt
updated,1.0.1,mmseqs_easy_taxonomy_vs_SILVA,001,384.41,11159.73,881.91,3391.41,./microbial/210615_391_A1_S1.0.1/mmseqs/splits/001/nuc/mmseqs_easy_taxonomy_vs_SILVA.benchmark.txt
updated,1.0.1,mmseqs_bestmatch_db,095,0.64,37.3,0.0,0.09,./microbial/210615_391_A1_S1.0.1/mmseqs/splits/095/mmseqs_bestmatch_db.benchmark.txt
updated,1.0.1,parse_mmseqs_easy_taxonomy_SILVA,095,1.07,191.73,0.0,0.6,./microbial/210615_391_A1_S1.0.1/mmseqs/splits/095/nuc/parse_mmseqs_easy_taxonomy_SILVA.benchmark.txt
updated,1.0.1,mmseqs_easy_taxonomy_vs_SILVA,095,389.23,11169.77,876.43,3437.85,./microbial/210615_391_A1_S1.0.1/mmseqs/splits/095/nuc/mmseqs_easy_taxonomy_vs_SILVA.benchmark.txt
updated,1.0.1,mmseqs_bestmatch_db,056,0.77,180.47,0.0,0.57,./microbial/210615_391_A1_S1.0.1/mmseqs/splits/056/mmseqs_bestmatch_db.benchmark.txt
updated,1.0.1,parse_mmseqs_easy_taxonomy_SILVA,056,0.85,120.41,0.0,0.36,./microbial/210615_391_A1_S1.0.1/mmseqs/splits/056/nuc/parse_mmseqs_easy_taxonomy_SILVA.benchmark.txt
updated,1.0.1,mmseqs_easy_taxonomy_vs_SILVA,056,301.01,11143.65,832.22,2528.71,./microbial/210615_391_A1_S1.0.1/mmseqs/splits/056/nuc/mmseqs_easy_taxonomy_vs_SILVA.benchmark.txt
updated,1.0.1,mmseqs_bestmatch_db,131,0.68,38.88,0.0,0.1,./microbial/210615_391_A1_S1.0.1/mmseqs/splits/131/mmseqs_bestmatch_db.benchmark.txt
updated,1.0.1,parse_mmseqs_easy_taxonomy_SILVA,131,0.95,228.45,0.0,0.87,./microbial/210615_391_A1_S1.0.1/mmseqs/splits/131/nuc/parse_mmseqs_easy_taxonomy_SILVA.benchmark.txt
updated,1.0.1,mmseqs_easy_taxonomy_vs_SILVA,131,359.8,11176.74,865.49,3149.99,./microbial/210615_391_A1_S1.0.1/mmseqs/splits/131/nuc/mmseqs_easy_taxonomy_vs_SILVA.benchmark.txt
updated,1.0.1,mmseqs_bestmatch_db,068,2.01,175.48,26.4,0.69,./microbial/210615_391_A1_S1.0.1/mmseqs/splits/068/mmseqs_bestmatch_db.benchmark.txt
updated,1.0.1,parse_mmseqs_easy_taxonomy_SILVA,068,0.93,166.99,0.0,0.85,./microbial/210615_391_A1_S1.0.1/mmseqs/splits/068/nuc/parse_mmseqs_easy_taxonomy_SILVA.benchmark.txt
updated,1.0.1,mmseqs_easy_taxonomy_vs_SILVA,068,319.9,11198.33,871.05,2787.92,./microbial/210615_391_A1_S1.0.1/mmseqs/splits/068/nuc/mmseqs_easy_taxonomy_vs_SILVA.benchmark.txt
updated,1.0.1,mmseqs_bestmatch_db,054,1.89,179.49,29.05,0.73,./microbial/210615_391_A1_S1.0.1/mmseqs/splits/054/mmseqs_bestmatch_db.benchmark.txt
updated,1.0.1,parse_mmseqs_easy_taxonomy_SILVA,054,0.98,225.06,0.0,0.96,./microbial/210615_391_A1_S1.0.1/mmseqs/splits/054/nuc/parse_mmseqs_easy_taxonomy_SILVA.benchmark.txt
updated,1.0.1,mmseqs_easy_taxonomy_vs_SILVA,054,330.13,11171.82,931.05,3074.77,./microbial/210615_391_A1_S1.0.1/mmseqs/splits/054/nuc/mmseqs_easy_taxonomy_vs_SILVA.benchmark.txt
updated,1.0.1,mmseqs_bestmatch_db,102,0.71,38.46,0.0,0.09,./microbial/210615_391_A1_S1.0.1/mmseqs/splits/102/mmseqs_bestmatch_db.benchmark.txt
updated,1.0.1,parse_mmseqs_easy_taxonomy_SILVA,102,0.86,229.65,0.0,0.99,./microbial/210615_391_A1_S1.0.1/mmseqs/splits/102/nuc/parse_mmseqs_easy_taxonomy_SILVA.benchmark.txt
updated,1.0.1,mmseqs_easy_taxonomy_vs_SILVA,102,308.26,11152.48,912.44,2814.23,./microbial/210615_391_A1_S1.0.1/mmseqs/splits/102/nuc/mmseqs_easy_taxonomy_vs_SILVA.benchmark.txt
updated,1.0.1,mmseqs_bestmatch_db,039,0.79,182.92,0.0,0.59,./microbial/210615_391_A1_S1.0.1/mmseqs/splits/039/mmseqs_bestmatch_db.benchmark.txt
updated,1.0.1,parse_mmseqs_easy_taxonomy_SILVA,039,0.76,138.75,0.0,0.38,./microbial/210615_391_A1_S1.0.1/mmseqs/splits/039/nuc/parse_mmseqs_easy_taxonomy_SILVA.benchmark.txt
updated,1.0.1,mmseqs_easy_taxonomy_vs_SILVA,039,271.53,11149.05,923.12,2507.23,./microbial/210615_391_A1_S1.0.1/mmseqs/splits/039/nuc/mmseqs_easy_taxonomy_vs_SILVA.benchmark.txt
updated,1.0.1,mmseqs_bestmatch_db,021,0.57,41.89,0.0,0.08,./microbial/210615_391_A1_S1.0.1/mmseqs/splits/021/mmseqs_bestmatch_db.benchmark.txt
updated,1.0.1,parse_mmseqs_easy_taxonomy_SILVA,021,0.87,231.07,0.0,1.08,./microbial/210615_391_A1_S1.0.1/mmseqs/splits/021/nuc/parse_mmseqs_easy_taxonomy_SILVA.benchmark.txt
updated,1.0.1,mmseqs_easy_taxonomy_vs_SILVA,021,302.97,11149.32,837.95,2542.22,./microbial/210615_391_A1_S1.0.1/mmseqs/splits/021/nuc/mmseqs_easy_taxonomy_vs_SILVA.benchmark.txt
updated,1.0.1,mmseqs_bestmatch_db,024,0.61,36.96,0.0,0.1,./microbial/210615_391_A1_S1.0.1/mmseqs/splits/024/mmseqs_bestmatch_db.benchmark.txt
updated,1.0.1,parse_mmseqs_easy_taxonomy_SILVA,024,0.78,136.05,0.0,0.37,./microbial/210615_391_A1_S1.0.1/mmseqs/splits/024/nuc/parse_mmseqs_easy_taxonomy_SILVA.benchmark.txt
updated,1.0.1,mmseqs_easy_taxonomy_vs_SILVA,024,276.5,11176.83,912.48,2524.99,./microbial/210615_391_A1_S1.0.1/mmseqs/splits/024/nuc/mmseqs_easy_taxonomy_vs_SILVA.benchmark.txt
updated,1.0.1,mmseqs_bestmatch_db,043,1.35,184.12,16.95,0.65,./microbial/210615_391_A1_S1.0.1/mmseqs/splits/043/mmseqs_bestmatch_db.benchmark.txt
updated,1.0.1,parse_mmseqs_easy_taxonomy_SILVA,043,8.3,206.46,7.6,1.18,./microbial/210615_391_A1_S1.0.1/mmseqs/splits/043/nuc/parse_mmseqs_easy_taxonomy_SILVA.benchmark.txt
updated,1.0.1,mmseqs_easy_taxonomy_vs_SILVA,043,279.38,11153.98,910.55,2545.74,./microbial/210615_391_A1_S1.0.1/mmseqs/splits/043/nuc/mmseqs_easy_taxonomy_vs_SILVA.benchmark.txt
updated,1.0.1,mmseqs_bestmatch_db,089,1.69,157.99,17.8,0.55,./microbial/210615_391_A1_S1.0.1/mmseqs/splits/089/mmseqs_bestmatch_db.benchmark.txt
updated,1.0.1,parse_mmseqs_easy_taxonomy_SILVA,089,0.98,231.95,0.0,1.01,./microbial/210615_391_A1_S1.0.1/mmseqs/splits/089/nuc/parse_mmseqs_easy_taxonomy_SILVA.benchmark.txt
updated,1.0.1,mmseqs_easy_taxonomy_vs_SILVA,089,337.01,11170.36,924.11,3115.7,./microbial/210615_391_A1_S1.0.1/mmseqs/splits/089/nuc/mmseqs_easy_taxonomy_vs_SILVA.benchmark.txt
updated,1.0.1,mmseqs_bestmatch_db,063,1.06,103.0,0.0,0.46,./microbial/210615_391_A1_S1.0.1/mmseqs/splits/063/mmseqs_bestmatch_db.benchmark.txt
updated,1.0.1,parse_mmseqs_easy_taxonomy_SILVA,063,2.59,118.22,15.95,0.62,./microbial/210615_391_A1_S1.0.1/mmseqs/splits/063/nuc/parse_mmseqs_easy_taxonomy_SILVA.benchmark.txt
updated,1.0.1,mmseqs_easy_taxonomy_vs_SILVA,063,276.51,11142.72,891.17,2465.07,./microbial/210615_391_A1_S1.0.1/mmseqs/splits/063/nuc/mmseqs_easy_taxonomy_vs_SILVA.benchmark.txt
updated,1.0.1,mmseqs_bestmatch_db,064,0.82,187.51,0.0,0.58,./microbial/210615_391_A1_S1.0.1/mmseqs/splits/064/mmseqs_bestmatch_db.benchmark.txt
updated,1.0.1,parse_mmseqs_easy_taxonomy_SILVA,064,2.51,170.77,9.04,0.54,./microbial/210615_391_A1_S1.0.1/mmseqs/splits/064/nuc/parse_mmseqs_easy_taxonomy_SILVA.benchmark.txt
updated,1.0.1,mmseqs_easy_taxonomy_vs_SILVA,064,294.18,11143.71,846.74,2492.11,./microbial/210615_391_A1_S1.0.1/mmseqs/splits/064/nuc/mmseqs_easy_taxonomy_vs_SILVA.benchmark.txt
updated,1.0.1,mmseqs_bestmatch_db,109,1.14,159.97,0.0,0.6,./microbial/210615_391_A1_S1.0.1/mmseqs/splits/109/mmseqs_bestmatch_db.benchmark.txt
updated,1.0.1,parse_mmseqs_easy_taxonomy_SILVA,109,0.84,36.95,0.0,0.08,./microbial/210615_391_A1_S1.0.1/mmseqs/splits/109/nuc/parse_mmseqs_easy_taxonomy_SILVA.benchmark.txt
updated,1.0.1,mmseqs_easy_taxonomy_vs_SILVA,109,298.01,11166.55,836.1,2494.56,./microbial/210615_391_A1_S1.0.1/mmseqs/splits/109/nuc/mmseqs_easy_taxonomy_vs_SILVA.benchmark.txt
updated,1.0.1,mmseqs_bestmatch_db,082,0.77,178.86,0.0,0.57,./microbial/210615_391_A1_S1.0.1/mmseqs/splits/082/mmseqs_bestmatch_db.benchmark.txt
updated,1.0.1,parse_mmseqs_easy_taxonomy_SILVA,082,0.86,228.48,0.0,0.89,./microbial/210615_391_A1_S1.0.1/mmseqs/splits/082/nuc/parse_mmseqs_easy_taxonomy_SILVA.benchmark.txt
updated,1.0.1,mmseqs_easy_taxonomy_vs_SILVA,082,307.12,11165.7,913.9,2808.23,./microbial/210615_391_A1_S1.0.1/mmseqs/splits/082/nuc/mmseqs_easy_taxonomy_vs_SILVA.benchmark.txt
updated,1.0.1,mmseqs_bestmatch_db,015,0.7,36.62,0.0,0.08,./microbial/210615_391_A1_S1.0.1/mmseqs/splits/015/mmseqs_bestmatch_db.benchmark.txt
updated,1.0.1,parse_mmseqs_easy_taxonomy_SILVA,015,1.14,189.96,0.0,0.76,./microbial/210615_391_A1_S1.0.1/mmseqs/splits/015/nuc/parse_mmseqs_easy_taxonomy_SILVA.benchmark.txt
updated,1.0.1,mmseqs_easy_taxonomy_vs_SILVA,015,305.53,11139.48,903.07,2758.95,./microbial/210615_391_A1_S1.0.1/mmseqs/splits/015/nuc/mmseqs_easy_taxonomy_vs_SILVA.benchmark.txt
updated,1.0.1,mmseqs_bestmatch_db,105,0.76,182.1,0.0,0.55,./microbial/210615_391_A1_S1.0.1/mmseqs/splits/105/mmseqs_bestmatch_db.benchmark.txt
updated,1.0.1,parse_mmseqs_easy_taxonomy_SILVA,105,0.98,201.88,0.0,0.72,./microbial/210615_391_A1_S1.0.1/mmseqs/splits/105/nuc/parse_mmseqs_easy_taxonomy_SILVA.benchmark.txt
updated,1.0.1,mmseqs_easy_taxonomy_vs_SILVA,105,277.18,11181.18,909.81,2523.4,./microbial/210615_391_A1_S1.0.1/mmseqs/splits/105/nuc/mmseqs_easy_taxonomy_vs_SILVA.benchmark.txt
updated,1.0.1,mmseqs_bestmatch_db,036,0.91,165.77,0.0,0.45,./microbial/210615_391_A1_S1.0.1/mmseqs/splits/036/mmseqs_bestmatch_db.benchmark.txt
updated,1.0.1,parse_mmseqs_easy_taxonomy_SILVA,036,2.21,206.98,9.09,0.89,./microbial/210615_391_A1_S1.0.1/mmseqs/splits/036/nuc/parse_mmseqs_easy_taxonomy_SILVA.benchmark.txt
updated,1.0.1,mmseqs_easy_taxonomy_vs_SILVA,036,279.27,11139.98,902.51,2521.65,./microbial/210615_391_A1_S1.0.1/mmseqs/splits/036/nuc/mmseqs_easy_taxonomy_vs_SILVA.benchmark.txt
updated,1.0.1,mmseqs_bestmatch_db,041,0.6,38.05,0.0,0.09,./microbial/210615_391_A1_S1.0.1/mmseqs/splits/041/mmseqs_bestmatch_db.benchmark.txt
updated,1.0.1,parse_mmseqs_easy_taxonomy_SILVA,041,1.96,115.64,18.08,0.5,./microbial/210615_391_A1_S1.0.1/mmseqs/splits/041/nuc/parse_mmseqs_easy_taxonomy_SILVA.benchmark.txt
updated,1.0.1,mmseqs_easy_taxonomy_vs_SILVA,041,271.0,11175.87,930.44,2522.67,./microbial/210615_391_A1_S1.0.1/mmseqs/splits/041/nuc/mmseqs_easy_taxonomy_vs_SILVA.benchmark.txt
updated,1.0.1,mmseqs_bestmatch_db,074,0.93,166.96,0.0,0.41,./microbial/210615_391_A1_S1.0.1/mmseqs/splits/074/mmseqs_bestmatch_db.benchmark.txt
updated,1.0.1,parse_mmseqs_easy_taxonomy_SILVA,074,8.33,197.66,6.79,1.07,./microbial/210615_391_A1_S1.0.1/mmseqs/splits/074/nuc/parse_mmseqs_easy_taxonomy_SILVA.benchmark.txt
updated,1.0.1,mmseqs_easy_taxonomy_vs_SILVA,074,273.13,11139.98,921.4,2517.76,./microbial/210615_391_A1_S1.0.1/mmseqs/splits/074/nuc/mmseqs_easy_taxonomy_vs_SILVA.benchmark.txt
updated,1.0.1,mmseqs_bestmatch_db,130,0.7,37.46,0.0,0.1,./microbial/210615_391_A1_S1.0.1/mmseqs/splits/130/mmseqs_bestmatch_db.benchmark.txt
updated,1.0.1,parse_mmseqs_easy_taxonomy_SILVA,130,0.9,235.36,0.0,0.87,./microbial/210615_391_A1_S1.0.1/mmseqs/splits/130/nuc/parse_mmseqs_easy_taxonomy_SILVA.benchmark.txt
updated,1.0.1,mmseqs_easy_taxonomy_vs_SILVA,130,373.34,11147.25,905.4,3381.58,./microbial/210615_391_A1_S1.0.1/mmseqs/splits/130/nuc/mmseqs_easy_taxonomy_vs_SILVA.benchmark.txt
updated,1.0.1,mmseqs_bestmatch_db,077,0.91,181.4,0.0,0.92,./microbial/210615_391_A1_S1.0.1/mmseqs/splits/077/mmseqs_bestmatch_db.benchmark.txt
updated,1.0.1,parse_mmseqs_easy_taxonomy_SILVA,077,1.09,214.3,0.0,0.89,./microbial/210615_391_A1_S1.0.1/mmseqs/splits/077/nuc/parse_mmseqs_easy_taxonomy_SILVA.benchmark.txt
updated,1.0.1,mmseqs_easy_taxonomy_vs_SILVA,077,271.75,11185.82,916.99,2493.65,./microbial/210615_391_A1_S1.0.1/mmseqs/splits/077/nuc/mmseqs_easy_taxonomy_vs_SILVA.benchmark.txt
updated,1.0.1,mmseqs_bestmatch_db,051,2.15,176.2,20.35,0.6,./microbial/210615_391_A1_S1.0.1/mmseqs/splits/051/mmseqs_bestmatch_db.benchmark.txt
updated,1.0.1,parse_mmseqs_easy_taxonomy_SILVA,051,0.92,234.55,0.0,1.06,./microbial/210615_391_A1_S1.0.1/mmseqs/splits/051/nuc/parse_mmseqs_easy_taxonomy_SILVA.benchmark.txt
updated,1.0.1,mmseqs_easy_taxonomy_vs_SILVA,051,324.34,11172.53,852.44,2765.43,./microbial/210615_391_A1_S1.0.1/mmseqs/splits/051/nuc/mmseqs_easy_taxonomy_vs_SILVA.benchmark.txt
updated,1.0.1,mmseqs_bestmatch_db,114,1.41,171.97,13.22,0.6,./microbial/210615_391_A1_S1.0.1/mmseqs/splits/114/mmseqs_bestmatch_db.benchmark.txt
updated,1.0.1,parse_mmseqs_easy_taxonomy_SILVA,114,8.32,198.88,6.9,1.07,./microbial/210615_391_A1_S1.0.1/mmseqs/splits/114/nuc/parse_mmseqs_easy_taxonomy_SILVA.benchmark.txt
updated,1.0.1,mmseqs_easy_taxonomy_vs_SILVA,114,278.61,11195.0,902.26,2518.1,./microbial/210615_391_A1_S1.0.1/mmseqs/splits/114/nuc/mmseqs_easy_taxonomy_vs_SILVA.benchmark.txt
updated,1.0.1,mmseqs_bestmatch_db,037,0.55,37.75,0.0,0.09,./microbial/210615_391_A1_S1.0.1/mmseqs/splits/037/mmseqs_bestmatch_db.benchmark.txt
updated,1.0.1,parse_mmseqs_easy_taxonomy_SILVA,037,2.4,187.21,9.39,0.73,./microbial/210615_391_A1_S1.0.1/mmseqs/splits/037/nuc/parse_mmseqs_easy_taxonomy_SILVA.benchmark.txt
updated,1.0.1,mmseqs_easy_taxonomy_vs_SILVA,037,335.17,11144.13,927.42,3110.36,./microbial/210615_391_A1_S1.0.1/mmseqs/splits/037/nuc/mmseqs_easy_taxonomy_vs_SILVA.benchmark.txt
updated,1.0.1,taxonomy_spatial_pos.Bacteria_genus,,7.75,1544.2,182.51,14.3,./microbial/210615_391_A1_S1.0.1/tables/taxonomy_spatial_pos.Bacteria_genus.benchmark.txt
updated,1.0.1,taxonomy_spatial_pos.Bacteria_phylum,,4.21,1521.02,251.38,11.73,./microbial/210615_391_A1_S1.0.1/tables/taxonomy_spatial_pos.Bacteria_phylum.benchmark.txt
updated,1.0.1,taxonomy_spatial_pos.Eukaryota_phylum,,7.13,1197.36,130.52,9.41,./microbial/210615_391_A1_S1.0.1/tables/taxonomy_spatial_pos.Eukaryota_phylum.benchmark.txt
updated,1.0.1,taxonomy_spatial_pos.Eukaryota_genus,,10.9,1254.6,84.18,9.2,./microbial/210615_391_A1_S1.0.1/tables/taxonomy_spatial_pos.Eukaryota_genus.benchmark.txt
updated,1.0.3,mmseqs_bestmatch_db,352,0.81,172.99,0.0,0.55,./microbial/210615_391_A1_S1.0.3/mmseqs/splits/352/mmseqs_bestmatch_db.benchmark.txt
updated,1.0.3,parse_mmseqs_easy_taxonomy_SILVA,352,0.84,121.47,0.0,0.33,./microbial/210615_391_A1_S1.0.3/mmseqs/splits/352/nuc/parse_mmseqs_easy_taxonomy_SILVA.benchmark.txt
updated,1.0.3,mmseqs_easy_taxonomy_vs_SILVA,352,257.38,11191.64,862.36,2221.25,./microbial/210615_391_A1_S1.0.3/mmseqs/splits/352/nuc/mmseqs_easy_taxonomy_vs_SILVA.benchmark.txt
updated,1.0.3,mmseqs_bestmatch_db,004,0.68,37.22,0.0,0.08,./microbial/210615_391_A1_S1.0.3/mmseqs/splits/004/mmseqs_bestmatch_db.benchmark.txt
updated,1.0.3,parse_mmseqs_easy_taxonomy_SILVA,004,0.96,200.55,0.0,0.69,./microbial/210615_391_A1_S1.0.3/mmseqs/splits/004/nuc/parse_mmseqs_easy_taxonomy_SILVA.benchmark.txt
updated,1.0.3,mmseqs_easy_taxonomy_vs_SILVA,004,351.39,11140.88,880.94,3096.64,./microbial/210615_391_A1_S1.0.3/mmseqs/splits/004/nuc/mmseqs_easy_taxonomy_vs_SILVA.benchmark.txt
updated,1.0.3,mmseqs_bestmatch_db,046,0.73,44.54,0.0,0.1,./microbial/210615_391_A1_S1.0.3/mmseqs/splits/046/mmseqs_bestmatch_db.benchmark.txt
updated,1.0.3,parse_mmseqs_easy_taxonomy_SILVA,046,0.89,232.73,0.0,0.95,./microbial/210615_391_A1_S1.0.3/mmseqs/splits/046/nuc/parse_mmseqs_easy_taxonomy_SILVA.benchmark.txt
updated,1.0.3,mmseqs_easy_taxonomy_vs_SILVA,046,274.78,11137.16,918.07,2523.44,./microbial/210615_391_A1_S1.0.3/mmseqs/splits/046/nuc/mmseqs_easy_taxonomy_vs_SILVA.benchmark.txt
updated,1.0.3,mmseqs_bestmatch_db,307,1.04,114.84,0.0,0.3,./microbial/210615_391_A1_S1.0.3/mmseqs/splits/307/mmseqs_bestmatch_db.benchmark.txt
updated,1.0.3,parse_mmseqs_easy_taxonomy_SILVA,307,0.95,223.96,0.0,0.86,./microbial/210615_391_A1_S1.0.3/mmseqs/splits/307/nuc/parse_mmseqs_easy_taxonomy_SILVA.benchmark.txt
updated,1.0.3,mmseqs_easy_taxonomy_vs_SILVA,307,263.7,11174.53,841.4,2247.69,./microbial/210615_391_A1_S1.0.3/mmseqs/splits/307/nuc/mmseqs_easy_taxonomy_vs_SILVA.benchmark.txt
updated,1.0.3,mmseqs_bestmatch_db,187,0.89,108.07,0.0,0.3,./microbial/210615_391_A1_S1.0.3/mmseqs/splits/187/mmseqs_bestmatch_db.benchmark.txt
updated,1.0.3,parse_mmseqs_easy_taxonomy_SILVA,187,0.9,226.82,0.0,0.96,./microbial/210615_391_A1_S1.0.3/mmseqs/splits/187/nuc/parse_mmseqs_easy_taxonomy_SILVA.benchmark.txt
updated,1.0.3,mmseqs_easy_taxonomy_vs_SILVA,187,284.57,11161.23,856.85,2440.91,./microbial/210615_391_A1_S1.0.3/mmseqs/splits/187/nuc/mmseqs_easy_taxonomy_vs_SILVA.benchmark.txt
updated,1.0.3,mmseqs_bestmatch_db,267,0.77,183.49,0.0,0.55,./microbial/210615_391_A1_S1.0.3/mmseqs/splits/267/mmseqs_bestmatch_db.benchmark.txt
updated,1.0.3,parse_mmseqs_easy_taxonomy_SILVA,267,1.06,201.42,0.0,0.76,./microbial/210615_391_A1_S1.0.3/mmseqs/splits/267/nuc/parse_mmseqs_easy_taxonomy_SILVA.benchmark.txt
updated,1.0.3,mmseqs_easy_taxonomy_vs_SILVA,267,295.56,11157.57,849.17,2537.3,./microbial/210615_391_A1_S1.0.3/mmseqs/splits/267/nuc/mmseqs_easy_taxonomy_vs_SILVA.benchmark.txt
updated,1.0.3,mmseqs_bestmatch_db,288,0.75,39.29,0.0,0.11,./microbial/210615_391_A1_S1.0.3/mmseqs/splits/288/mmseqs_bestmatch_db.benchmark.txt
updated,1.0.3,parse_mmseqs_easy_taxonomy_SILVA,288,1.19,200.78,0.0,0.96,./microbial/210615_391_A1_S1.0.3/mmseqs/splits/288/nuc/parse_mmseqs_easy_taxonomy_SILVA.benchmark.txt
updated,1.0.3,mmseqs_easy_taxonomy_vs_SILVA,288,356.58,11139.66,873.93,3147.44,./microbial/210615_391_A1_S1.0.3/mmseqs/splits/288/nuc/mmseqs_easy_taxonomy_vs_SILVA.benchmark.txt
updated,1.0.3,mmseqs_bestmatch_db,005,0.67,37.91,0.0,0.09,./microbial/210615_391_A1_S1.0.3/mmseqs/splits/005/mmseqs_bestmatch_db.benchmark.txt
updated,1.0.3,parse_mmseqs_easy_taxonomy_SILVA,005,0.87,213.84,0.0,0.74,./microbial/210615_391_A1_S1.0.3/mmseqs/splits/005/nuc/parse_mmseqs_easy_taxonomy_SILVA.benchmark.txt
updated,1.0.3,mmseqs_easy_taxonomy_vs_SILVA,005,329.51,11160.87,949.79,3130.4,./microbial/210615_391_A1_S1.0.3/mmseqs/splits/005/nuc/mmseqs_easy_taxonomy_vs_SILVA.benchmark.txt
updated,1.0.3,mmseqs_bestmatch_db,144,0.65,37.66,0.0,0.08,./microbial/210615_391_A1_S1.0.3/mmseqs/splits/144/mmseqs_bestmatch_db.benchmark.txt
updated,1.0.3,parse_mmseqs_easy_taxonomy_SILVA,144,1.64,201.73,1.1,0.59,./microbial/210615_391_A1_S1.0.3/mmseqs/splits/144/nuc/parse_mmseqs_easy_taxonomy_SILVA.benchmark.txt
updated,1.0.3,mmseqs_easy_taxonomy_vs_SILVA,144,292.83,11172.67,860.98,2523.45,./microbial/210615_391_A1_S1.0.3/mmseqs/splits/144/nuc/mmseqs_easy_taxonomy_vs_SILVA.benchmark.txt
updated,1.0.3,mmseqs_bestmatch_db,083,0.84,166.98,0.0,0.52,./microbial/210615_391_A1_S1.0.3/mmseqs/splits/083/mmseqs_bestmatch_db.benchmark.txt
updated,1.0.3,parse_mmseqs_easy_taxonomy_SILVA,083,1.12,194.54,0.0,0.83,./microbial/210615_391_A1_S1.0.3/mmseqs/splits/083/nuc/parse_mmseqs_easy_taxonomy_SILVA.benchmark.txt
updated,1.0.3,mmseqs_easy_taxonomy_vs_SILVA,083,305.03,11170.75,920.33,2809.9,./microbial/210615_391_A1_S1.0.3/mmseqs/splits/083/nuc/mmseqs_easy_taxonomy_vs_SILVA.benchmark.txt
updated,1.0.3,mmseqs_bestmatch_db,277,0.78,182.82,0.0,0.64,./microbial/210615_391_A1_S1.0.3/mmseqs/splits/277/mmseqs_bestmatch_db.benchmark.txt
updated,1.0.3,parse_mmseqs_easy_taxonomy_SILVA,277,0.95,231.28,0.0,0.89,./microbial/210615_391_A1_S1.0.3/mmseqs/splits/277/nuc/parse_mmseqs_easy_taxonomy_SILVA.benchmark.txt
updated,1.0.3,mmseqs_easy_taxonomy_vs_SILVA,277,280.59,11139.96,897.24,2518.57,./microbial/210615_391_A1_S1.0.3/mmseqs/splits/277/nuc/mmseqs_easy_taxonomy_vs_SILVA.benchmark.txt
updated,1.0.3,mmseqs_bestmatch_db,010,0.78,194.58,0.0,0.6,./microbial/210615_391_A1_S1.0.3/mmseqs/splits/010/mmseqs_bestmatch_db.benchmark.txt
updated,1.0.3,parse_mmseqs_easy_taxonomy_SILVA,010,1.2,189.71,0.0,0.72,./microbial/210615_391_A1_S1.0.3/mmseqs/splits/010/nuc/parse_mmseqs_easy_taxonomy_SILVA.benchmark.txt
updated,1.0.3,mmseqs_easy_taxonomy_vs_SILVA,010,317.67,11117.46,891.56,2834.21,./microbial/210615_391_A1_S1.0.3/mmseqs/splits/010/nuc/mmseqs_easy_taxonomy_vs_SILVA.benchmark.txt
updated,1.0.3,mmseqs_bestmatch_db,263,1.14,92.79,0.0,0.26,./microbial/210615_391_A1_S1.0.3/mmseqs/splits/263/mmseqs_bestmatch_db.benchmark.txt
updated,1.0.3,parse_mmseqs_easy_taxonomy_SILVA,263,0.95,230.04,0.0,0.89,./microbial/210615_391_A1_S1.0.3/mmseqs/splits/263/nuc/parse_mmseqs_easy_taxonomy_SILVA.benchmark.txt
updated,1.0.3,mmseqs_easy_taxonomy_vs_SILVA,263,265.16,11184.53,829.67,2201.78,./microbial/210615_391_A1_S1.0.3/mmseqs/splits/263/nuc/mmseqs_easy_taxonomy_vs_SILVA.benchmark.txt
updated,1.0.3,mmseqs_bestmatch_db,354,1.0,87.79,0.0,0.27,./microbial/210615_391_A1_S1.0.3/mmseqs/splits/354/mmseqs_bestmatch_db.benchmark.txt
updated,1.0.3,parse_mmseqs_easy_taxonomy_SILVA,354,1.08,202.59,0.0,0.82,./microbial/210615_391_A1_S1.0.3/mmseqs/splits/354/nuc/parse_mmseqs_easy_taxonomy_SILVA.benchmark.txt
updated,1.0.3,mmseqs_easy_taxonomy_vs_SILVA,354,276.2,11134.68,900.46,2489.15,./microbial/210615_391_A1_S1.0.3/mmseqs/splits/354/nuc/mmseqs_easy_taxonomy_vs_SILVA.benchmark.txt
updated,1.0.3,mmseqs_bestmatch_db,097,0.73,183.05,0.0,0.65,./microbial/210615_391_A1_S1.0.3/mmseqs/splits/097/mmseqs_bestmatch_db.benchmark.txt
updated,1.0.3,parse_mmseqs_easy_taxonomy_SILVA,097,0.9,233.9,0.0,1.0,./microbial/210615_391_A1_S1.0.3/mmseqs/splits/097/nuc/parse_mmseqs_easy_taxonomy_SILVA.benchmark.txt
updated,1.0.3,mmseqs_easy_taxonomy_vs_SILVA,097,297.81,11169.43,842.43,2514.28,./microbial/210615_391_A1_S1.0.3/mmseqs/splits/097/nuc/mmseqs_easy_taxonomy_vs_SILVA.benchmark.txt
updated,1.0.3,mmseqs_bestmatch_db,023,1.22,182.61,0.0,0.52,./microbial/210615_391_A1_S1.0.3/mmseqs/splits/023/mmseqs_bestmatch_db.benchmark.txt
updated,1.0.3,parse_mmseqs_easy_taxonomy_SILVA,023,1.02,199.34,0.0,0.74,./microbial/210615_391_A1_S1.0.3/mmseqs/splits/023/nuc/parse_mmseqs_easy_taxonomy_SILVA.benchmark.txt
updated,1.0.3,mmseqs_easy_taxonomy_vs_SILVA,023,360.09,11163.85,897.33,3224.52,./microbial/210615_391_A1_S1.0.3/mmseqs/splits/023/nuc/mmseqs_easy_taxonomy_vs_SILVA.benchmark.txt
updated,1.0.3,mmseqs_bestmatch_db,177,0.78,37.31,0.0,0.13,./microbial/210615_391_A1_S1.0.3/mmseqs/splits/177/mmseqs_bestmatch_db.benchmark.txt
updated,1.0.3,parse_mmseqs_easy_taxonomy_SILVA,177,0.95,232.97,0.0,0.94,./microbial/210615_391_A1_S1.0.3/mmseqs/splits/177/nuc/parse_mmseqs_easy_taxonomy_SILVA.benchmark.txt
updated,1.0.3,mmseqs_easy_taxonomy_vs_SILVA,177,290.23,11165.64,866.86,2517.7,./microbial/210615_391_A1_S1.0.3/mmseqs/splits/177/nuc/mmseqs_easy_taxonomy_vs_SILVA.benchmark.txt
updated,1.0.3,mmseqs_bestmatch_db,223,0.82,166.36,0.0,0.49,./microbial/210615_391_A1_S1.0.3/mmseqs/splits/223/mmseqs_bestmatch_db.benchmark.txt
updated,1.0.3,parse_mmseqs_easy_taxonomy_SILVA,223,0.9,226.15,0.0,0.85,./microbial/210615_391_A1_S1.0.3/mmseqs/splits/223/nuc/parse_mmseqs_easy_taxonomy_SILVA.benchmark.txt
updated,1.0.3,mmseqs_easy_taxonomy_vs_SILVA,223,279.4,11174.98,888.3,2483.83,./microbial/210615_391_A1_S1.0.3/mmseqs/splits/223/nuc/mmseqs_easy_taxonomy_vs_SILVA.benchmark.txt
updated,1.0.3,mmseqs_bestmatch_db,110,0.94,118.16,0.0,0.35,./microbial/210615_391_A1_S1.0.3/mmseqs/splits/110/mmseqs_bestmatch_db.benchmark.txt
updated,1.0.3,parse_mmseqs_easy_taxonomy_SILVA,110,0.93,230.71,0.0,0.89,./microbial/210615_391_A1_S1.0.3/mmseqs/splits/110/nuc/parse_mmseqs_easy_taxonomy_SILVA.benchmark.txt
updated,1.0.3,mmseqs_easy_taxonomy_vs_SILVA,110,320.76,11184.21,867.8,2784.76,./microbial/210615_391_A1_S1.0.3/mmseqs/splits/110/nuc/mmseqs_easy_taxonomy_vs_SILVA.benchmark.txt
updated,1.0.3,mmseqs_bestmatch_db,311,0.85,179.02,0.0,0.52,./microbial/210615_391_A1_S1.0.3/mmseqs/splits/311/mmseqs_bestmatch_db.benchmark.txt
updated,1.0.3,parse_mmseqs_easy_taxonomy_SILVA,311,0.88,236.58,0.0,0.97,./microbial/210615_391_A1_S1.0.3/mmseqs/splits/311/nuc/parse_mmseqs_easy_taxonomy_SILVA.benchmark.txt
updated,1.0.3,mmseqs_easy_taxonomy_vs_SILVA,311,355.17,11177.75,870.47,3120.33,./microbial/210615_391_A1_S1.0.3/mmseqs/splits/311/nuc/mmseqs_easy_taxonomy_vs_SILVA.benchmark.txt
updated,1.0.3,mmseqs_bestmatch_db,218,3.27,109.09,9.84,0.48,./microbial/210615_391_A1_S1.0.3/mmseqs/splits/218/mmseqs_bestmatch_db.benchmark.txt
updated,1.0.3,parse_mmseqs_easy_taxonomy_SILVA,218,1.01,202.81,0.0,0.79,./microbial/210615_391_A1_S1.0.3/mmseqs/splits/218/nuc/parse_mmseqs_easy_taxonomy_SILVA.benchmark.txt
updated,1.0.3,mmseqs_easy_taxonomy_vs_SILVA,218,301.64,11159.7,935.62,2823.16,./microbial/210615_391_A1_S1.0.3/mmseqs/splits/218/nuc/mmseqs_easy_taxonomy_vs_SILVA.benchmark.txt
updated,1.0.3,mmseqs_bestmatch_db,236,0.83,180.71,0.0,0.44,./microbial/210615_391_A1_S1.0.3/mmseqs/splits/236/mmseqs_bestmatch_db.benchmark.txt
updated,1.0.3,parse_mmseqs_easy_taxonomy_SILVA,236,0.88,233.05,0.0,0.99,./microbial/210615_391_A1_S1.0.3/mmseqs/splits/236/nuc/parse_mmseqs_easy_taxonomy_SILVA.benchmark.txt
updated,1.0.3,mmseqs_easy_taxonomy_vs_SILVA,236,296.1,11200.93,844.94,2506.09,./microbial/210615_391_A1_S1.0.3/mmseqs/splits/236/nuc/mmseqs_easy_taxonomy_vs_SILVA.benchmark.txt
updated,1.0.3,mmseqs_bestmatch_db,071,1.2,62.7,0.0,0.2,./microbial/210615_391_A1_S1.0.3/mmseqs/splits/071/mmseqs_bestmatch_db.benchmark.txt
updated,1.0.3,parse_mmseqs_easy_taxonomy_SILVA,071,1.14,96.11,0.0,0.23,./microbial/210615_391_A1_S1.0.3/mmseqs/splits/071/nuc/parse_mmseqs_easy_taxonomy_SILVA.benchmark.txt
updated,1.0.3,mmseqs_easy_taxonomy_vs_SILVA,071,343.08,11145.46,920.08,3154.76,./microbial/210615_391_A1_S1.0.3/mmseqs/splits/071/nuc/mmseqs_easy_taxonomy_vs_SILVA.benchmark.txt
updated,1.0.3,mmseqs_bestmatch_db,060,0.8,178.34,0.0,0.58,./microbial/210615_391_A1_S1.0.3/mmseqs/splits/060/mmseqs_bestmatch_db.benchmark.txt
updated,1.0.3,parse_mmseqs_easy_taxonomy_SILVA,060,1.02,220.64,0.0,0.79,./microbial/210615_391_A1_S1.0.3/mmseqs/splits/060/nuc/parse_mmseqs_easy_taxonomy_SILVA.benchmark.txt
updated,1.0.3,mmseqs_easy_taxonomy_vs_SILVA,060,298.8,11164.66,837.6,2504.27,./microbial/210615_391_A1_S1.0.3/mmseqs/splits/060/nuc/mmseqs_easy_taxonomy_vs_SILVA.benchmark.txt
updated,1.0.3,mmseqs_bestmatch_db,269,0.79,177.29,0.0,0.6,./microbial/210615_391_A1_S1.0.3/mmseqs/splits/269/mmseqs_bestmatch_db.benchmark.txt
updated,1.0.3,parse_mmseqs_easy_taxonomy_SILVA,269,1.69,193.84,1.65,0.73,./microbial/210615_391_A1_S1.0.3/mmseqs/splits/269/nuc/parse_mmseqs_easy_taxonomy_SILVA.benchmark.txt
updated,1.0.3,mmseqs_easy_taxonomy_vs_SILVA,269,337.29,11182.27,824.4,2851.4,./microbial/210615_391_A1_S1.0.3/mmseqs/splits/269/nuc/mmseqs_easy_taxonomy_vs_SILVA.benchmark.txt
updated,1.0.3,mmseqs_bestmatch_db,116,0.8,180.04,0.0,0.54,./microbial/210615_391_A1_S1.0.3/mmseqs/splits/116/mmseqs_bestmatch_db.benchmark.txt
updated,1.0.3,parse_mmseqs_easy_taxonomy_SILVA,116,1.02,192.14,0.0,0.68,./microbial/210615_391_A1_S1.0.3/mmseqs/splits/116/nuc/parse_mmseqs_easy_taxonomy_SILVA.benchmark.txt
updated,1.0.3,mmseqs_easy_taxonomy_vs_SILVA,116,268.43,11124.82,937.71,2517.91,./microbial/210615_391_A1_S1.0.3/mmseqs/splits/116/nuc/mmseqs_easy_taxonomy_vs_SILVA.benchmark.txt
updated,1.0.3,mmseqs_bestmatch_db,128,0.71,39.14,0.0,0.1,./microbial/210615_391_A1_S1.0.3/mmseqs/splits/128/mmseqs_bestmatch_db.benchmark.txt
updated,1.0.3,parse_mmseqs_easy_taxonomy_SILVA,128,1.09,198.93,0.0,0.78,./microbial/210615_391_A1_S1.0.3/mmseqs/splits/128/nuc/parse_mmseqs_easy_taxonomy_SILVA.benchmark.txt
updated,1.0.3,mmseqs_easy_taxonomy_vs_SILVA,128,297.92,11189.85,840.51,2507.96,./microbial/210615_391_A1_S1.0.3/mmseqs/splits/128/nuc/mmseqs_easy_taxonomy_vs_SILVA.benchmark.txt
updated,1.0.3,mmseqs_bestmatch_db,335,0.82,191.34,0.0,0.45,./microbial/210615_391_A1_S1.0.3/mmseqs/splits/335/mmseqs_bestmatch_db.benchmark.txt
updated,1.0.3,parse_mmseqs_easy_taxonomy_SILVA,335,0.89,40.61,0.0,0.1,./microbial/210615_391_A1_S1.0.3/mmseqs/splits/335/nuc/parse_mmseqs_easy_taxonomy_SILVA.benchmark.txt
updated,1.0.3,mmseqs_easy_taxonomy_vs_SILVA,335,309.18,11162.18,898.89,2780.18,./microbial/210615_391_A1_S1.0.3/mmseqs/splits/335/nuc/mmseqs_easy_taxonomy_vs_SILVA.benchmark.txt
updated,1.0.3,mmseqs_bestmatch_db,117,0.71,40.41,0.0,0.09,./microbial/210615_391_A1_S1.0.3/mmseqs/splits/117/mmseqs_bestmatch_db.benchmark.txt
updated,1.0.3,parse_mmseqs_easy_taxonomy_SILVA,117,0.93,224.66,0.0,0.86,./microbial/210615_391_A1_S1.0.3/mmseqs/splits/117/nuc/parse_mmseqs_easy_taxonomy_SILVA.benchmark.txt
updated,1.0.3,mmseqs_easy_taxonomy_vs_SILVA,117,273.71,11193.95,922.03,2524.99,./microbial/210615_391_A1_S1.0.3/mmseqs/splits/117/nuc/mmseqs_easy_taxonomy_vs_SILVA.benchmark.txt
updated,1.0.3,mmseqs_bestmatch_db,359,0.43,37.71,0.0,0.08,./microbial/210615_391_A1_S1.0.3/mmseqs/splits/359/mmseqs_bestmatch_db.benchmark.txt
updated,1.0.3,parse_mmseqs_easy_taxonomy_SILVA,359,0.66,38.7,0.0,0.09,./microbial/210615_391_A1_S1.0.3/mmseqs/splits/359/nuc/parse_mmseqs_easy_taxonomy_SILVA.benchmark.txt
updated,1.0.3,mmseqs_easy_taxonomy_vs_SILVA,359,66.41,10724.11,613.8,409.02,./microbial/210615_391_A1_S1.0.3/mmseqs/splits/359/nuc/mmseqs_easy_taxonomy_vs_SILVA.benchmark.txt
updated,1.0.3,mmseqs_bestmatch_db,248,0.77,174.69,0.0,0.57,./microbial/210615_391_A1_S1.0.3/mmseqs/splits/248/mmseqs_bestmatch_db.benchmark.txt
updated,1.0.3,parse_mmseqs_easy_taxonomy_SILVA,248,0.95,213.51,0.0,0.79,./microbial/210615_391_A1_S1.0.3/mmseqs/splits/248/nuc/parse_mmseqs_easy_taxonomy_SILVA.benchmark.txt
updated,1.0.3,mmseqs_easy_taxonomy_vs_SILVA,248,273.65,11178.27,927.56,2540.08,./microbial/210615_391_A1_S1.0.3/mmseqs/splits/248/nuc/mmseqs_easy_taxonomy_vs_SILVA.benchmark.txt
updated,1.0.3,mmseqs_bestmatch_db,012,3.18,180.4,17.78,0.72,./microbial/210615_391_A1_S1.0.3/mmseqs/splits/012/mmseqs_bestmatch_db.benchmark.txt
updated,1.0.3,parse_mmseqs_easy_taxonomy_SILVA,012,0.89,214.69,0.0,0.81,./microbial/210615_391_A1_S1.0.3/mmseqs/splits/012/nuc/parse_mmseqs_easy_taxonomy_SILVA.benchmark.txt
updated,1.0.3,mmseqs_easy_taxonomy_vs_SILVA,012,325.35,11141.45,869.79,2832.85,./microbial/210615_391_A1_S1.0.3/mmseqs/splits/012/nuc/mmseqs_easy_taxonomy_vs_SILVA.benchmark.txt
updated,1.0.3,mmseqs_bestmatch_db,205,0.88,171.25,0.0,0.41,./microbial/210615_391_A1_S1.0.3/mmseqs/splits/205/mmseqs_bestmatch_db.benchmark.txt
updated,1.0.3,parse_mmseqs_easy_taxonomy_SILVA,205,0.9,237.03,0.0,0.97,./microbial/210615_391_A1_S1.0.3/mmseqs/splits/205/nuc/parse_mmseqs_easy_taxonomy_SILVA.benchmark.txt
updated,1.0.3,mmseqs_easy_taxonomy_vs_SILVA,205,267.84,11185.22,934.16,2503.44,./microbial/210615_391_A1_S1.0.3/mmseqs/splits/205/nuc/mmseqs_easy_taxonomy_vs_SILVA.benchmark.txt
updated,1.0.3,mmseqs_bestmatch_db,350,0.8,181.14,0.0,0.52,./microbial/210615_391_A1_S1.0.3/mmseqs/splits/350/mmseqs_bestmatch_db.benchmark.txt
updated,1.0.3,parse_mmseqs_easy_taxonomy_SILVA,350,0.95,232.76,0.0,0.87,./microbial/210615_391_A1_S1.0.3/mmseqs/splits/350/nuc/parse_mmseqs_easy_taxonomy_SILVA.benchmark.txt
updated,1.0.3,mmseqs_easy_taxonomy_vs_SILVA,350,309.39,11169.55,906.94,2807.01,./microbial/210615_391_A1_S1.0.3/mmseqs/splits/350/nuc/mmseqs_easy_taxonomy_vs_SILVA.benchmark.txt
updated,1.0.3,mmseqs_bestmatch_db,067,0.84,186.93,0.0,0.51,./microbial/210615_391_A1_S1.0.3/mmseqs/splits/067/mmseqs_bestmatch_db.benchmark.txt
updated,1.0.3,parse_mmseqs_easy_taxonomy_SILVA,067,0.9,225.67,0.0,0.97,./microbial/210615_391_A1_S1.0.3/mmseqs/splits/067/nuc/parse_mmseqs_easy_taxonomy_SILVA.benchmark.txt
updated,1.0.3,mmseqs_easy_taxonomy_vs_SILVA,067,323.94,11136.18,873.73,2830.93,./microbial/210615_391_A1_S1.0.3/mmseqs/splits/067/nuc/mmseqs_easy_taxonomy_vs_SILVA.benchmark.txt
updated,1.0.3,mmseqs_bestmatch_db,093,0.82,169.16,0.0,0.54,./microbial/210615_391_A1_S1.0.3/mmseqs/splits/093/mmseqs_bestmatch_db.benchmark.txt
updated,1.0.3,parse_mmseqs_easy_taxonomy_SILVA,093,4.12,203.67,6.31,0.78,./microbial/210615_391_A1_S1.0.3/mmseqs/splits/093/nuc/parse_mmseqs_easy_taxonomy_SILVA.benchmark.txt
updated,1.0.3,mmseqs_easy_taxonomy_vs_SILVA,093,323.87,11177.97,869.77,2854.21,./microbial/210615_391_A1_S1.0.3/mmseqs/splits/093/nuc/mmseqs_easy_taxonomy_vs_SILVA.benchmark.txt
updated,1.0.3,mmseqs_bestmatch_db,163,0.7,36.73,0.0,0.08,./microbial/210615_391_A1_S1.0.3/mmseqs/splits/163/mmseqs_bestmatch_db.benchmark.txt
updated,1.0.3,parse_mmseqs_easy_taxonomy_SILVA,163,1.34,192.07,0.0,0.9,./microbial/210615_391_A1_S1.0.3/mmseqs/splits/163/nuc/parse_mmseqs_easy_taxonomy_SILVA.benchmark.txt
updated,1.0.3,mmseqs_easy_taxonomy_vs_SILVA,163,340.35,11144.8,925.08,3150.82,./microbial/210615_391_A1_S1.0.3/mmseqs/splits/163/nuc/mmseqs_easy_taxonomy_vs_SILVA.benchmark.txt
updated,1.0.3,mmseqs_bestmatch_db,034,0.81,194.66,0.0,0.77,./microbial/210615_391_A1_S1.0.3/mmseqs/splits/034/mmseqs_bestmatch_db.benchmark.txt
updated,1.0.3,parse_mmseqs_easy_taxonomy_SILVA,034,0.9,225.23,0.0,0.94,./microbial/210615_391_A1_S1.0.3/mmseqs/splits/034/nuc/parse_mmseqs_easy_taxonomy_SILVA.benchmark.txt
updated,1.0.3,mmseqs_easy_taxonomy_vs_SILVA,034,353.64,11140.25,873.48,3090.26,./microbial/210615_391_A1_S1.0.3/mmseqs/splits/034/nuc/mmseqs_easy_taxonomy_vs_SILVA.benchmark.txt
updated,1.0.3,mmseqs_bestmatch_db,247,0.77,180.02,0.0,0.53,./microbial/210615_391_A1_S1.0.3/mmseqs/splits/247/mmseqs_bestmatch_db.benchmark.txt
updated,1.0.3,parse_mmseqs_easy_taxonomy_SILVA,247,0.96,229.28,0.0,0.95,./microbial/210615_391_A1_S1.0.3/mmseqs/splits/247/nuc/parse_mmseqs_easy_taxonomy_SILVA.benchmark.txt
updated,1.0.3,mmseqs_easy_taxonomy_vs_SILVA,247,289.87,11134.43,871.43,2527.78,./microbial/210615_391_A1_S1.0.3/mmseqs/splits/247/nuc/mmseqs_easy_taxonomy_vs_SILVA.benchmark.txt
updated,1.0.3,mmseqs_bestmatch_db,302,0.7,36.96,0.0,0.08,./microbial/210615_391_A1_S1.0.3/mmseqs/splits/302/mmseqs_bestmatch_db.benchmark.txt
updated,1.0.3,parse_mmseqs_easy_taxonomy_SILVA,302,2.47,183.34,8.34,0.73,./microbial/210615_391_A1_S1.0.3/mmseqs/splits/302/nuc/parse_mmseqs_easy_taxonomy_SILVA.benchmark.txt
updated,1.0.3,mmseqs_easy_taxonomy_vs_SILVA,302,275.73,11173.02,914.9,2524.34,./microbial/210615_391_A1_S1.0.3/mmseqs/splits/302/nuc/mmseqs_easy_taxonomy_vs_SILVA.benchmark.txt
updated,1.0.3,mmseqs_bestmatch_db,265,0.71,37.26,0.0,0.09,./microbial/210615_391_A1_S1.0.3/mmseqs/splits/265/mmseqs_bestmatch_db.benchmark.txt
updated,1.0.3,parse_mmseqs_easy_taxonomy_SILVA,265,3.61,200.13,15.32,1.03,./microbial/210615_391_A1_S1.0.3/mmseqs/splits/265/nuc/parse_mmseqs_easy_taxonomy_SILVA.benchmark.txt
updated,1.0.3,mmseqs_easy_taxonomy_vs_SILVA,265,279.89,11159.62,903.64,2530.9,./microbial/210615_391_A1_S1.0.3/mmseqs/splits/265/nuc/mmseqs_easy_taxonomy_vs_SILVA.benchmark.txt
updated,1.0.3,mmseqs_bestmatch_db,100,0.7,37.03,0.0,0.08,./microbial/210615_391_A1_S1.0.3/mmseqs/splits/100/mmseqs_bestmatch_db.benchmark.txt
updated,1.0.3,parse_mmseqs_easy_taxonomy_SILVA,100,1.09,213.84,0.0,0.95,./microbial/210615_391_A1_S1.0.3/mmseqs/splits/100/nuc/parse_mmseqs_easy_taxonomy_SILVA.benchmark.txt
updated,1.0.3,mmseqs_easy_taxonomy_vs_SILVA,100,323.32,11173.99,834.23,2698.54,./microbial/210615_391_A1_S1.0.3/mmseqs/splits/100/nuc/mmseqs_easy_taxonomy_vs_SILVA.benchmark.txt
updated,1.0.3,mmseqs_bestmatch_db,078,0.97,169.59,0.0,0.52,./microbial/210615_391_A1_S1.0.3/mmseqs/splits/078/mmseqs_bestmatch_db.benchmark.txt
updated,1.0.3,parse_mmseqs_easy_taxonomy_SILVA,078,2.37,167.66,7.47,1.15,./microbial/210615_391_A1_S1.0.3/mmseqs/splits/078/nuc/parse_mmseqs_easy_taxonomy_SILVA.benchmark.txt
updated,1.0.3,mmseqs_easy_taxonomy_vs_SILVA,078,276.97,11186.79,908.53,2517.13,./microbial/210615_391_A1_S1.0.3/mmseqs/splits/078/nuc/mmseqs_easy_taxonomy_vs_SILVA.benchmark.txt
updated,1.0.3,mmseqs_bestmatch_db,166,0.76,180.53,0.0,0.59,./microbial/210615_391_A1_S1.0.3/mmseqs/splits/166/mmseqs_bestmatch_db.benchmark.txt
updated,1.0.3,parse_mmseqs_easy_taxonomy_SILVA,166,1.19,207.94,0.0,0.84,./microbial/210615_391_A1_S1.0.3/mmseqs/splits/166/nuc/parse_mmseqs_easy_taxonomy_SILVA.benchmark.txt
updated,1.0.3,mmseqs_easy_taxonomy_vs_SILVA,166,279.22,11165.46,900.98,2517.53,./microbial/210615_391_A1_S1.0.3/mmseqs/splits/166/nuc/mmseqs_easy_taxonomy_vs_SILVA.benchmark.txt
updated,1.0.3,mmseqs_bestmatch_db,342,0.74,185.52,0.0,0.61,./microbial/210615_391_A1_S1.0.3/mmseqs/splits/342/mmseqs_bestmatch_db.benchmark.txt
updated,1.0.3,parse_mmseqs_easy_taxonomy_SILVA,342,1.05,204.25,0.0,0.73,./microbial/210615_391_A1_S1.0.3/mmseqs/splits/342/nuc/parse_mmseqs_easy_taxonomy_SILVA.benchmark.txt
updated,1.0.3,mmseqs_easy_taxonomy_vs_SILVA,342,279.63,11180.31,902.9,2526.28,./microbial/210615_391_A1_S1.0.3/mmseqs/splits/342/nuc/mmseqs_easy_taxonomy_vs_SILVA.benchmark.txt
updated,1.0.3,mmseqs_bestmatch_db,098,0.84,177.37,0.0,0.45,./microbial/210615_391_A1_S1.0.3/mmseqs/splits/098/mmseqs_bestmatch_db.benchmark.txt
updated,1.0.3,parse_mmseqs_easy_taxonomy_SILVA,098,0.93,225.76,0.0,0.85,./microbial/210615_391_A1_S1.0.3/mmseqs/splits/098/nuc/parse_mmseqs_easy_taxonomy_SILVA.benchmark.txt
updated,1.0.3,mmseqs_easy_taxonomy_vs_SILVA,098,301.69,11174.01,839.48,2537.69,./microbial/210615_391_A1_S1.0.3/mmseqs/splits/098/nuc/mmseqs_easy_taxonomy_vs_SILVA.benchmark.txt
updated,1.0.3,mmseqs_bestmatch_db,204,0.76,170.95,0.0,0.65,./microbial/210615_391_A1_S1.0.3/mmseqs/splits/204/mmseqs_bestmatch_db.benchmark.txt
updated,1.0.3,parse_mmseqs_easy_taxonomy_SILVA,204,0.86,226.5,0.0,0.93,./microbial/210615_391_A1_S1.0.3/mmseqs/splits/204/nuc/parse_mmseqs_easy_taxonomy_SILVA.benchmark.txt
updated,1.0.3,mmseqs_easy_taxonomy_vs_SILVA,204,307.4,11178.04,886.64,2727.29,./microbial/210615_391_A1_S1.0.3/mmseqs/splits/204/nuc/mmseqs_easy_taxonomy_vs_SILVA.benchmark.txt
updated,1.0.3,mmseqs_bestmatch_db,292,0.75,37.86,0.0,0.11,./microbial/210615_391_A1_S1.0.3/mmseqs/splits/292/mmseqs_bestmatch_db.benchmark.txt
updated,1.0.3,parse_mmseqs_easy_taxonomy_SILVA,292,2.92,186.68,8.2,0.68,./microbial/210615_391_A1_S1.0.3/mmseqs/splits/292/nuc/parse_mmseqs_easy_taxonomy_SILVA.benchmark.txt
updated,1.0.3,mmseqs_easy_taxonomy_vs_SILVA,292,278.23,11166.68,906.72,2525.13,./microbial/210615_391_A1_S1.0.3/mmseqs/splits/292/nuc/mmseqs_easy_taxonomy_vs_SILVA.benchmark.txt
updated,1.0.3,mmseqs_bestmatch_db,065,1.44,182.32,36.13,0.84,./microbial/210615_391_A1_S1.0.3/mmseqs/splits/065/mmseqs_bestmatch_db.benchmark.txt
updated,1.0.3,parse_mmseqs_easy_taxonomy_SILVA,065,1.18,181.1,0.0,0.53,./microbial/210615_391_A1_S1.0.3/mmseqs/splits/065/nuc/parse_mmseqs_easy_taxonomy_SILVA.benchmark.txt
updated,1.0.3,mmseqs_easy_taxonomy_vs_SILVA,065,269.22,11162.98,937.73,2525.04,./microbial/210615_391_A1_S1.0.3/mmseqs/splits/065/nuc/mmseqs_easy_taxonomy_vs_SILVA.benchmark.txt
updated,1.0.3,mmseqs_bestmatch_db,085,0.82,170.83,0.0,0.58,./microbial/210615_391_A1_S1.0.3/mmseqs/splits/085/mmseqs_bestmatch_db.benchmark.txt
updated,1.0.3,parse_mmseqs_easy_taxonomy_SILVA,085,1.15,180.82,0.0,0.73,./microbial/210615_391_A1_S1.0.3/mmseqs/splits/085/nuc/parse_mmseqs_easy_taxonomy_SILVA.benchmark.txt
updated,1.0.3,mmseqs_easy_taxonomy_vs_SILVA,085,297.75,11127.55,834.27,2511.62,./microbial/210615_391_A1_S1.0.3/mmseqs/splits/085/nuc/mmseqs_easy_taxonomy_vs_SILVA.benchmark.txt
updated,1.0.3,mmseqs_bestmatch_db,088,0.7,38.0,0.0,0.09,./microbial/210615_391_A1_S1.0.3/mmseqs/splits/088/mmseqs_bestmatch_db.benchmark.txt
updated,1.0.3,parse_mmseqs_easy_taxonomy_SILVA,088,0.97,212.91,0.0,0.83,./microbial/210615_391_A1_S1.0.3/mmseqs/splits/088/nuc/parse_mmseqs_easy_taxonomy_SILVA.benchmark.txt
updated,1.0.3,mmseqs_easy_taxonomy_vs_SILVA,088,268.09,11120.28,816.63,2207.03,./microbial/210615_391_A1_S1.0.3/mmseqs/splits/088/nuc/mmseqs_easy_taxonomy_vs_SILVA.benchmark.txt
updated,1.0.3,mmseqs_bestmatch_db,081,1.04,80.02,0.0,0.26,./microbial/210615_391_A1_S1.0.3/mmseqs/splits/081/mmseqs_bestmatch_db.benchmark.txt
updated,1.0.3,parse_mmseqs_easy_taxonomy_SILVA,081,1.15,177.79,0.0,0.61,./microbial/210615_391_A1_S1.0.3/mmseqs/splits/081/nuc/parse_mmseqs_easy_taxonomy_SILVA.benchmark.txt
updated,1.0.3,mmseqs_easy_taxonomy_vs_SILVA,081,314.17,11175.91,895.45,2814.76,./microbial/210615_391_A1_S1.0.3/mmseqs/splits/081/nuc/mmseqs_easy_taxonomy_vs_SILVA.benchmark.txt
updated,1.0.3,mmseqs_bestmatch_db,170,0.75,179.98,0.0,0.56,./microbial/210615_391_A1_S1.0.3/mmseqs/splits/170/mmseqs_bestmatch_db.benchmark.txt
updated,1.0.3,parse_mmseqs_easy_taxonomy_SILVA,170,1.33,193.36,0.0,0.73,./microbial/210615_391_A1_S1.0.3/mmseqs/splits/170/nuc/parse_mmseqs_easy_taxonomy_SILVA.benchmark.txt
updated,1.0.3,mmseqs_easy_taxonomy_vs_SILVA,170,292.25,11192.24,860.95,2519.1,./microbial/210615_391_A1_S1.0.3/mmseqs/splits/170/nuc/mmseqs_easy_taxonomy_vs_SILVA.benchmark.txt
updated,1.0.3,mmseqs_bestmatch_db,209,0.78,169.34,0.0,0.53,./microbial/210615_391_A1_S1.0.3/mmseqs/splits/209/mmseqs_bestmatch_db.benchmark.txt
updated,1.0.3,parse_mmseqs_easy_taxonomy_SILVA,209,0.97,212.18,0.0,0.86,./microbial/210615_391_A1_S1.0.3/mmseqs/splits/209/nuc/parse_mmseqs_easy_taxonomy_SILVA.benchmark.txt
updated,1.0.3,mmseqs_easy_taxonomy_vs_SILVA,209,316.13,11174.75,876.03,2771.19,./microbial/210615_391_A1_S1.0.3/mmseqs/splits/209/nuc/mmseqs_easy_taxonomy_vs_SILVA.benchmark.txt
updated,1.0.3,mmseqs_bestmatch_db,282,1.0,156.77,0.0,0.54,./microbial/210615_391_A1_S1.0.3/mmseqs/splits/282/mmseqs_bestmatch_db.benchmark.txt
updated,1.0.3,parse_mmseqs_easy_taxonomy_SILVA,282,1.36,172.49,0.0,0.65,./microbial/210615_391_A1_S1.0.3/mmseqs/splits/282/nuc/parse_mmseqs_easy_taxonomy_SILVA.benchmark.txt
updated,1.0.3,mmseqs_easy_taxonomy_vs_SILVA,282,265.77,11162.4,835.12,2222.4,./microbial/210615_391_A1_S1.0.3/mmseqs/splits/282/nuc/mmseqs_easy_taxonomy_vs_SILVA.benchmark.txt
updated,1.0.3,mmseqs_bestmatch_db,162,0.79,186.53,0.0,0.57,./microbial/210615_391_A1_S1.0.3/mmseqs/splits/162/mmseqs_bestmatch_db.benchmark.txt
updated,1.0.3,parse_mmseqs_easy_taxonomy_SILVA,162,0.91,223.64,0.0,0.88,./microbial/210615_391_A1_S1.0.3/mmseqs/splits/162/nuc/parse_mmseqs_easy_taxonomy_SILVA.benchmark.txt
updated,1.0.3,mmseqs_easy_taxonomy_vs_SILVA,162,270.6,11212.71,931.63,2522.37,./microbial/210615_391_A1_S1.0.3/mmseqs/splits/162/nuc/mmseqs_easy_taxonomy_vs_SILVA.benchmark.txt
updated,1.0.3,mmseqs_bestmatch_db,147,0.74,37.01,0.0,0.09,./microbial/210615_391_A1_S1.0.3/mmseqs/splits/147/mmseqs_bestmatch_db.benchmark.txt
updated,1.0.3,parse_mmseqs_easy_taxonomy_SILVA,147,0.99,229.25,0.0,0.92,./microbial/210615_391_A1_S1.0.3/mmseqs/splits/147/nuc/parse_mmseqs_easy_taxonomy_SILVA.benchmark.txt
updated,1.0.3,mmseqs_easy_taxonomy_vs_SILVA,147,270.11,11189.43,931.1,2515.91,./microbial/210615_391_A1_S1.0.3/mmseqs/splits/147/nuc/mmseqs_easy_taxonomy_vs_SILVA.benchmark.txt
updated,1.0.3,mmseqs_bestmatch_db,237,0.87,178.39,0.0,0.67,./microbial/210615_391_A1_S1.0.3/mmseqs/splits/237/mmseqs_bestmatch_db.benchmark.txt
updated,1.0.3,parse_mmseqs_easy_taxonomy_SILVA,237,2.55,199.73,7.29,0.81,./microbial/210615_391_A1_S1.0.3/mmseqs/splits/237/nuc/parse_mmseqs_easy_taxonomy_SILVA.benchmark.txt
updated,1.0.3,mmseqs_easy_taxonomy_vs_SILVA,237,362.99,11175.76,718.76,2610.44,./microbial/210615_391_A1_S1.0.3/mmseqs/splits/237/nuc/mmseqs_easy_taxonomy_vs_SILVA.benchmark.txt
updated,1.0.3,mmseqs_bestmatch_db,165,0.63,39.65,0.0,0.09,./microbial/210615_391_A1_S1.0.3/mmseqs/splits/165/mmseqs_bestmatch_db.benchmark.txt
updated,1.0.3,parse_mmseqs_easy_taxonomy_SILVA,165,0.95,218.38,0.0,0.8,./microbial/210615_391_A1_S1.0.3/mmseqs/splits/165/nuc/parse_mmseqs_easy_taxonomy_SILVA.benchmark.txt
updated,1.0.3,mmseqs_easy_taxonomy_vs_SILVA,165,316.35,11160.66,890.1,2817.67,./microbial/210615_391_A1_S1.0.3/mmseqs/splits/165/nuc/mmseqs_easy_taxonomy_vs_SILVA.benchmark.txt
updated,1.0.3,mmseqs_bestmatch_db,027,0.66,38.06,0.0,0.09,./microbial/210615_391_A1_S1.0.3/mmseqs/splits/027/mmseqs_bestmatch_db.benchmark.txt
updated,1.0.3,parse_mmseqs_easy_taxonomy_SILVA,027,0.98,231.73,0.0,0.95,./microbial/210615_391_A1_S1.0.3/mmseqs/splits/027/nuc/parse_mmseqs_easy_taxonomy_SILVA.benchmark.txt
updated,1.0.3,mmseqs_easy_taxonomy_vs_SILVA,027,352.7,11133.12,878.72,3101.22,./microbial/210615_391_A1_S1.0.3/mmseqs/splits/027/nuc/mmseqs_easy_taxonomy_vs_SILVA.benchmark.txt
updated,1.0.3,mmseqs_bestmatch_db,073,0.72,36.64,0.0,0.08,./microbial/210615_391_A1_S1.0.3/mmseqs/splits/073/mmseqs_bestmatch_db.benchmark.txt
updated,1.0.3,parse_mmseqs_easy_taxonomy_SILVA,073,1.16,213.41,0.0,0.99,./microbial/210615_391_A1_S1.0.3/mmseqs/splits/073/nuc/parse_mmseqs_easy_taxonomy_SILVA.benchmark.txt
updated,1.0.3,mmseqs_easy_taxonomy_vs_SILVA,073,313.81,11204.19,889.82,2793.68,./microbial/210615_391_A1_S1.0.3/mmseqs/splits/073/nuc/mmseqs_easy_taxonomy_vs_SILVA.benchmark.txt
updated,1.0.3,mmseqs_bestmatch_db,181,0.87,172.82,0.0,0.54,./microbial/210615_391_A1_S1.0.3/mmseqs/splits/181/mmseqs_bestmatch_db.benchmark.txt
updated,1.0.3,parse_mmseqs_easy_taxonomy_SILVA,181,0.94,228.8,0.0,0.9,./microbial/210615_391_A1_S1.0.3/mmseqs/splits/181/nuc/parse_mmseqs_easy_taxonomy_SILVA.benchmark.txt
updated,1.0.3,mmseqs_easy_taxonomy_vs_SILVA,181,369.32,11177.2,924.05,3415.89,./microbial/210615_391_A1_S1.0.3/mmseqs/splits/181/nuc/mmseqs_easy_taxonomy_vs_SILVA.benchmark.txt
updated,1.0.3,mmseqs_bestmatch_db,120,0.88,169.46,0.0,0.44,./microbial/210615_391_A1_S1.0.3/mmseqs/splits/120/mmseqs_bestmatch_db.benchmark.txt
updated,1.0.3,parse_mmseqs_easy_taxonomy_SILVA,120,0.95,215.27,0.0,0.85,./microbial/210615_391_A1_S1.0.3/mmseqs/splits/120/nuc/parse_mmseqs_easy_taxonomy_SILVA.benchmark.txt
updated,1.0.3,mmseqs_easy_taxonomy_vs_SILVA,120,293.9,11185.13,856.64,2519.96,./microbial/210615_391_A1_S1.0.3/mmseqs/splits/120/nuc/mmseqs_easy_taxonomy_vs_SILVA.benchmark.txt
updated,1.0.3,mmseqs_bestmatch_db,300,0.86,168.33,0.0,0.59,./microbial/210615_391_A1_S1.0.3/mmseqs/splits/300/mmseqs_bestmatch_db.benchmark.txt
updated,1.0.3,parse_mmseqs_easy_taxonomy_SILVA,300,2.22,222.5,11.13,1.19,./microbial/210615_391_A1_S1.0.3/mmseqs/splits/300/nuc/parse_mmseqs_easy_taxonomy_SILVA.benchmark.txt
updated,1.0.3,mmseqs_easy_taxonomy_vs_SILVA,300,283.15,11186.71,878.64,2489.11,./microbial/210615_391_A1_S1.0.3/mmseqs/splits/300/nuc/mmseqs_easy_taxonomy_vs_SILVA.benchmark.txt
updated,1.0.3,mmseqs_bestmatch_db,294,1.03,85.43,0.0,0.23,./microbial/210615_391_A1_S1.0.3/mmseqs/splits/294/mmseqs_bestmatch_db.benchmark.txt
updated,1.0.3,parse_mmseqs_easy_taxonomy_SILVA,294,0.93,230.75,0.0,0.97,./microbial/210615_391_A1_S1.0.3/mmseqs/splits/294/nuc/parse_mmseqs_easy_taxonomy_SILVA.benchmark.txt
updated,1.0.3,mmseqs_easy_taxonomy_vs_SILVA,294,269.28,11195.11,938.97,2529.82,./microbial/210615_391_A1_S1.0.3/mmseqs/splits/294/nuc/mmseqs_easy_taxonomy_vs_SILVA.benchmark.txt
updated,1.0.3,mmseqs_bestmatch_db,125,1.18,122.21,0.0,0.33,./microbial/210615_391_A1_S1.0.3/mmseqs/splits/125/mmseqs_bestmatch_db.benchmark.txt
updated,1.0.3,parse_mmseqs_easy_taxonomy_SILVA,125,0.91,230.79,0.0,0.9,./microbial/210615_391_A1_S1.0.3/mmseqs/splits/125/nuc/parse_mmseqs_easy_taxonomy_SILVA.benchmark.txt
updated,1.0.3,mmseqs_easy_taxonomy_vs_SILVA,125,288.05,11192.95,880.19,2536.45,./microbial/210615_391_A1_S1.0.3/mmseqs/splits/125/nuc/mmseqs_easy_taxonomy_vs_SILVA.benchmark.txt
updated,1.0.3,mmseqs_bestmatch_db,229,0.79,181.89,0.0,0.63,./microbial/210615_391_A1_S1.0.3/mmseqs/splits/229/mmseqs_bestmatch_db.benchmark.txt
updated,1.0.3,parse_mmseqs_easy_taxonomy_SILVA,229,1.35,170.78,23.4,0.7,./microbial/210615_391_A1_S1.0.3/mmseqs/splits/229/nuc/parse_mmseqs_easy_taxonomy_SILVA.benchmark.txt
updated,1.0.3,mmseqs_easy_taxonomy_vs_SILVA,229,311.69,11153.66,896.02,2793.74,./microbial/210615_391_A1_S1.0.3/mmseqs/splits/229/nuc/mmseqs_easy_taxonomy_vs_SILVA.benchmark.txt
updated,1.0.3,mmseqs_bestmatch_db,018,0.95,110.09,0.0,0.35,./microbial/210615_391_A1_S1.0.3/mmseqs/splits/018/mmseqs_bestmatch_db.benchmark.txt
updated,1.0.3,parse_mmseqs_easy_taxonomy_SILVA,018,0.8,225.62,0.0,0.91,./microbial/210615_391_A1_S1.0.3/mmseqs/splits/018/nuc/parse_mmseqs_easy_taxonomy_SILVA.benchmark.txt
updated,1.0.3,mmseqs_easy_taxonomy_vs_SILVA,018,372.61,11178.68,916.53,3417.36,./microbial/210615_391_A1_S1.0.3/mmseqs/splits/018/nuc/mmseqs_easy_taxonomy_vs_SILVA.benchmark.txt
updated,1.0.3,mmseqs_bestmatch_db,191,1.01,73.96,0.0,0.22,./microbial/210615_391_A1_S1.0.3/mmseqs/splits/191/mmseqs_bestmatch_db.benchmark.txt
updated,1.0.3,parse_mmseqs_easy_taxonomy_SILVA,191,0.99,213.44,0.0,0.81,./microbial/210615_391_A1_S1.0.3/mmseqs/splits/191/nuc/parse_mmseqs_easy_taxonomy_SILVA.benchmark.txt
updated,1.0.3,mmseqs_easy_taxonomy_vs_SILVA,191,358.4,11161.77,880.98,3158.23,./microbial/210615_391_A1_S1.0.3/mmseqs/splits/191/nuc/mmseqs_easy_taxonomy_vs_SILVA.benchmark.txt
updated,1.0.3,mmseqs_bestmatch_db,059,0.81,188.3,0.0,0.54,./microbial/210615_391_A1_S1.0.3/mmseqs/splits/059/mmseqs_bestmatch_db.benchmark.txt
updated,1.0.3,parse_mmseqs_easy_taxonomy_SILVA,059,0.92,230.27,0.0,0.96,./microbial/210615_391_A1_S1.0.3/mmseqs/splits/059/nuc/parse_mmseqs_easy_taxonomy_SILVA.benchmark.txt
updated,1.0.3,mmseqs_easy_taxonomy_vs_SILVA,059,313.23,11202.1,892.81,2796.89,./microbial/210615_391_A1_S1.0.3/mmseqs/splits/059/nuc/mmseqs_easy_taxonomy_vs_SILVA.benchmark.txt
updated,1.0.3,mmseqs_bestmatch_db,176,0.75,186.61,0.0,0.59,./microbial/210615_391_A1_S1.0.3/mmseqs/splits/176/mmseqs_bestmatch_db.benchmark.txt
updated,1.0.3,parse_mmseqs_easy_taxonomy_SILVA,176,1.3,190.07,0.0,0.9,./microbial/210615_391_A1_S1.0.3/mmseqs/splits/176/nuc/parse_mmseqs_easy_taxonomy_SILVA.benchmark.txt
updated,1.0.3,mmseqs_easy_taxonomy_vs_SILVA,176,314.85,11170.81,897.66,2827.68,./microbial/210615_391_A1_S1.0.3/mmseqs/splits/176/nuc/mmseqs_easy_taxonomy_vs_SILVA.benchmark.txt
updated,1.0.3,mmseqs_bestmatch_db,343,1.02,155.27,0.0,0.56,./microbial/210615_391_A1_S1.0.3/mmseqs/splits/343/mmseqs_bestmatch_db.benchmark.txt
updated,1.0.3,parse_mmseqs_easy_taxonomy_SILVA,343,0.92,226.5,0.0,0.85,./microbial/210615_391_A1_S1.0.3/mmseqs/splits/343/nuc/parse_mmseqs_easy_taxonomy_SILVA.benchmark.txt
updated,1.0.3,mmseqs_easy_taxonomy_vs_SILVA,343,312.87,11169.33,902.31,2825.2,./microbial/210615_391_A1_S1.0.3/mmseqs/splits/343/nuc/mmseqs_easy_taxonomy_vs_SILVA.benchmark.txt
updated,1.0.3,mmseqs_bestmatch_db,349,0.96,158.54,0.0,0.51,./microbial/210615_391_A1_S1.0.3/mmseqs/splits/349/mmseqs_bestmatch_db.benchmark.txt
updated,1.0.3,parse_mmseqs_easy_taxonomy_SILVA,349,3.18,89.23,7.2,0.41,./microbial/210615_391_A1_S1.0.3/mmseqs/splits/349/nuc/parse_mmseqs_easy_taxonomy_SILVA.benchmark.txt
updated,1.0.3,mmseqs_easy_taxonomy_vs_SILVA,349,306.76,11147.32,919.45,2821.67,./microbial/210615_391_A1_S1.0.3/mmseqs/splits/349/nuc/mmseqs_easy_taxonomy_vs_SILVA.benchmark.txt
updated,1.0.3,mmseqs_bestmatch_db,183,0.77,177.61,0.0,0.55,./microbial/210615_391_A1_S1.0.3/mmseqs/splits/183/mmseqs_bestmatch_db.benchmark.txt
updated,1.0.3,parse_mmseqs_easy_taxonomy_SILVA,183,0.98,218.25,0.0,0.82,./microbial/210615_391_A1_S1.0.3/mmseqs/splits/183/nuc/parse_mmseqs_easy_taxonomy_SILVA.benchmark.txt
updated,1.0.3,mmseqs_easy_taxonomy_vs_SILVA,183,277.8,11140.51,912.25,2535.18,./microbial/210615_391_A1_S1.0.3/mmseqs/splits/183/nuc/mmseqs_easy_taxonomy_vs_SILVA.benchmark.txt
updated,1.0.3,mmseqs_bestmatch_db,154,0.67,38.32,0.0,0.09,./microbial/210615_391_A1_S1.0.3/mmseqs/splits/154/mmseqs_bestmatch_db.benchmark.txt
updated,1.0.3,parse_mmseqs_easy_taxonomy_SILVA,154,0.92,221.03,0.0,0.84,./microbial/210615_391_A1_S1.0.3/mmseqs/splits/154/nuc/parse_mmseqs_easy_taxonomy_SILVA.benchmark.txt
updated,1.0.3,mmseqs_easy_taxonomy_vs_SILVA,154,300.39,11174.5,907.96,2726.73,./microbial/210615_391_A1_S1.0.3/mmseqs/splits/154/nuc/mmseqs_easy_taxonomy_vs_SILVA.benchmark.txt
updated,1.0.3,mmseqs_bestmatch_db,296,0.65,44.66,0.0,0.09,./microbial/210615_391_A1_S1.0.3/mmseqs/splits/296/mmseqs_bestmatch_db.benchmark.txt
updated,1.0.3,parse_mmseqs_easy_taxonomy_SILVA,296,0.99,200.15,0.0,0.69,./microbial/210615_391_A1_S1.0.3/mmseqs/splits/296/nuc/parse_mmseqs_easy_taxonomy_SILVA.benchmark.txt
updated,1.0.3,mmseqs_easy_taxonomy_vs_SILVA,296,272.11,11175.24,912.46,2483.49,./microbial/210615_391_A1_S1.0.3/mmseqs/splits/296/nuc/mmseqs_easy_taxonomy_vs_SILVA.benchmark.txt
updated,1.0.3,mmseqs_bestmatch_db,214,0.63,41.81,0.0,0.09,./microbial/210615_391_A1_S1.0.3/mmseqs/splits/214/mmseqs_bestmatch_db.benchmark.txt
updated,1.0.3,parse_mmseqs_easy_taxonomy_SILVA,214,0.94,212.52,0.0,0.74,./microbial/210615_391_A1_S1.0.3/mmseqs/splits/214/nuc/parse_mmseqs_easy_taxonomy_SILVA.benchmark.txt
updated,1.0.3,mmseqs_easy_taxonomy_vs_SILVA,214,359.7,11130.46,872.79,3140.7,./microbial/210615_391_A1_S1.0.3/mmseqs/splits/214/nuc/mmseqs_easy_taxonomy_vs_SILVA.benchmark.txt
updated,1.0.3,mmseqs_bestmatch_db,271,0.84,175.7,0.0,0.58,./microbial/210615_391_A1_S1.0.3/mmseqs/splits/271/mmseqs_bestmatch_db.benchmark.txt
updated,1.0.3,parse_mmseqs_easy_taxonomy_SILVA,271,1.35,122.9,11.69,0.45,./microbial/210615_391_A1_S1.0.3/mmseqs/splits/271/nuc/parse_mmseqs_easy_taxonomy_SILVA.benchmark.txt
updated,1.0.3,mmseqs_easy_taxonomy_vs_SILVA,271,257.98,11147.84,856.91,2211.68,./microbial/210615_391_A1_S1.0.3/mmseqs/splits/271/nuc/mmseqs_easy_taxonomy_vs_SILVA.benchmark.txt
updated,1.0.3,mmseqs_bestmatch_db,357,0.93,175.04,0.0,0.53,./microbial/210615_391_A1_S1.0.3/mmseqs/splits/357/mmseqs_bestmatch_db.benchmark.txt
updated,1.0.3,parse_mmseqs_easy_taxonomy_SILVA,357,1.16,186.29,0.0,0.92,./microbial/210615_391_A1_S1.0.3/mmseqs/splits/357/nuc/parse_mmseqs_easy_taxonomy_SILVA.benchmark.txt
updated,1.0.3,mmseqs_easy_taxonomy_vs_SILVA,357,377.94,11185.62,899.64,3402.09,./microbial/210615_391_A1_S1.0.3/mmseqs/splits/357/nuc/mmseqs_easy_taxonomy_vs_SILVA.benchmark.txt
updated,1.0.3,mmseqs_bestmatch_db,006,0.81,204.31,0.0,0.52,./microbial/210615_391_A1_S1.0.3/mmseqs/splits/006/mmseqs_bestmatch_db.benchmark.txt
updated,1.0.3,parse_mmseqs_easy_taxonomy_SILVA,006,1.07,187.39,0.0,0.67,./microbial/210615_391_A1_S1.0.3/mmseqs/splits/006/nuc/parse_mmseqs_easy_taxonomy_SILVA.benchmark.txt
updated,1.0.3,mmseqs_easy_taxonomy_vs_SILVA,006,421.51,11156.23,887.47,3741.74,./microbial/210615_391_A1_S1.0.3/mmseqs/splits/006/nuc/mmseqs_easy_taxonomy_vs_SILVA.benchmark.txt
updated,1.0.3,mmseqs_bestmatch_db,149,0.77,169.6,0.0,0.58,./microbial/210615_391_A1_S1.0.3/mmseqs/splits/149/mmseqs_bestmatch_db.benchmark.txt
updated,1.0.3,parse_mmseqs_easy_taxonomy_SILVA,149,2.57,140.31,13.04,0.54,./microbial/210615_391_A1_S1.0.3/mmseqs/splits/149/nuc/parse_mmseqs_easy_taxonomy_SILVA.benchmark.txt
updated,1.0.3,mmseqs_easy_taxonomy_vs_SILVA,149,298.65,11173.21,940.78,2810.11,./microbial/210615_391_A1_S1.0.3/mmseqs/splits/149/nuc/mmseqs_easy_taxonomy_vs_SILVA.benchmark.txt
updated,1.0.3,mmseqs_bestmatch_db,293,1.0,105.61,0.0,0.32,./microbial/210615_391_A1_S1.0.3/mmseqs/splits/293/mmseqs_bestmatch_db.benchmark.txt
updated,1.0.3,parse_mmseqs_easy_taxonomy_SILVA,293,0.84,233.46,0.0,0.93,./microbial/210615_391_A1_S1.0.3/mmseqs/splits/293/nuc/parse_mmseqs_easy_taxonomy_SILVA.benchmark.txt
updated,1.0.3,mmseqs_easy_taxonomy_vs_SILVA,293,335.58,11130.32,927.74,3113.61,./microbial/210615_391_A1_S1.0.3/mmseqs/splits/293/nuc/mmseqs_easy_taxonomy_vs_SILVA.benchmark.txt
updated,1.0.3,mmseqs_bestmatch_db,115,0.8,170.06,0.0,0.44,./microbial/210615_391_A1_S1.0.3/mmseqs/splits/115/mmseqs_bestmatch_db.benchmark.txt
updated,1.0.3,parse_mmseqs_easy_taxonomy_SILVA,115,0.96,207.89,0.0,0.77,./microbial/210615_391_A1_S1.0.3/mmseqs/splits/115/nuc/parse_mmseqs_easy_taxonomy_SILVA.benchmark.txt
updated,1.0.3,mmseqs_easy_taxonomy_vs_SILVA,115,281.26,11171.18,897.29,2525.84,./microbial/210615_391_A1_S1.0.3/mmseqs/splits/115/nuc/mmseqs_easy_taxonomy_vs_SILVA.benchmark.txt
updated,1.0.3,mmseqs_bestmatch_db,072,1.66,157.14,12.7,0.46,./microbial/210615_391_A1_S1.0.3/mmseqs/splits/072/mmseqs_bestmatch_db.benchmark.txt
updated,1.0.3,parse_mmseqs_easy_taxonomy_SILVA,072,0.87,226.67,0.0,0.88,./microbial/210615_391_A1_S1.0.3/mmseqs/splits/072/nuc/parse_mmseqs_easy_taxonomy_SILVA.benchmark.txt
updated,1.0.3,mmseqs_easy_taxonomy_vs_SILVA,072,325.22,11133.79,875.76,2849.08,./microbial/210615_391_A1_S1.0.3/mmseqs/splits/072/nuc/mmseqs_easy_taxonomy_vs_SILVA.benchmark.txt
updated,1.0.3,mmseqs_bestmatch_db,246,0.76,178.63,0.0,0.66,./microbial/210615_391_A1_S1.0.3/mmseqs/splits/246/mmseqs_bestmatch_db.benchmark.txt
updated,1.0.3,parse_mmseqs_easy_taxonomy_SILVA,246,0.85,230.45,0.0,0.89,./microbial/210615_391_A1_S1.0.3/mmseqs/splits/246/nuc/parse_mmseqs_easy_taxonomy_SILVA.benchmark.txt
updated,1.0.3,mmseqs_easy_taxonomy_vs_SILVA,246,340.39,11160.33,906.52,3087.51,./microbial/210615_391_A1_S1.0.3/mmseqs/splits/246/nuc/mmseqs_easy_taxonomy_vs_SILVA.benchmark.txt
updated,1.0.3,mmseqs_bestmatch_db,103,2.67,173.78,20.73,0.66,./microbial/210615_391_A1_S1.0.3/mmseqs/splits/103/mmseqs_bestmatch_db.benchmark.txt
updated,1.0.3,parse_mmseqs_easy_taxonomy_SILVA,103,0.92,159.03,0.0,0.8,./microbial/210615_391_A1_S1.0.3/mmseqs/splits/103/nuc/parse_mmseqs_easy_taxonomy_SILVA.benchmark.txt
updated,1.0.3,mmseqs_easy_taxonomy_vs_SILVA,103,265.53,11136.35,837.48,2237.26,./microbial/210615_391_A1_S1.0.3/mmseqs/splits/103/nuc/mmseqs_easy_taxonomy_vs_SILVA.benchmark.txt
updated,1.0.3,mmseqs_bestmatch_db,256,0.6,37.92,0.0,0.09,./microbial/210615_391_A1_S1.0.3/mmseqs/splits/256/mmseqs_bestmatch_db.benchmark.txt
updated,1.0.3,parse_mmseqs_easy_taxonomy_SILVA,256,1.01,194.57,0.0,0.6,./microbial/210615_391_A1_S1.0.3/mmseqs/splits/256/nuc/parse_mmseqs_easy_taxonomy_SILVA.benchmark.txt
updated,1.0.3,mmseqs_easy_taxonomy_vs_SILVA,256,277.01,11138.36,918.78,2547.47,./microbial/210615_391_A1_S1.0.3/mmseqs/splits/256/nuc/mmseqs_easy_taxonomy_vs_SILVA.benchmark.txt
updated,1.0.3,mmseqs_bestmatch_db,318,0.83,197.03,0.0,0.45,./microbial/210615_391_A1_S1.0.3/mmseqs/splits/318/mmseqs_bestmatch_db.benchmark.txt
updated,1.0.3,parse_mmseqs_easy_taxonomy_SILVA,318,0.86,228.1,0.0,0.96,./microbial/210615_391_A1_S1.0.3/mmseqs/splits/318/nuc/parse_mmseqs_easy_taxonomy_SILVA.benchmark.txt
updated,1.0.3,mmseqs_easy_taxonomy_vs_SILVA,318,262.83,11175.7,819.79,2157.5,./microbial/210615_391_A1_S1.0.3/mmseqs/splits/318/nuc/mmseqs_easy_taxonomy_vs_SILVA.benchmark.txt
updated,1.0.3,mmseqs_bestmatch_db,317,0.91,183.07,0.0,0.73,./microbial/210615_391_A1_S1.0.3/mmseqs/splits/317/mmseqs_bestmatch_db.benchmark.txt
updated,1.0.3,parse_mmseqs_easy_taxonomy_SILVA,317,0.88,228.5,0.0,0.97,./microbial/210615_391_A1_S1.0.3/mmseqs/splits/317/nuc/parse_mmseqs_easy_taxonomy_SILVA.benchmark.txt
updated,1.0.3,mmseqs_easy_taxonomy_vs_SILVA,317,358.0,11131.29,874.89,3132.88,./microbial/210615_391_A1_S1.0.3/mmseqs/splits/317/nuc/mmseqs_easy_taxonomy_vs_SILVA.benchmark.txt
updated,1.0.3,mmseqs_bestmatch_db,099,0.78,177.06,0.0,0.59,./microbial/210615_391_A1_S1.0.3/mmseqs/splits/099/mmseqs_bestmatch_db.benchmark.txt
updated,1.0.3,parse_mmseqs_easy_taxonomy_SILVA,099,0.89,225.36,0.0,0.91,./microbial/210615_391_A1_S1.0.3/mmseqs/splits/099/nuc/parse_mmseqs_easy_taxonomy_SILVA.benchmark.txt
updated,1.0.3,mmseqs_easy_taxonomy_vs_SILVA,099,293.32,11206.71,860.92,2528.59,./microbial/210615_391_A1_S1.0.3/mmseqs/splits/099/nuc/mmseqs_easy_taxonomy_vs_SILVA.benchmark.txt
updated,1.0.3,mmseqs_bestmatch_db,321,3.38,168.77,15.55,0.65,./microbial/210615_391_A1_S1.0.3/mmseqs/splits/321/mmseqs_bestmatch_db.benchmark.txt
updated,1.0.3,parse_mmseqs_easy_taxonomy_SILVA,321,1.01,195.66,0.0,0.66,./microbial/210615_391_A1_S1.0.3/mmseqs/splits/321/nuc/parse_mmseqs_easy_taxonomy_SILVA.benchmark.txt
updated,1.0.3,mmseqs_easy_taxonomy_vs_SILVA,321,271.04,11171.95,927.85,2515.61,./microbial/210615_391_A1_S1.0.3/mmseqs/splits/321/nuc/mmseqs_easy_taxonomy_vs_SILVA.benchmark.txt
updated,1.0.3,mmseqs_bestmatch_db,279,0.97,178.39,0.0,0.68,./microbial/210615_391_A1_S1.0.3/mmseqs/splits/279/mmseqs_bestmatch_db.benchmark.txt
updated,1.0.3,parse_mmseqs_easy_taxonomy_SILVA,279,0.95,210.66,0.0,0.76,./microbial/210615_391_A1_S1.0.3/mmseqs/splits/279/nuc/parse_mmseqs_easy_taxonomy_SILVA.benchmark.txt
updated,1.0.3,mmseqs_easy_taxonomy_vs_SILVA,279,292.87,11180.04,857.99,2514.49,./microbial/210615_391_A1_S1.0.3/mmseqs/splits/279/nuc/mmseqs_easy_taxonomy_vs_SILVA.benchmark.txt
updated,1.0.3,mmseqs_bestmatch_db,281,0.9,179.83,0.0,0.6,./microbial/210615_391_A1_S1.0.3/mmseqs/splits/281/mmseqs_bestmatch_db.benchmark.txt
updated,1.0.3,parse_mmseqs_easy_taxonomy_SILVA,281,1.05,194.54,0.0,0.74,./microbial/210615_391_A1_S1.0.3/mmseqs/splits/281/nuc/parse_mmseqs_easy_taxonomy_SILVA.benchmark.txt
updated,1.0.3,mmseqs_easy_taxonomy_vs_SILVA,281,305.39,11188.96,858.25,2622.18,./microbial/210615_391_A1_S1.0.3/mmseqs/splits/281/nuc/mmseqs_easy_taxonomy_vs_SILVA.benchmark.txt
updated,1.0.3,mmseqs_bestmatch_db,126,0.98,170.63,0.0,0.54,./microbial/210615_391_A1_S1.0.3/mmseqs/splits/126/mmseqs_bestmatch_db.benchmark.txt
updated,1.0.3,parse_mmseqs_easy_taxonomy_SILVA,126,0.98,235.98,0.0,0.98,./microbial/210615_391_A1_S1.0.3/mmseqs/splits/126/nuc/parse_mmseqs_easy_taxonomy_SILVA.benchmark.txt
updated,1.0.3,mmseqs_easy_taxonomy_vs_SILVA,126,271.31,11142.64,919.74,2496.5,./microbial/210615_391_A1_S1.0.3/mmseqs/splits/126/nuc/mmseqs_easy_taxonomy_vs_SILVA.benchmark.txt
updated,1.0.3,mmseqs_bestmatch_db,094,0.89,182.99,0.0,0.56,./microbial/210615_391_A1_S1.0.3/mmseqs/splits/094/mmseqs_bestmatch_db.benchmark.txt
updated,1.0.3,parse_mmseqs_easy_taxonomy_SILVA,094,1.2,204.29,0.0,0.91,./microbial/210615_391_A1_S1.0.3/mmseqs/splits/094/nuc/parse_mmseqs_easy_taxonomy_SILVA.benchmark.txt
updated,1.0.3,mmseqs_easy_taxonomy_vs_SILVA,094,286.87,11188.19,873.41,2507.87,./microbial/210615_391_A1_S1.0.3/mmseqs/splits/094/nuc/mmseqs_easy_taxonomy_vs_SILVA.benchmark.txt
updated,1.0.3,mmseqs_bestmatch_db,028,0.68,37.26,0.0,0.09,./microbial/210615_391_A1_S1.0.3/mmseqs/splits/028/mmseqs_bestmatch_db.benchmark.txt
updated,1.0.3,parse_mmseqs_easy_taxonomy_SILVA,028,1.05,203.46,0.0,0.57,./microbial/210615_391_A1_S1.0.3/mmseqs/splits/028/nuc/parse_mmseqs_easy_taxonomy_SILVA.benchmark.txt
updated,1.0.3,mmseqs_easy_taxonomy_vs_SILVA,028,392.21,11171.54,878.24,3437.37,./microbial/210615_391_A1_S1.0.3/mmseqs/splits/028/nuc/mmseqs_easy_taxonomy_vs_SILVA.benchmark.txt
updated,1.0.3,mmseqs_bestmatch_db,299,1.11,105.7,0.0,0.39,./microbial/210615_391_A1_S1.0.3/mmseqs/splits/299/mmseqs_bestmatch_db.benchmark.txt
updated,1.0.3,parse_mmseqs_easy_taxonomy_SILVA,299,1.04,208.59,0.0,0.93,./microbial/210615_391_A1_S1.0.3/mmseqs/splits/299/nuc/parse_mmseqs_easy_taxonomy_SILVA.benchmark.txt
updated,1.0.3,mmseqs_easy_taxonomy_vs_SILVA,299,325.9,11127.45,867.41,2828.28,./microbial/210615_391_A1_S1.0.3/mmseqs/splits/299/nuc/mmseqs_easy_taxonomy_vs_SILVA.benchmark.txt
updated,1.0.3,mmseqs_bestmatch_db,179,1.04,171.25,0.0,0.67,./microbial/210615_391_A1_S1.0.3/mmseqs/splits/179/mmseqs_bestmatch_db.benchmark.txt
updated,1.0.3,parse_mmseqs_easy_taxonomy_SILVA,179,1.14,94.5,0.0,0.24,./microbial/210615_391_A1_S1.0.3/mmseqs/splits/179/nuc/parse_mmseqs_easy_taxonomy_SILVA.benchmark.txt
updated,1.0.3,mmseqs_easy_taxonomy_vs_SILVA,179,304.59,11158.11,929.12,2830.88,./microbial/210615_391_A1_S1.0.3/mmseqs/splits/179/nuc/mmseqs_easy_taxonomy_vs_SILVA.benchmark.txt
updated,1.0.3,mmseqs_bestmatch_db,151,0.86,188.4,0.0,0.57,./microbial/210615_391_A1_S1.0.3/mmseqs/splits/151/mmseqs_bestmatch_db.benchmark.txt
updated,1.0.3,parse_mmseqs_easy_taxonomy_SILVA,151,1.04,141.54,0.0,0.64,./microbial/210615_391_A1_S1.0.3/mmseqs/splits/151/nuc/parse_mmseqs_easy_taxonomy_SILVA.benchmark.txt
updated,1.0.3,mmseqs_easy_taxonomy_vs_SILVA,151,272.11,11179.12,927.86,2525.59,./microbial/210615_391_A1_S1.0.3/mmseqs/splits/151/nuc/mmseqs_easy_taxonomy_vs_SILVA.benchmark.txt
updated,1.0.3,mmseqs_bestmatch_db,137,0.74,193.91,0.0,0.64,./microbial/210615_391_A1_S1.0.3/mmseqs/splits/137/mmseqs_bestmatch_db.benchmark.txt
updated,1.0.3,parse_mmseqs_easy_taxonomy_SILVA,137,0.95,231.21,0.0,0.96,./microbial/210615_391_A1_S1.0.3/mmseqs/splits/137/nuc/parse_mmseqs_easy_taxonomy_SILVA.benchmark.txt
updated,1.0.3,mmseqs_easy_taxonomy_vs_SILVA,137,275.9,11163.67,914.55,2524.28,./microbial/210615_391_A1_S1.0.3/mmseqs/splits/137/nuc/mmseqs_easy_taxonomy_vs_SILVA.benchmark.txt
updated,1.0.3,mmseqs_bestmatch_db,287,0.98,157.89,0.0,0.45,./microbial/210615_391_A1_S1.0.3/mmseqs/splits/287/mmseqs_bestmatch_db.benchmark.txt
updated,1.0.3,parse_mmseqs_easy_taxonomy_SILVA,287,2.03,90.52,6.46,0.33,./microbial/210615_391_A1_S1.0.3/mmseqs/splits/287/nuc/parse_mmseqs_easy_taxonomy_SILVA.benchmark.txt
updated,1.0.3,mmseqs_easy_taxonomy_vs_SILVA,287,348.35,11141.1,891.91,3109.2,./microbial/210615_391_A1_S1.0.3/mmseqs/splits/287/nuc/mmseqs_easy_taxonomy_vs_SILVA.benchmark.txt
updated,1.0.3,mmseqs_bestmatch_db,327,0.99,165.44,0.0,0.6,./microbial/210615_391_A1_S1.0.3/mmseqs/splits/327/mmseqs_bestmatch_db.benchmark.txt
updated,1.0.3,parse_mmseqs_easy_taxonomy_SILVA,327,0.91,234.36,0.0,0.85,./microbial/210615_391_A1_S1.0.3/mmseqs/splits/327/nuc/parse_mmseqs_easy_taxonomy_SILVA.benchmark.txt
updated,1.0.3,mmseqs_easy_taxonomy_vs_SILVA,327,277.21,11173.78,907.23,2517.03,./microbial/210615_391_A1_S1.0.3/mmseqs/splits/327/nuc/mmseqs_easy_taxonomy_vs_SILVA.benchmark.txt
updated,1.0.3,mmseqs_bestmatch_db,022,0.81,183.81,0.0,0.58,./microbial/210615_391_A1_S1.0.3/mmseqs/splits/022/mmseqs_bestmatch_db.benchmark.txt
updated,1.0.3,parse_mmseqs_easy_taxonomy_SILVA,022,0.85,40.91,0.0,0.1,./microbial/210615_391_A1_S1.0.3/mmseqs/splits/022/nuc/parse_mmseqs_easy_taxonomy_SILVA.benchmark.txt
updated,1.0.3,mmseqs_easy_taxonomy_vs_SILVA,022,424.37,11122.52,880.41,3759.04,./microbial/210615_391_A1_S1.0.3/mmseqs/splits/022/nuc/mmseqs_easy_taxonomy_vs_SILVA.benchmark.txt
updated,1.0.3,mmseqs_bestmatch_db,182,0.79,178.28,0.0,0.62,./microbial/210615_391_A1_S1.0.3/mmseqs/splits/182/mmseqs_bestmatch_db.benchmark.txt
updated,1.0.3,parse_mmseqs_easy_taxonomy_SILVA,182,1.32,201.17,0.0,1.04,./microbial/210615_391_A1_S1.0.3/mmseqs/splits/182/nuc/parse_mmseqs_easy_taxonomy_SILVA.benchmark.txt
updated,1.0.3,mmseqs_easy_taxonomy_vs_SILVA,182,342.59,11134.6,920.84,3155.92,./microbial/210615_391_A1_S1.0.3/mmseqs/splits/182/nuc/mmseqs_easy_taxonomy_vs_SILVA.benchmark.txt
updated,1.0.3,mmseqs_bestmatch_db,215,0.76,180.46,0.0,0.54,./microbial/210615_391_A1_S1.0.3/mmseqs/splits/215/mmseqs_bestmatch_db.benchmark.txt
updated,1.0.3,parse_mmseqs_easy_taxonomy_SILVA,215,1.02,207.17,0.0,0.82,./microbial/210615_391_A1_S1.0.3/mmseqs/splits/215/nuc/parse_mmseqs_easy_taxonomy_SILVA.benchmark.txt
updated,1.0.3,mmseqs_easy_taxonomy_vs_SILVA,215,277.41,11171.09,896.51,2488.57,./microbial/210615_391_A1_S1.0.3/mmseqs/splits/215/nuc/mmseqs_easy_taxonomy_vs_SILVA.benchmark.txt
updated,1.0.3,mmseqs_bestmatch_db,140,0.81,186.28,0.0,0.46,./microbial/210615_391_A1_S1.0.3/mmseqs/splits/140/mmseqs_bestmatch_db.benchmark.txt
updated,1.0.3,parse_mmseqs_easy_taxonomy_SILVA,140,2.62,85.56,3.42,0.27,./microbial/210615_391_A1_S1.0.3/mmseqs/splits/140/nuc/parse_mmseqs_easy_taxonomy_SILVA.benchmark.txt
updated,1.0.3,mmseqs_easy_taxonomy_vs_SILVA,140,287.47,11181.95,860.81,2476.29,./microbial/210615_391_A1_S1.0.3/mmseqs/splits/140/nuc/mmseqs_easy_taxonomy_vs_SILVA.benchmark.txt
updated,1.0.3,mmseqs_bestmatch_db,133,0.88,183.29,0.0,0.77,./microbial/210615_391_A1_S1.0.3/mmseqs/splits/133/mmseqs_bestmatch_db.benchmark.txt
updated,1.0.3,parse_mmseqs_easy_taxonomy_SILVA,133,1.2,97.51,0.0,0.25,./microbial/210615_391_A1_S1.0.3/mmseqs/splits/133/nuc/parse_mmseqs_easy_taxonomy_SILVA.benchmark.txt
updated,1.0.3,mmseqs_easy_taxonomy_vs_SILVA,133,272.01,11182.79,922.91,2512.77,./microbial/210615_391_A1_S1.0.3/mmseqs/splits/133/nuc/mmseqs_easy_taxonomy_vs_SILVA.benchmark.txt
updated,1.0.3,mmseqs_bestmatch_db,295,0.76,177.68,0.0,0.61,./microbial/210615_391_A1_S1.0.3/mmseqs/splits/295/mmseqs_bestmatch_db.benchmark.txt
updated,1.0.3,parse_mmseqs_easy_taxonomy_SILVA,295,1.1,184.5,0.0,0.52,./microbial/210615_391_A1_S1.0.3/mmseqs/splits/295/nuc/parse_mmseqs_easy_taxonomy_SILVA.benchmark.txt
updated,1.0.3,mmseqs_easy_taxonomy_vs_SILVA,295,344.69,11140.21,907.5,3129.49,./microbial/210615_391_A1_S1.0.3/mmseqs/splits/295/nuc/mmseqs_easy_taxonomy_vs_SILVA.benchmark.txt
updated,1.0.3,mmseqs_bestmatch_db,076,0.82,182.66,0.0,0.62,./microbial/210615_391_A1_S1.0.3/mmseqs/splits/076/mmseqs_bestmatch_db.benchmark.txt
updated,1.0.3,parse_mmseqs_easy_taxonomy_SILVA,076,1.27,178.72,0.0,0.53,./microbial/210615_391_A1_S1.0.3/mmseqs/splits/076/nuc/parse_mmseqs_easy_taxonomy_SILVA.benchmark.txt
updated,1.0.3,mmseqs_easy_taxonomy_vs_SILVA,076,300.97,11169.69,936.0,2818.12,./microbial/210615_391_A1_S1.0.3/mmseqs/splits/076/nuc/mmseqs_easy_taxonomy_vs_SILVA.benchmark.txt
updated,1.0.3,mmseqs_bestmatch_db,075,0.71,37.52,0.0,0.09,./microbial/210615_391_A1_S1.0.3/mmseqs/splits/075/mmseqs_bestmatch_db.benchmark.txt
updated,1.0.3,parse_mmseqs_easy_taxonomy_SILVA,075,1.15,165.7,0.0,0.42,./microbial/210615_391_A1_S1.0.3/mmseqs/splits/075/nuc/parse_mmseqs_easy_taxonomy_SILVA.benchmark.txt
updated,1.0.3,mmseqs_easy_taxonomy_vs_SILVA,075,331.63,11148.39,848.43,2840.29,./microbial/210615_391_A1_S1.0.3/mmseqs/splits/075/nuc/mmseqs_easy_taxonomy_vs_SILVA.benchmark.txt
updated,1.0.3,mmseqs_bestmatch_db,108,1.68,116.61,10.33,0.51,./microbial/210615_391_A1_S1.0.3/mmseqs/splits/108/mmseqs_bestmatch_db.benchmark.txt
updated,1.0.3,parse_mmseqs_easy_taxonomy_SILVA,108,0.9,218.04,0.0,0.88,./microbial/210615_391_A1_S1.0.3/mmseqs/splits/108/nuc/parse_mmseqs_easy_taxonomy_SILVA.benchmark.txt
updated,1.0.3,mmseqs_easy_taxonomy_vs_SILVA,108,317.46,11206.03,905.86,2872.03,./microbial/210615_391_A1_S1.0.3/mmseqs/splits/108/nuc/mmseqs_easy_taxonomy_vs_SILVA.benchmark.txt
updated,1.0.3,mmseqs_bestmatch_db,009,0.83,193.98,0.0,0.48,./microbial/210615_391_A1_S1.0.3/mmseqs/splits/009/mmseqs_bestmatch_db.benchmark.txt
updated,1.0.3,parse_mmseqs_easy_taxonomy_SILVA,009,3.86,127.52,14.13,0.81,./microbial/210615_391_A1_S1.0.3/mmseqs/splits/009/nuc/parse_mmseqs_easy_taxonomy_SILVA.benchmark.txt
updated,1.0.3,mmseqs_easy_taxonomy_vs_SILVA,009,309.8,11127.38,910.04,2820.28,./microbial/210615_391_A1_S1.0.3/mmseqs/splits/009/nuc/mmseqs_easy_taxonomy_vs_SILVA.benchmark.txt
updated,1.0.3,mmseqs_bestmatch_db,198,2.31,187.63,20.51,0.63,./microbial/210615_391_A1_S1.0.3/mmseqs/splits/198/mmseqs_bestmatch_db.benchmark.txt
updated,1.0.3,parse_mmseqs_easy_taxonomy_SILVA,198,1.27,179.18,0.0,0.66,./microbial/210615_391_A1_S1.0.3/mmseqs/splits/198/nuc/parse_mmseqs_easy_taxonomy_SILVA.benchmark.txt
updated,1.0.3,mmseqs_easy_taxonomy_vs_SILVA,198,291.46,11139.85,862.3,2514.85,./microbial/210615_391_A1_S1.0.3/mmseqs/splits/198/nuc/mmseqs_easy_taxonomy_vs_SILVA.benchmark.txt
updated,1.0.3,mmseqs_bestmatch_db,304,0.82,182.16,0.0,0.45,./microbial/210615_391_A1_S1.0.3/mmseqs/splits/304/mmseqs_bestmatch_db.benchmark.txt
updated,1.0.3,parse_mmseqs_easy_taxonomy_SILVA,304,1.0,205.7,0.0,0.73,./microbial/210615_391_A1_S1.0.3/mmseqs/splits/304/nuc/parse_mmseqs_easy_taxonomy_SILVA.benchmark.txt
updated,1.0.3,mmseqs_easy_taxonomy_vs_SILVA,304,275.24,11173.07,861.2,2371.43,./microbial/210615_391_A1_S1.0.3/mmseqs/splits/304/nuc/mmseqs_easy_taxonomy_vs_SILVA.benchmark.txt
updated,1.0.3,mmseqs_bestmatch_db,312,0.96,79.79,0.0,0.23,./microbial/210615_391_A1_S1.0.3/mmseqs/splits/312/mmseqs_bestmatch_db.benchmark.txt
updated,1.0.3,parse_mmseqs_easy_taxonomy_SILVA,312,1.13,193.6,0.0,0.57,./microbial/210615_391_A1_S1.0.3/mmseqs/splits/312/nuc/parse_mmseqs_easy_taxonomy_SILVA.benchmark.txt
updated,1.0.3,mmseqs_easy_taxonomy_vs_SILVA,312,279.17,11169.95,897.01,2505.74,./microbial/210615_391_A1_S1.0.3/mmseqs/splits/312/nuc/mmseqs_easy_taxonomy_vs_SILVA.benchmark.txt
updated,1.0.3,mmseqs_bestmatch_db,254,0.68,36.97,0.0,0.08,./microbial/210615_391_A1_S1.0.3/mmseqs/splits/254/mmseqs_bestmatch_db.benchmark.txt
updated,1.0.3,parse_mmseqs_easy_taxonomy_SILVA,254,2.8,220.45,8.86,1.05,./microbial/210615_391_A1_S1.0.3/mmseqs/splits/254/nuc/parse_mmseqs_easy_taxonomy_SILVA.benchmark.txt
updated,1.0.3,mmseqs_easy_taxonomy_vs_SILVA,254,418.15,11162.15,881.86,3689.47,./microbial/210615_391_A1_S1.0.3/mmseqs/splits/254/nuc/mmseqs_easy_taxonomy_vs_SILVA.benchmark.txt
updated,1.0.3,mmseqs_bestmatch_db,306,0.76,187.41,0.0,0.57,./microbial/210615_391_A1_S1.0.3/mmseqs/splits/306/mmseqs_bestmatch_db.benchmark.txt
updated,1.0.3,parse_mmseqs_easy_taxonomy_SILVA,306,0.9,236.88,0.0,0.94,./microbial/210615_391_A1_S1.0.3/mmseqs/splits/306/nuc/parse_mmseqs_easy_taxonomy_SILVA.benchmark.txt
updated,1.0.3,mmseqs_easy_taxonomy_vs_SILVA,306,345.87,11132.63,902.06,3121.2,./microbial/210615_391_A1_S1.0.3/mmseqs/splits/306/nuc/mmseqs_easy_taxonomy_vs_SILVA.benchmark.txt
updated,1.0.3,mmseqs_bestmatch_db,208,0.89,166.64,0.0,0.54,./microbial/210615_391_A1_S1.0.3/mmseqs/splits/208/mmseqs_bestmatch_db.benchmark.txt
updated,1.0.3,parse_mmseqs_easy_taxonomy_SILVA,208,0.91,226.6,0.0,0.85,./microbial/210615_391_A1_S1.0.3/mmseqs/splits/208/nuc/parse_mmseqs_easy_taxonomy_SILVA.benchmark.txt
updated,1.0.3,mmseqs_easy_taxonomy_vs_SILVA,208,271.87,11184.54,926.72,2520.0,./microbial/210615_391_A1_S1.0.3/mmseqs/splits/208/nuc/mmseqs_easy_taxonomy_vs_SILVA.benchmark.txt
updated,1.0.3,mmseqs_bestmatch_db,193,0.6,37.04,0.0,0.09,./microbial/210615_391_A1_S1.0.3/mmseqs/splits/193/mmseqs_bestmatch_db.benchmark.txt
updated,1.0.3,parse_mmseqs_easy_taxonomy_SILVA,193,0.98,198.38,0.0,0.61,./microbial/210615_391_A1_S1.0.3/mmseqs/splits/193/nuc/parse_mmseqs_easy_taxonomy_SILVA.benchmark.txt
updated,1.0.3,mmseqs_easy_taxonomy_vs_SILVA,193,272.18,11196.07,925.47,2520.24,./microbial/210615_391_A1_S1.0.3/mmseqs/splits/193/nuc/mmseqs_easy_taxonomy_vs_SILVA.benchmark.txt
updated,1.0.3,mmseqs_bestmatch_db,087,1.02,198.84,0.0,0.69,./microbial/210615_391_A1_S1.0.3/mmseqs/splits/087/mmseqs_bestmatch_db.benchmark.txt
updated,1.0.3,parse_mmseqs_easy_taxonomy_SILVA,087,1.03,224.55,0.0,0.98,./microbial/210615_391_A1_S1.0.3/mmseqs/splits/087/nuc/parse_mmseqs_easy_taxonomy_SILVA.benchmark.txt
updated,1.0.3,mmseqs_easy_taxonomy_vs_SILVA,087,318.65,11143.34,884.03,2819.2,./microbial/210615_391_A1_S1.0.3/mmseqs/splits/087/nuc/mmseqs_easy_taxonomy_vs_SILVA.benchmark.txt
updated,1.0.3,mmseqs_bestmatch_db,331,1.02,112.54,0.0,0.36,./microbial/210615_391_A1_S1.0.3/mmseqs/splits/331/mmseqs_bestmatch_db.benchmark.txt
updated,1.0.3,parse_mmseqs_easy_taxonomy_SILVA,331,1.03,210.89,0.0,0.77,./microbial/210615_391_A1_S1.0.3/mmseqs/splits/331/nuc/parse_mmseqs_easy_taxonomy_SILVA.benchmark.txt
updated,1.0.3,mmseqs_easy_taxonomy_vs_SILVA,331,273.04,11170.04,922.89,2527.53,./microbial/210615_391_A1_S1.0.3/mmseqs/splits/331/nuc/mmseqs_easy_taxonomy_vs_SILVA.benchmark.txt
updated,1.0.3,mmseqs_bestmatch_db,201,1.44,195.12,14.06,0.45,./microbial/210615_391_A1_S1.0.3/mmseqs/splits/201/mmseqs_bestmatch_db.benchmark.txt
updated,1.0.3,parse_mmseqs_easy_taxonomy_SILVA,201,0.95,222.31,0.0,0.87,./microbial/210615_391_A1_S1.0.3/mmseqs/splits/201/nuc/parse_mmseqs_easy_taxonomy_SILVA.benchmark.txt
updated,1.0.3,mmseqs_easy_taxonomy_vs_SILVA,201,269.86,11196.92,932.72,2518.34,./microbial/210615_391_A1_S1.0.3/mmseqs/splits/201/nuc/mmseqs_easy_taxonomy_vs_SILVA.benchmark.txt
updated,1.0.3,mmseqs_bestmatch_db,167,0.69,42.43,0.0,0.09,./microbial/210615_391_A1_S1.0.3/mmseqs/splits/167/mmseqs_bestmatch_db.benchmark.txt
updated,1.0.3,parse_mmseqs_easy_taxonomy_SILVA,167,1.11,209.54,0.0,0.94,./microbial/210615_391_A1_S1.0.3/mmseqs/splits/167/nuc/parse_mmseqs_easy_taxonomy_SILVA.benchmark.txt
updated,1.0.3,mmseqs_easy_taxonomy_vs_SILVA,167,269.85,11171.34,935.67,2526.73,./microbial/210615_391_A1_S1.0.3/mmseqs/splits/167/nuc/mmseqs_easy_taxonomy_vs_SILVA.benchmark.txt
updated,1.0.3,mmseqs_bestmatch_db,212,0.91,188.25,0.0,0.48,./microbial/210615_391_A1_S1.0.3/mmseqs/splits/212/mmseqs_bestmatch_db.benchmark.txt
updated,1.0.3,parse_mmseqs_easy_taxonomy_SILVA,212,0.91,227.15,0.0,0.93,./microbial/210615_391_A1_S1.0.3/mmseqs/splits/212/nuc/parse_mmseqs_easy_taxonomy_SILVA.benchmark.txt
updated,1.0.3,mmseqs_easy_taxonomy_vs_SILVA,212,330.45,11132.53,943.0,3116.44,./microbial/210615_391_A1_S1.0.3/mmseqs/splits/212/nuc/mmseqs_easy_taxonomy_vs_SILVA.benchmark.txt
updated,1.0.3,mmseqs_bestmatch_db,011,0.77,196.55,0.0,0.6,./microbial/210615_391_A1_S1.0.3/mmseqs/splits/011/mmseqs_bestmatch_db.benchmark.txt
updated,1.0.3,parse_mmseqs_easy_taxonomy_SILVA,011,0.84,222.07,0.0,0.87,./microbial/210615_391_A1_S1.0.3/mmseqs/splits/011/nuc/parse_mmseqs_easy_taxonomy_SILVA.benchmark.txt
updated,1.0.3,mmseqs_easy_taxonomy_vs_SILVA,011,317.52,11160.32,891.74,2832.72,./microbial/210615_391_A1_S1.0.3/mmseqs/splits/011/nuc/mmseqs_easy_taxonomy_vs_SILVA.benchmark.txt
updated,1.0.3,mmseqs_bestmatch_db,053,0.84,174.06,0.0,0.59,./microbial/210615_391_A1_S1.0.3/mmseqs/splits/053/mmseqs_bestmatch_db.benchmark.txt
updated,1.0.3,parse_mmseqs_easy_taxonomy_SILVA,053,0.89,230.23,0.0,0.9,./microbial/210615_391_A1_S1.0.3/mmseqs/splits/053/nuc/parse_mmseqs_easy_taxonomy_SILVA.benchmark.txt
updated,1.0.3,mmseqs_easy_taxonomy_vs_SILVA,053,268.23,11186.34,936.33,2512.24,./microbial/210615_391_A1_S1.0.3/mmseqs/splits/053/nuc/mmseqs_easy_taxonomy_vs_SILVA.benchmark.txt
updated,1.0.3,mmseqs_bestmatch_db,230,0.75,186.33,0.0,0.59,./microbial/210615_391_A1_S1.0.3/mmseqs/splits/230/mmseqs_bestmatch_db.benchmark.txt
updated,1.0.3,parse_mmseqs_easy_taxonomy_SILVA,230,0.99,212.09,0.0,0.8,./microbial/210615_391_A1_S1.0.3/mmseqs/splits/230/nuc/parse_mmseqs_easy_taxonomy_SILVA.benchmark.txt
updated,1.0.3,mmseqs_easy_taxonomy_vs_SILVA,230,286.87,11173.87,871.03,2500.39,./microbial/210615_391_A1_S1.0.3/mmseqs/splits/230/nuc/mmseqs_easy_taxonomy_vs_SILVA.benchmark.txt
updated,1.0.3,mmseqs_bestmatch_db,195,0.69,36.84,0.0,0.09,./microbial/210615_391_A1_S1.0.3/mmseqs/splits/195/mmseqs_bestmatch_db.benchmark.txt
updated,1.0.3,parse_mmseqs_easy_taxonomy_SILVA,195,0.98,224.95,0.0,0.82,./microbial/210615_391_A1_S1.0.3/mmseqs/splits/195/nuc/parse_mmseqs_easy_taxonomy_SILVA.benchmark.txt
updated,1.0.3,mmseqs_easy_taxonomy_vs_SILVA,195,308.62,11148.78,913.85,2822.13,./microbial/210615_391_A1_S1.0.3/mmseqs/splits/195/nuc/mmseqs_easy_taxonomy_vs_SILVA.benchmark.txt
updated,1.0.3,mmseqs_bestmatch_db,259,2.95,157.74,14.34,0.58,./microbial/210615_391_A1_S1.0.3/mmseqs/splits/259/mmseqs_bestmatch_db.benchmark.txt
updated,1.0.3,parse_mmseqs_easy_taxonomy_SILVA,259,0.92,229.18,0.0,0.94,./microbial/210615_391_A1_S1.0.3/mmseqs/splits/259/nuc/parse_mmseqs_easy_taxonomy_SILVA.benchmark.txt
updated,1.0.3,mmseqs_easy_taxonomy_vs_SILVA,259,285.22,11182.06,877.17,2509.31,./microbial/210615_391_A1_S1.0.3/mmseqs/splits/259/nuc/mmseqs_easy_taxonomy_vs_SILVA.benchmark.txt
updated,1.0.3,mmseqs_bestmatch_db,244,0.82,197.51,0.0,0.61,./microbial/210615_391_A1_S1.0.3/mmseqs/splits/244/mmseqs_bestmatch_db.benchmark.txt
updated,1.0.3,parse_mmseqs_easy_taxonomy_SILVA,244,0.93,222.11,0.0,0.82,./microbial/210615_391_A1_S1.0.3/mmseqs/splits/244/nuc/parse_mmseqs_easy_taxonomy_SILVA.benchmark.txt
updated,1.0.3,mmseqs_easy_taxonomy_vs_SILVA,244,354.71,11205.04,873.71,3129.31,./microbial/210615_391_A1_S1.0.3/mmseqs/splits/244/nuc/mmseqs_easy_taxonomy_vs_SILVA.benchmark.txt
updated,1.0.3,mmseqs_bestmatch_db,178,0.69,36.99,0.0,0.08,./microbial/210615_391_A1_S1.0.3/mmseqs/splits/178/mmseqs_bestmatch_db.benchmark.txt
updated,1.0.3,parse_mmseqs_easy_taxonomy_SILVA,178,1.15,195.0,0.0,0.81,./microbial/210615_391_A1_S1.0.3/mmseqs/splits/178/nuc/parse_mmseqs_easy_taxonomy_SILVA.benchmark.txt
updated,1.0.3,mmseqs_easy_taxonomy_vs_SILVA,178,338.85,11137.33,921.24,3123.51,./microbial/210615_391_A1_S1.0.3/mmseqs/splits/178/nuc/mmseqs_easy_taxonomy_vs_SILVA.benchmark.txt
updated,1.0.3,mmseqs_bestmatch_db,112,0.8,167.34,0.0,0.46,./microbial/210615_391_A1_S1.0.3/mmseqs/splits/112/mmseqs_bestmatch_db.benchmark.txt
updated,1.0.3,parse_mmseqs_easy_taxonomy_SILVA,112,0.91,229.36,0.0,0.93,./microbial/210615_391_A1_S1.0.3/mmseqs/splits/112/nuc/parse_mmseqs_easy_taxonomy_SILVA.benchmark.txt
updated,1.0.3,mmseqs_easy_taxonomy_vs_SILVA,112,314.06,11189.54,889.46,2795.69,./microbial/210615_391_A1_S1.0.3/mmseqs/splits/112/nuc/mmseqs_easy_taxonomy_vs_SILVA.benchmark.txt
updated,1.0.3,mmseqs_bestmatch_db,255,1.9,189.61,17.5,0.55,./microbial/210615_391_A1_S1.0.3/mmseqs/splits/255/mmseqs_bestmatch_db.benchmark.txt
updated,1.0.3,parse_mmseqs_easy_taxonomy_SILVA,255,2.75,176.13,16.93,0.92,./microbial/210615_391_A1_S1.0.3/mmseqs/splits/255/nuc/parse_mmseqs_easy_taxonomy_SILVA.benchmark.txt
updated,1.0.3,mmseqs_easy_taxonomy_vs_SILVA,255,274.43,11141.1,921.32,2529.85,./microbial/210615_391_A1_S1.0.3/mmseqs/splits/255/nuc/mmseqs_easy_taxonomy_vs_SILVA.benchmark.txt
updated,1.0.3,mmseqs_bestmatch_db,297,3.26,185.25,20.52,0.74,./microbial/210615_391_A1_S1.0.3/mmseqs/splits/297/mmseqs_bestmatch_db.benchmark.txt
updated,1.0.3,parse_mmseqs_easy_taxonomy_SILVA,297,1.27,91.58,0.0,0.21,./microbial/210615_391_A1_S1.0.3/mmseqs/splits/297/nuc/parse_mmseqs_easy_taxonomy_SILVA.benchmark.txt
updated,1.0.3,mmseqs_easy_taxonomy_vs_SILVA,297,312.39,11173.1,886.14,2769.17,./microbial/210615_391_A1_S1.0.3/mmseqs/splits/297/nuc/mmseqs_easy_taxonomy_vs_SILVA.benchmark.txt
updated,1.0.3,mmseqs_bestmatch_db,330,0.78,180.95,0.0,0.6,./microbial/210615_391_A1_S1.0.3/mmseqs/splits/330/mmseqs_bestmatch_db.benchmark.txt
updated,1.0.3,parse_mmseqs_easy_taxonomy_SILVA,330,0.91,231.48,0.0,0.93,./microbial/210615_391_A1_S1.0.3/mmseqs/splits/330/nuc/parse_mmseqs_easy_taxonomy_SILVA.benchmark.txt
updated,1.0.3,mmseqs_easy_taxonomy_vs_SILVA,330,323.55,11180.53,871.06,2820.22,./microbial/210615_391_A1_S1.0.3/mmseqs/splits/330/nuc/mmseqs_easy_taxonomy_vs_SILVA.benchmark.txt
updated,1.0.3,mmseqs_bestmatch_db,235,0.74,181.24,0.0,0.66,./microbial/210615_391_A1_S1.0.3/mmseqs/splits/235/mmseqs_bestmatch_db.benchmark.txt
updated,1.0.3,parse_mmseqs_easy_taxonomy_SILVA,235,1.11,198.44,0.0,0.73,./microbial/210615_391_A1_S1.0.3/mmseqs/splits/235/nuc/parse_mmseqs_easy_taxonomy_SILVA.benchmark.txt
updated,1.0.3,mmseqs_easy_taxonomy_vs_SILVA,235,282.1,11199.95,873.59,2466.01,./microbial/210615_391_A1_S1.0.3/mmseqs/splits/235/nuc/mmseqs_easy_taxonomy_vs_SILVA.benchmark.txt
updated,1.0.3,mmseqs_bestmatch_db,206,1.05,162.53,0.0,0.6,./microbial/210615_391_A1_S1.0.3/mmseqs/splits/206/mmseqs_bestmatch_db.benchmark.txt
updated,1.0.3,parse_mmseqs_easy_taxonomy_SILVA,206,2.55,145.19,8.1,0.96,./microbial/210615_391_A1_S1.0.3/mmseqs/splits/206/nuc/parse_mmseqs_easy_taxonomy_SILVA.benchmark.txt
updated,1.0.3,mmseqs_easy_taxonomy_vs_SILVA,206,289.35,11200.51,858.18,2483.66,./microbial/210615_391_A1_S1.0.3/mmseqs/splits/206/nuc/mmseqs_easy_taxonomy_vs_SILVA.benchmark.txt
updated,1.0.3,mmseqs_bestmatch_db,129,0.6,36.87,0.0,0.09,./microbial/210615_391_A1_S1.0.3/mmseqs/splits/129/mmseqs_bestmatch_db.benchmark.txt
updated,1.0.3,parse_mmseqs_easy_taxonomy_SILVA,129,1.29,71.84,0.0,0.31,./microbial/210615_391_A1_S1.0.3/mmseqs/splits/129/nuc/parse_mmseqs_easy_taxonomy_SILVA.benchmark.txt
updated,1.0.3,mmseqs_easy_taxonomy_vs_SILVA,129,266.81,11184.67,940.88,2511.29,./microbial/210615_391_A1_S1.0.3/mmseqs/splits/129/nuc/mmseqs_easy_taxonomy_vs_SILVA.benchmark.txt
updated,1.0.3,mmseqs_bestmatch_db,245,0.6,38.15,0.0,0.09,./microbial/210615_391_A1_S1.0.3/mmseqs/splits/245/mmseqs_bestmatch_db.benchmark.txt
updated,1.0.3,parse_mmseqs_easy_taxonomy_SILVA,245,1.13,175.31,0.0,0.46,./microbial/210615_391_A1_S1.0.3/mmseqs/splits/245/nuc/parse_mmseqs_easy_taxonomy_SILVA.benchmark.txt
updated,1.0.3,mmseqs_easy_taxonomy_vs_SILVA,245,301.1,11185.96,937.75,2825.03,./microbial/210615_391_A1_S1.0.3/mmseqs/splits/245/nuc/mmseqs_easy_taxonomy_vs_SILVA.benchmark.txt
updated,1.0.3,mmseqs_bestmatch_db,241,0.73,180.4,0.0,0.59,./microbial/210615_391_A1_S1.0.3/mmseqs/splits/241/mmseqs_bestmatch_db.benchmark.txt
updated,1.0.3,parse_mmseqs_easy_taxonomy_SILVA,241,0.9,226.85,0.0,0.86,./microbial/210615_391_A1_S1.0.3/mmseqs/splits/241/nuc/parse_mmseqs_easy_taxonomy_SILVA.benchmark.txt
updated,1.0.3,mmseqs_easy_taxonomy_vs_SILVA,241,291.35,11135.83,868.47,2532.74,./microbial/210615_391_A1_S1.0.3/mmseqs/splits/241/nuc/mmseqs_easy_taxonomy_vs_SILVA.benchmark.txt
updated,1.0.3,mmseqs_bestmatch_db,190,0.85,176.59,0.0,0.42,./microbial/210615_391_A1_S1.0.3/mmseqs/splits/190/mmseqs_bestmatch_db.benchmark.txt
updated,1.0.3,parse_mmseqs_easy_taxonomy_SILVA,190,1.4,197.61,0.0,0.97,./microbial/210615_391_A1_S1.0.3/mmseqs/splits/190/nuc/parse_mmseqs_easy_taxonomy_SILVA.benchmark.txt
updated,1.0.3,mmseqs_easy_taxonomy_vs_SILVA,190,297.74,11175.36,845.15,2518.59,./microbial/210615_391_A1_S1.0.3/mmseqs/splits/190/nuc/mmseqs_easy_taxonomy_vs_SILVA.benchmark.txt
updated,1.0.3,mmseqs_bestmatch_db,066,0.79,174.55,0.0,0.5,./microbial/210615_391_A1_S1.0.3/mmseqs/splits/066/mmseqs_bestmatch_db.benchmark.txt
updated,1.0.3,parse_mmseqs_easy_taxonomy_SILVA,066,0.92,240.43,0.0,1.03,./microbial/210615_391_A1_S1.0.3/mmseqs/splits/066/nuc/parse_mmseqs_easy_taxonomy_SILVA.benchmark.txt
updated,1.0.3,mmseqs_easy_taxonomy_vs_SILVA,066,277.73,11154.69,910.89,2532.1,./microbial/210615_391_A1_S1.0.3/mmseqs/splits/066/nuc/mmseqs_easy_taxonomy_vs_SILVA.benchmark.txt
updated,1.0.3,mmseqs_bestmatch_db,326,0.77,186.68,0.0,0.55,./microbial/210615_391_A1_S1.0.3/mmseqs/splits/326/mmseqs_bestmatch_db.benchmark.txt
updated,1.0.3,parse_mmseqs_easy_taxonomy_SILVA,326,1.17,185.99,0.0,0.74,./microbial/210615_391_A1_S1.0.3/mmseqs/splits/326/nuc/parse_mmseqs_easy_taxonomy_SILVA.benchmark.txt
updated,1.0.3,mmseqs_easy_taxonomy_vs_SILVA,326,300.46,11126.95,817.3,2475.99,./microbial/210615_391_A1_S1.0.3/mmseqs/splits/326/nuc/mmseqs_easy_taxonomy_vs_SILVA.benchmark.txt
updated,1.0.3,mmseqs_bestmatch_db,025,0.64,38.48,0.0,0.09,./microbial/210615_391_A1_S1.0.3/mmseqs/splits/025/mmseqs_bestmatch_db.benchmark.txt
updated,1.0.3,parse_mmseqs_easy_taxonomy_SILVA,025,0.84,221.77,0.0,0.82,./microbial/210615_391_A1_S1.0.3/mmseqs/splits/025/nuc/parse_mmseqs_easy_taxonomy_SILVA.benchmark.txt
updated,1.0.3,mmseqs_easy_taxonomy_vs_SILVA,025,294.22,11135.88,859.34,2559.89,./microbial/210615_391_A1_S1.0.3/mmseqs/splits/025/nuc/mmseqs_easy_taxonomy_vs_SILVA.benchmark.txt
updated,1.0.3,mmseqs_bestmatch_db,122,0.71,37.59,0.0,0.09,./microbial/210615_391_A1_S1.0.3/mmseqs/splits/122/mmseqs_bestmatch_db.benchmark.txt
updated,1.0.3,parse_mmseqs_easy_taxonomy_SILVA,122,0.97,226.11,0.0,1.0,./microbial/210615_391_A1_S1.0.3/mmseqs/splits/122/nuc/parse_mmseqs_easy_taxonomy_SILVA.benchmark.txt
updated,1.0.3,mmseqs_easy_taxonomy_vs_SILVA,122,277.76,11175.07,895.96,2489.29,./microbial/210615_391_A1_S1.0.3/mmseqs/splits/122/nuc/mmseqs_easy_taxonomy_vs_SILVA.benchmark.txt
updated,1.0.3,mmseqs_bestmatch_db,344,0.82,168.14,0.0,0.54,./microbial/210615_391_A1_S1.0.3/mmseqs/splits/344/mmseqs_bestmatch_db.benchmark.txt
updated,1.0.3,parse_mmseqs_easy_taxonomy_SILVA,344,0.93,236.7,0.0,0.88,./microbial/210615_391_A1_S1.0.3/mmseqs/splits/344/nuc/parse_mmseqs_easy_taxonomy_SILVA.benchmark.txt
updated,1.0.3,mmseqs_easy_taxonomy_vs_SILVA,344,272.91,11176.08,919.76,2512.27,./microbial/210615_391_A1_S1.0.3/mmseqs/splits/344/nuc/mmseqs_easy_taxonomy_vs_SILVA.benchmark.txt
updated,1.0.3,mmseqs_bestmatch_db,104,0.65,42.78,0.0,0.09,./microbial/210615_391_A1_S1.0.3/mmseqs/splits/104/mmseqs_bestmatch_db.benchmark.txt
updated,1.0.3,parse_mmseqs_easy_taxonomy_SILVA,104,0.91,233.39,0.0,0.95,./microbial/210615_391_A1_S1.0.3/mmseqs/splits/104/nuc/parse_mmseqs_easy_taxonomy_SILVA.benchmark.txt
updated,1.0.3,mmseqs_easy_taxonomy_vs_SILVA,104,308.18,11173.05,913.91,2817.71,./microbial/210615_391_A1_S1.0.3/mmseqs/splits/104/nuc/mmseqs_easy_taxonomy_vs_SILVA.benchmark.txt
updated,1.0.3,mmseqs_bestmatch_db,272,2.07,174.3,23.9,0.63,./microbial/210615_391_A1_S1.0.3/mmseqs/splits/272/mmseqs_bestmatch_db.benchmark.txt
updated,1.0.3,parse_mmseqs_easy_taxonomy_SILVA,272,0.96,221.32,0.0,0.81,./microbial/210615_391_A1_S1.0.3/mmseqs/splits/272/nuc/parse_mmseqs_easy_taxonomy_SILVA.benchmark.txt
updated,1.0.3,mmseqs_easy_taxonomy_vs_SILVA,272,267.04,11197.2,830.34,2218.61,./microbial/210615_391_A1_S1.0.3/mmseqs/splits/272/nuc/mmseqs_easy_taxonomy_vs_SILVA.benchmark.txt
updated,1.0.3,mmseqs_bestmatch_db,007,0.92,207.26,0.0,0.48,./microbial/210615_391_A1_S1.0.3/mmseqs/splits/007/mmseqs_bestmatch_db.benchmark.txt
updated,1.0.3,parse_mmseqs_easy_taxonomy_SILVA,007,0.86,37.3,0.0,0.09,./microbial/210615_391_A1_S1.0.3/mmseqs/splits/007/nuc/parse_mmseqs_easy_taxonomy_SILVA.benchmark.txt
updated,1.0.3,mmseqs_easy_taxonomy_vs_SILVA,007,372.76,11135.86,920.62,3433.31,./microbial/210615_391_A1_S1.0.3/mmseqs/splits/007/nuc/mmseqs_easy_taxonomy_vs_SILVA.benchmark.txt
updated,1.0.3,mmseqs_bestmatch_db,262,1.98,177.81,21.41,0.57,./microbial/210615_391_A1_S1.0.3/mmseqs/splits/262/mmseqs_bestmatch_db.benchmark.txt
updated,1.0.3,parse_mmseqs_easy_taxonomy_SILVA,262,2.37,169.54,7.46,1.14,./microbial/210615_391_A1_S1.0.3/mmseqs/splits/262/nuc/parse_mmseqs_easy_taxonomy_SILVA.benchmark.txt
updated,1.0.3,mmseqs_easy_taxonomy_vs_SILVA,262,276.59,11137.61,916.83,2537.99,./microbial/210615_391_A1_S1.0.3/mmseqs/splits/262/nuc/mmseqs_easy_taxonomy_vs_SILVA.benchmark.txt
updated,1.0.3,mmseqs_bestmatch_db,314,0.89,174.04,0.0,0.44,./microbial/210615_391_A1_S1.0.3/mmseqs/splits/314/mmseqs_bestmatch_db.benchmark.txt
updated,1.0.3,parse_mmseqs_easy_taxonomy_SILVA,314,2.43,186.05,7.3,0.67,./microbial/210615_391_A1_S1.0.3/mmseqs/splits/314/nuc/parse_mmseqs_easy_taxonomy_SILVA.benchmark.txt
updated,1.0.3,mmseqs_easy_taxonomy_vs_SILVA,314,328.12,11163.62,858.86,2837.8,./microbial/210615_391_A1_S1.0.3/mmseqs/splits/314/nuc/mmseqs_easy_taxonomy_vs_SILVA.benchmark.txt
updated,1.0.3,mmseqs_bestmatch_db,014,0.79,193.49,0.0,0.53,./microbial/210615_391_A1_S1.0.3/mmseqs/splits/014/mmseqs_bestmatch_db.benchmark.txt
updated,1.0.3,parse_mmseqs_easy_taxonomy_SILVA,014,0.82,222.31,0.0,0.91,./microbial/210615_391_A1_S1.0.3/mmseqs/splits/014/nuc/parse_mmseqs_easy_taxonomy_SILVA.benchmark.txt
updated,1.0.3,mmseqs_easy_taxonomy_vs_SILVA,014,317.12,11174.29,882.0,2798.57,./microbial/210615_391_A1_S1.0.3/mmseqs/splits/014/nuc/mmseqs_easy_taxonomy_vs_SILVA.benchmark.txt
updated,1.0.3,mmseqs_bestmatch_db,239,0.69,36.81,0.0,0.08,./microbial/210615_391_A1_S1.0.3/mmseqs/splits/239/mmseqs_bestmatch_db.benchmark.txt
updated,1.0.3,parse_mmseqs_easy_taxonomy_SILVA,239,1.97,118.83,13.94,0.51,./microbial/210615_391_A1_S1.0.3/mmseqs/splits/239/nuc/parse_mmseqs_easy_taxonomy_SILVA.benchmark.txt
updated,1.0.3,mmseqs_easy_taxonomy_vs_SILVA,239,273.28,11195.13,921.52,2519.55,./microbial/210615_391_A1_S1.0.3/mmseqs/splits/239/nuc/mmseqs_easy_taxonomy_vs_SILVA.benchmark.txt
updated,1.0.3,mmseqs_bestmatch_db,090,0.94,178.52,0.0,0.64,./microbial/210615_391_A1_S1.0.3/mmseqs/splits/090/mmseqs_bestmatch_db.benchmark.txt
updated,1.0.3,parse_mmseqs_easy_taxonomy_SILVA,090,0.95,236.41,0.0,0.99,./microbial/210615_391_A1_S1.0.3/mmseqs/splits/090/nuc/parse_mmseqs_easy_taxonomy_SILVA.benchmark.txt
updated,1.0.3,mmseqs_easy_taxonomy_vs_SILVA,090,333.15,11196.95,926.68,3089.29,./microbial/210615_391_A1_S1.0.3/mmseqs/splits/090/nuc/mmseqs_easy_taxonomy_vs_SILVA.benchmark.txt
updated,1.0.3,mmseqs_bestmatch_db,196,0.71,36.89,0.0,0.09,./microbial/210615_391_A1_S1.0.3/mmseqs/splits/196/mmseqs_bestmatch_db.benchmark.txt
updated,1.0.3,parse_mmseqs_easy_taxonomy_SILVA,196,1.16,203.44,0.0,0.96,./microbial/210615_391_A1_S1.0.3/mmseqs/splits/196/nuc/parse_mmseqs_easy_taxonomy_SILVA.benchmark.txt
updated,1.0.3,mmseqs_easy_taxonomy_vs_SILVA,196,298.12,11132.73,930.4,2774.37,./microbial/210615_391_A1_S1.0.3/mmseqs/splits/196/nuc/mmseqs_easy_taxonomy_vs_SILVA.benchmark.txt
updated,1.0.3,mmseqs_bestmatch_db,158,0.89,117.38,0.0,0.35,./microbial/210615_391_A1_S1.0.3/mmseqs/splits/158/mmseqs_bestmatch_db.benchmark.txt
updated,1.0.3,parse_mmseqs_easy_taxonomy_SILVA,158,0.89,236.07,0.0,0.95,./microbial/210615_391_A1_S1.0.3/mmseqs/splits/158/nuc/parse_mmseqs_easy_taxonomy_SILVA.benchmark.txt
updated,1.0.3,mmseqs_easy_taxonomy_vs_SILVA,158,288.18,11132.4,877.1,2528.6,./microbial/210615_391_A1_S1.0.3/mmseqs/splits/158/nuc/mmseqs_easy_taxonomy_vs_SILVA.benchmark.txt
updated,1.0.3,mmseqs_bestmatch_db,355,0.8,179.51,0.0,0.59,./microbial/210615_391_A1_S1.0.3/mmseqs/splits/355/mmseqs_bestmatch_db.benchmark.txt
updated,1.0.3,parse_mmseqs_easy_taxonomy_SILVA,355,0.86,232.77,0.0,0.94,./microbial/210615_391_A1_S1.0.3/mmseqs/splits/355/nuc/parse_mmseqs_easy_taxonomy_SILVA.benchmark.txt
updated,1.0.3,mmseqs_easy_taxonomy_vs_SILVA,355,343.48,11142.65,918.78,3157.58,./microbial/210615_391_A1_S1.0.3/mmseqs/splits/355/nuc/mmseqs_easy_taxonomy_vs_SILVA.benchmark.txt
updated,1.0.3,mmseqs_bestmatch_db,048,0.63,38.75,0.0,0.09,./microbial/210615_391_A1_S1.0.3/mmseqs/splits/048/mmseqs_bestmatch_db.benchmark.txt
updated,1.0.3,parse_mmseqs_easy_taxonomy_SILVA,048,0.98,218.34,0.0,0.88,./microbial/210615_391_A1_S1.0.3/mmseqs/splits/048/nuc/parse_mmseqs_easy_taxonomy_SILVA.benchmark.txt
updated,1.0.3,mmseqs_easy_taxonomy_vs_SILVA,048,276.46,11202.0,908.27,2512.14,./microbial/210615_391_A1_S1.0.3/mmseqs/splits/048/nuc/mmseqs_easy_taxonomy_vs_SILVA.benchmark.txt
updated,1.0.3,mmseqs_bestmatch_db,038,0.78,181.78,0.0,0.58,./microbial/210615_391_A1_S1.0.3/mmseqs/splits/038/mmseqs_bestmatch_db.benchmark.txt
updated,1.0.3,parse_mmseqs_easy_taxonomy_SILVA,038,0.99,228.02,0.0,0.97,./microbial/210615_391_A1_S1.0.3/mmseqs/splits/038/nuc/parse_mmseqs_easy_taxonomy_SILVA.benchmark.txt
updated,1.0.3,mmseqs_easy_taxonomy_vs_SILVA,038,365.29,11130.89,901.98,3295.43,./microbial/210615_391_A1_S1.0.3/mmseqs/splits/038/nuc/mmseqs_easy_taxonomy_vs_SILVA.benchmark.txt
updated,1.0.3,mmseqs_bestmatch_db,070,0.74,39.5,0.0,0.11,./microbial/210615_391_A1_S1.0.3/mmseqs/splits/070/mmseqs_bestmatch_db.benchmark.txt
updated,1.0.3,parse_mmseqs_easy_taxonomy_SILVA,070,0.91,231.88,0.0,0.92,./microbial/210615_391_A1_S1.0.3/mmseqs/splits/070/nuc/parse_mmseqs_easy_taxonomy_SILVA.benchmark.txt
updated,1.0.3,mmseqs_easy_taxonomy_vs_SILVA,070,276.28,11192.57,911.31,2519.23,./microbial/210615_391_A1_S1.0.3/mmseqs/splits/070/nuc/mmseqs_easy_taxonomy_vs_SILVA.benchmark.txt
updated,1.0.3,mmseqs_bestmatch_db,270,0.86,188.74,0.0,0.49,./microbial/210615_391_A1_S1.0.3/mmseqs/splits/270/mmseqs_bestmatch_db.benchmark.txt
updated,1.0.3,parse_mmseqs_easy_taxonomy_SILVA,270,1.01,218.05,0.0,0.83,./microbial/210615_391_A1_S1.0.3/mmseqs/splits/270/nuc/parse_mmseqs_easy_taxonomy_SILVA.benchmark.txt
updated,1.0.3,mmseqs_easy_taxonomy_vs_SILVA,270,285.48,11133.33,885.25,2528.6,./microbial/210615_391_A1_S1.0.3/mmseqs/splits/270/nuc/mmseqs_easy_taxonomy_vs_SILVA.benchmark.txt
updated,1.0.3,mmseqs_bestmatch_db,050,1.0,168.73,0.0,0.56,./microbial/210615_391_A1_S1.0.3/mmseqs/splits/050/mmseqs_bestmatch_db.benchmark.txt
updated,1.0.3,parse_mmseqs_easy_taxonomy_SILVA,050,0.97,214.36,0.0,0.87,./microbial/210615_391_A1_S1.0.3/mmseqs/splits/050/nuc/parse_mmseqs_easy_taxonomy_SILVA.benchmark.txt
updated,1.0.3,mmseqs_easy_taxonomy_vs_SILVA,050,339.68,11196.69,857.72,2914.32,./microbial/210615_391_A1_S1.0.3/mmseqs/splits/050/nuc/mmseqs_easy_taxonomy_vs_SILVA.benchmark.txt
updated,1.0.3,mmseqs_bestmatch_db,002,0.9,216.85,0.0,0.54,./microbial/210615_391_A1_S1.0.3/mmseqs/splits/002/mmseqs_bestmatch_db.benchmark.txt
updated,1.0.3,parse_mmseqs_easy_taxonomy_SILVA,002,0.89,216.29,0.0,0.83,./microbial/210615_391_A1_S1.0.3/mmseqs/splits/002/nuc/parse_mmseqs_easy_taxonomy_SILVA.benchmark.txt
updated,1.0.3,mmseqs_easy_taxonomy_vs_SILVA,002,348.83,11168.52,895.43,3125.58,./microbial/210615_391_A1_S1.0.3/mmseqs/splits/002/nuc/mmseqs_easy_taxonomy_vs_SILVA.benchmark.txt
updated,1.0.3,mmseqs_bestmatch_db,303,0.87,180.71,0.0,0.55,./microbial/210615_391_A1_S1.0.3/mmseqs/splits/303/mmseqs_bestmatch_db.benchmark.txt
updated,1.0.3,parse_mmseqs_easy_taxonomy_SILVA,303,1.06,203.99,0.0,0.92,./microbial/210615_391_A1_S1.0.3/mmseqs/splits/303/nuc/parse_mmseqs_easy_taxonomy_SILVA.benchmark.txt
updated,1.0.3,mmseqs_easy_taxonomy_vs_SILVA,303,346.54,11157.51,897.6,3111.34,./microbial/210615_391_A1_S1.0.3/mmseqs/splits/303/nuc/mmseqs_easy_taxonomy_vs_SILVA.benchmark.txt
updated,1.0.3,mmseqs_bestmatch_db,113,0.85,168.22,0.0,0.71,./microbial/210615_391_A1_S1.0.3/mmseqs/splits/113/mmseqs_bestmatch_db.benchmark.txt
updated,1.0.3,parse_mmseqs_easy_taxonomy_SILVA,113,1.07,204.29,0.0,0.67,./microbial/210615_391_A1_S1.0.3/mmseqs/splits/113/nuc/parse_mmseqs_easy_taxonomy_SILVA.benchmark.txt
updated,1.0.3,mmseqs_easy_taxonomy_vs_SILVA,113,292.07,11171.38,852.84,2492.24,./microbial/210615_391_A1_S1.0.3/mmseqs/splits/113/nuc/mmseqs_easy_taxonomy_vs_SILVA.benchmark.txt
updated,1.0.3,mmseqs_bestmatch_db,332,0.74,185.24,0.0,0.64,./microbial/210615_391_A1_S1.0.3/mmseqs/splits/332/mmseqs_bestmatch_db.benchmark.txt
updated,1.0.3,parse_mmseqs_easy_taxonomy_SILVA,332,0.89,37.96,0.0,0.09,./microbial/210615_391_A1_S1.0.3/mmseqs/splits/332/nuc/parse_mmseqs_easy_taxonomy_SILVA.benchmark.txt
updated,1.0.3,mmseqs_easy_taxonomy_vs_SILVA,332,283.05,11168.36,926.03,2613.39,./microbial/210615_391_A1_S1.0.3/mmseqs/splits/332/nuc/mmseqs_easy_taxonomy_vs_SILVA.benchmark.txt
updated,1.0.3,mmseqs_bestmatch_db,328,0.73,185.32,0.0,0.58,./microbial/210615_391_A1_S1.0.3/mmseqs/splits/328/mmseqs_bestmatch_db.benchmark.txt
updated,1.0.3,parse_mmseqs_easy_taxonomy_SILVA,328,1.06,198.56,0.0,0.64,./microbial/210615_391_A1_S1.0.3/mmseqs/splits/328/nuc/parse_mmseqs_easy_taxonomy_SILVA.benchmark.txt
updated,1.0.3,mmseqs_easy_taxonomy_vs_SILVA,328,302.32,11176.01,922.21,2789.69,./microbial/210615_391_A1_S1.0.3/mmseqs/splits/328/nuc/mmseqs_easy_taxonomy_vs_SILVA.benchmark.txt
updated,1.0.3,mmseqs_bestmatch_db,118,0.69,36.61,0.0,0.08,./microbial/210615_391_A1_S1.0.3/mmseqs/splits/118/mmseqs_bestmatch_db.benchmark.txt
updated,1.0.3,parse_mmseqs_easy_taxonomy_SILVA,118,0.92,227.75,0.0,0.85,./microbial/210615_391_A1_S1.0.3/mmseqs/splits/118/nuc/parse_mmseqs_easy_taxonomy_SILVA.benchmark.txt
updated,1.0.3,mmseqs_easy_taxonomy_vs_SILVA,118,318.98,11188.04,870.9,2779.2,./microbial/210615_391_A1_S1.0.3/mmseqs/splits/118/nuc/mmseqs_easy_taxonomy_vs_SILVA.benchmark.txt
updated,1.0.3,mmseqs_bestmatch_db,219,0.95,167.98,0.0,0.47,./microbial/210615_391_A1_S1.0.3/mmseqs/splits/219/mmseqs_bestmatch_db.benchmark.txt
updated,1.0.3,parse_mmseqs_easy_taxonomy_SILVA,219,1.4,175.12,23.91,0.87,./microbial/210615_391_A1_S1.0.3/mmseqs/splits/219/nuc/parse_mmseqs_easy_taxonomy_SILVA.benchmark.txt
updated,1.0.3,mmseqs_easy_taxonomy_vs_SILVA,219,312.91,11174.75,898.54,2813.38,./microbial/210615_391_A1_S1.0.3/mmseqs/splits/219/nuc/mmseqs_easy_taxonomy_vs_SILVA.benchmark.txt
updated,1.0.3,mmseqs_bestmatch_db,008,0.8,192.55,0.0,0.65,./microbial/210615_391_A1_S1.0.3/mmseqs/splits/008/mmseqs_bestmatch_db.benchmark.txt
updated,1.0.3,parse_mmseqs_easy_taxonomy_SILVA,008,0.93,198.41,0.0,0.65,./microbial/210615_391_A1_S1.0.3/mmseqs/splits/008/nuc/parse_mmseqs_easy_taxonomy_SILVA.benchmark.txt
updated,1.0.3,mmseqs_easy_taxonomy_vs_SILVA,008,386.4,11139.12,893.85,3454.54,./microbial/210615_391_A1_S1.0.3/mmseqs/splits/008/nuc/mmseqs_easy_taxonomy_vs_SILVA.benchmark.txt
updated,1.0.3,mmseqs_bestmatch_db,031,0.94,165.64,0.0,0.48,./microbial/210615_391_A1_S1.0.3/mmseqs/splits/031/mmseqs_bestmatch_db.benchmark.txt
updated,1.0.3,parse_mmseqs_easy_taxonomy_SILVA,031,0.84,38.39,0.0,0.09,./microbial/210615_391_A1_S1.0.3/mmseqs/splits/031/nuc/parse_mmseqs_easy_taxonomy_SILVA.benchmark.txt
updated,1.0.3,mmseqs_easy_taxonomy_vs_SILVA,031,353.02,11140.63,882.15,3116.59,./microbial/210615_391_A1_S1.0.3/mmseqs/splits/031/nuc/mmseqs_easy_taxonomy_vs_SILVA.benchmark.txt
updated,1.0.3,mmseqs_bestmatch_db,172,0.78,181.37,0.0,0.53,./microbial/210615_391_A1_S1.0.3/mmseqs/splits/172/mmseqs_bestmatch_db.benchmark.txt
updated,1.0.3,parse_mmseqs_easy_taxonomy_SILVA,172,0.87,226.9,0.0,0.9,./microbial/210615_391_A1_S1.0.3/mmseqs/splits/172/nuc/parse_mmseqs_easy_taxonomy_SILVA.benchmark.txt
updated,1.0.3,mmseqs_easy_taxonomy_vs_SILVA,172,266.5,11168.22,937.88,2500.85,./microbial/210615_391_A1_S1.0.3/mmseqs/splits/172/nuc/mmseqs_easy_taxonomy_vs_SILVA.benchmark.txt
updated,1.0.3,mmseqs_bestmatch_db,145,0.81,178.13,0.0,0.54,./microbial/210615_391_A1_S1.0.3/mmseqs/splits/145/mmseqs_bestmatch_db.benchmark.txt
updated,1.0.3,parse_mmseqs_easy_taxonomy_SILVA,145,0.9,220.79,0.0,0.8,./microbial/210615_391_A1_S1.0.3/mmseqs/splits/145/nuc/parse_mmseqs_easy_taxonomy_SILVA.benchmark.txt
updated,1.0.3,mmseqs_easy_taxonomy_vs_SILVA,145,269.19,11142.46,936.44,2522.08,./microbial/210615_391_A1_S1.0.3/mmseqs/splits/145/nuc/mmseqs_easy_taxonomy_vs_SILVA.benchmark.txt
updated,1.0.3,mmseqs_bestmatch_db,285,0.84,181.97,0.0,0.79,./microbial/210615_391_A1_S1.0.3/mmseqs/splits/285/mmseqs_bestmatch_db.benchmark.txt
updated,1.0.3,parse_mmseqs_easy_taxonomy_SILVA,285,0.89,222.5,0.0,0.84,./microbial/210615_391_A1_S1.0.3/mmseqs/splits/285/nuc/parse_mmseqs_easy_taxonomy_SILVA.benchmark.txt
updated,1.0.3,mmseqs_easy_taxonomy_vs_SILVA,285,310.54,11168.75,903.5,2807.27,./microbial/210615_391_A1_S1.0.3/mmseqs/splits/285/nuc/mmseqs_easy_taxonomy_vs_SILVA.benchmark.txt
updated,1.0.3,mmseqs_bestmatch_db,042,1.07,178.29,0.0,0.7,./microbial/210615_391_A1_S1.0.3/mmseqs/splits/042/mmseqs_bestmatch_db.benchmark.txt
updated,1.0.3,parse_mmseqs_easy_taxonomy_SILVA,042,1.18,179.82,0.0,0.57,./microbial/210615_391_A1_S1.0.3/mmseqs/splits/042/nuc/parse_mmseqs_easy_taxonomy_SILVA.benchmark.txt
updated,1.0.3,mmseqs_easy_taxonomy_vs_SILVA,042,303.44,11141.36,929.31,2821.07,./microbial/210615_391_A1_S1.0.3/mmseqs/splits/042/nuc/mmseqs_easy_taxonomy_vs_SILVA.benchmark.txt
updated,1.0.3,mmseqs_bestmatch_db,033,0.82,196.38,0.0,0.47,./microbial/210615_391_A1_S1.0.3/mmseqs/splits/033/mmseqs_bestmatch_db.benchmark.txt
updated,1.0.3,parse_mmseqs_easy_taxonomy_SILVA,033,2.22,199.84,8.9,0.85,./microbial/210615_391_A1_S1.0.3/mmseqs/splits/033/nuc/parse_mmseqs_easy_taxonomy_SILVA.benchmark.txt
updated,1.0.3,mmseqs_easy_taxonomy_vs_SILVA,033,304.81,11160.02,920.67,2808.06,./microbial/210615_391_A1_S1.0.3/mmseqs/splits/033/nuc/mmseqs_easy_taxonomy_vs_SILVA.benchmark.txt
updated,1.0.3,mmseqs_bestmatch_db,228,1.47,100.97,2.7,0.27,./microbial/210615_391_A1_S1.0.3/mmseqs/splits/228/mmseqs_bestmatch_db.benchmark.txt
updated,1.0.3,parse_mmseqs_easy_taxonomy_SILVA,228,0.95,212.46,0.0,0.83,./microbial/210615_391_A1_S1.0.3/mmseqs/splits/228/nuc/parse_mmseqs_easy_taxonomy_SILVA.benchmark.txt
updated,1.0.3,mmseqs_easy_taxonomy_vs_SILVA,228,269.72,11183.7,931.05,2512.92,./microbial/210615_391_A1_S1.0.3/mmseqs/splits/228/nuc/mmseqs_easy_taxonomy_vs_SILVA.benchmark.txt
updated,1.0.3,mmseqs_bestmatch_db,278,0.73,36.92,0.0,0.08,./microbial/210615_391_A1_S1.0.3/mmseqs/splits/278/mmseqs_bestmatch_db.benchmark.txt
updated,1.0.3,parse_mmseqs_easy_taxonomy_SILVA,278,1.03,192.6,0.0,0.68,./microbial/210615_391_A1_S1.0.3/mmseqs/splits/278/nuc/parse_mmseqs_easy_taxonomy_SILVA.benchmark.txt
updated,1.0.3,mmseqs_easy_taxonomy_vs_SILVA,278,320.88,11153.38,869.44,2790.92,./microbial/210615_391_A1_S1.0.3/mmseqs/splits/278/nuc/mmseqs_easy_taxonomy_vs_SILVA.benchmark.txt
updated,1.0.3,mmseqs_bestmatch_db,124,1.0,97.65,0.0,0.34,./microbial/210615_391_A1_S1.0.3/mmseqs/splits/124/mmseqs_bestmatch_db.benchmark.txt
updated,1.0.3,parse_mmseqs_easy_taxonomy_SILVA,124,0.92,223.69,0.0,0.84,./microbial/210615_391_A1_S1.0.3/mmseqs/splits/124/nuc/parse_mmseqs_easy_taxonomy_SILVA.benchmark.txt
updated,1.0.3,mmseqs_easy_taxonomy_vs_SILVA,124,307.83,11172.8,914.81,2817.68,./microbial/210615_391_A1_S1.0.3/mmseqs/splits/124/nuc/mmseqs_easy_taxonomy_vs_SILVA.benchmark.txt
updated,1.0.3,mmseqs_bestmatch_db,242,1.97,181.38,33.11,0.87,./microbial/210615_391_A1_S1.0.3/mmseqs/splits/242/mmseqs_bestmatch_db.benchmark.txt
updated,1.0.3,parse_mmseqs_easy_taxonomy_SILVA,242,0.97,218.44,0.0,0.82,./microbial/210615_391_A1_S1.0.3/mmseqs/splits/242/nuc/parse_mmseqs_easy_taxonomy_SILVA.benchmark.txt
updated,1.0.3,mmseqs_easy_taxonomy_vs_SILVA,242,287.13,11139.37,867.29,2491.29,./microbial/210615_391_A1_S1.0.3/mmseqs/splits/242/nuc/mmseqs_easy_taxonomy_vs_SILVA.benchmark.txt
updated,1.0.3,mmseqs_bestmatch_db,111,0.92,162.32,0.0,0.43,./microbial/210615_391_A1_S1.0.3/mmseqs/splits/111/mmseqs_bestmatch_db.benchmark.txt
updated,1.0.3,parse_mmseqs_easy_taxonomy_SILVA,111,1.32,154.3,0.0,0.42,./microbial/210615_391_A1_S1.0.3/mmseqs/splits/111/nuc/parse_mmseqs_easy_taxonomy_SILVA.benchmark.txt
updated,1.0.3,mmseqs_easy_taxonomy_vs_SILVA,111,274.36,11209.62,918.26,2520.4,./microbial/210615_391_A1_S1.0.3/mmseqs/splits/111/nuc/mmseqs_easy_taxonomy_vs_SILVA.benchmark.txt
updated,1.0.3,mmseqs_bestmatch_db,069,0.99,87.91,0.0,0.29,./microbial/210615_391_A1_S1.0.3/mmseqs/splits/069/mmseqs_bestmatch_db.benchmark.txt
updated,1.0.3,parse_mmseqs_easy_taxonomy_SILVA,069,0.92,232.96,0.0,0.96,./microbial/210615_391_A1_S1.0.3/mmseqs/splits/069/nuc/parse_mmseqs_easy_taxonomy_SILVA.benchmark.txt
updated,1.0.3,mmseqs_easy_taxonomy_vs_SILVA,069,338.61,11181.11,900.19,3049.41,./microbial/210615_391_A1_S1.0.3/mmseqs/splits/069/nuc/mmseqs_easy_taxonomy_vs_SILVA.benchmark.txt
updated,1.0.3,mmseqs_bestmatch_db,194,0.68,42.23,0.0,0.09,./microbial/210615_391_A1_S1.0.3/mmseqs/splits/194/mmseqs_bestmatch_db.benchmark.txt
updated,1.0.3,parse_mmseqs_easy_taxonomy_SILVA,194,2.19,204.13,9.97,0.96,./microbial/210615_391_A1_S1.0.3/mmseqs/splits/194/nuc/parse_mmseqs_easy_taxonomy_SILVA.benchmark.txt
updated,1.0.3,mmseqs_easy_taxonomy_vs_SILVA,194,352.91,11138.24,883.7,3118.85,./microbial/210615_391_A1_S1.0.3/mmseqs/splits/194/nuc/mmseqs_easy_taxonomy_vs_SILVA.benchmark.txt
updated,1.0.3,mmseqs_bestmatch_db,252,0.98,158.84,0.0,0.4,./microbial/210615_391_A1_S1.0.3/mmseqs/splits/252/mmseqs_bestmatch_db.benchmark.txt
updated,1.0.3,parse_mmseqs_easy_taxonomy_SILVA,252,0.97,221.38,0.0,0.85,./microbial/210615_391_A1_S1.0.3/mmseqs/splits/252/nuc/parse_mmseqs_easy_taxonomy_SILVA.benchmark.txt
updated,1.0.3,mmseqs_easy_taxonomy_vs_SILVA,252,267.86,11186.66,933.83,2501.81,./microbial/210615_391_A1_S1.0.3/mmseqs/splits/252/nuc/mmseqs_easy_taxonomy_vs_SILVA.benchmark.txt
updated,1.0.3,mmseqs_bestmatch_db,096,0.73,38.06,0.0,0.11,./microbial/210615_391_A1_S1.0.3/mmseqs/splits/096/mmseqs_bestmatch_db.benchmark.txt
updated,1.0.3,parse_mmseqs_easy_taxonomy_SILVA,096,0.92,113.63,0.0,0.4,./microbial/210615_391_A1_S1.0.3/mmseqs/splits/096/nuc/parse_mmseqs_easy_taxonomy_SILVA.benchmark.txt
updated,1.0.3,mmseqs_easy_taxonomy_vs_SILVA,096,301.91,11156.82,855.89,2579.76,./microbial/210615_391_A1_S1.0.3/mmseqs/splits/096/nuc/mmseqs_easy_taxonomy_vs_SILVA.benchmark.txt
updated,1.0.3,mmseqs_bestmatch_db,084,0.81,203.87,0.0,0.46,./microbial/210615_391_A1_S1.0.3/mmseqs/splits/084/mmseqs_bestmatch_db.benchmark.txt
updated,1.0.3,parse_mmseqs_easy_taxonomy_SILVA,084,0.92,226.07,0.0,0.81,./microbial/210615_391_A1_S1.0.3/mmseqs/splits/084/nuc/parse_mmseqs_easy_taxonomy_SILVA.benchmark.txt
updated,1.0.3,mmseqs_easy_taxonomy_vs_SILVA,084,316.23,11131.91,892.92,2825.06,./microbial/210615_391_A1_S1.0.3/mmseqs/splits/084/nuc/mmseqs_easy_taxonomy_vs_SILVA.benchmark.txt
updated,1.0.3,mmseqs_bestmatch_db,061,0.58,38.11,0.0,0.09,./microbial/210615_391_A1_S1.0.3/mmseqs/splits/061/mmseqs_bestmatch_db.benchmark.txt
updated,1.0.3,parse_mmseqs_easy_taxonomy_SILVA,061,1.2,189.23,0.0,0.72,./microbial/210615_391_A1_S1.0.3/mmseqs/splits/061/nuc/parse_mmseqs_easy_taxonomy_SILVA.benchmark.txt
updated,1.0.3,mmseqs_easy_taxonomy_vs_SILVA,061,305.85,11177.88,914.47,2798.27,./microbial/210615_391_A1_S1.0.3/mmseqs/splits/061/nuc/mmseqs_easy_taxonomy_vs_SILVA.benchmark.txt
updated,1.0.3,mmseqs_bestmatch_db,309,0.73,39.53,0.0,0.1,./microbial/210615_391_A1_S1.0.3/mmseqs/splits/309/mmseqs_bestmatch_db.benchmark.txt
updated,1.0.3,parse_mmseqs_easy_taxonomy_SILVA,309,0.97,209.72,0.0,0.72,./microbial/210615_391_A1_S1.0.3/mmseqs/splits/309/nuc/parse_mmseqs_easy_taxonomy_SILVA.benchmark.txt
updated,1.0.3,mmseqs_easy_taxonomy_vs_SILVA,309,267.87,11159.16,833.47,2233.85,./microbial/210615_391_A1_S1.0.3/mmseqs/splits/309/nuc/mmseqs_easy_taxonomy_vs_SILVA.benchmark.txt
updated,1.0.3,mmseqs_bestmatch_db,040,0.59,36.54,0.0,0.08,./microbial/210615_391_A1_S1.0.3/mmseqs/splits/040/mmseqs_bestmatch_db.benchmark.txt
updated,1.0.3,parse_mmseqs_easy_taxonomy_SILVA,040,1.19,198.05,0.0,0.88,./microbial/210615_391_A1_S1.0.3/mmseqs/splits/040/nuc/parse_mmseqs_easy_taxonomy_SILVA.benchmark.txt
updated,1.0.3,mmseqs_easy_taxonomy_vs_SILVA,040,315.62,11134.93,885.91,2797.28,./microbial/210615_391_A1_S1.0.3/mmseqs/splits/040/nuc/mmseqs_easy_taxonomy_vs_SILVA.benchmark.txt
updated,1.0.3,mmseqs_bestmatch_db,233,1.2,154.38,0.0,0.59,./microbial/210615_391_A1_S1.0.3/mmseqs/splits/233/mmseqs_bestmatch_db.benchmark.txt
updated,1.0.3,parse_mmseqs_easy_taxonomy_SILVA,233,0.98,221.03,0.0,0.84,./microbial/210615_391_A1_S1.0.3/mmseqs/splits/233/nuc/parse_mmseqs_easy_taxonomy_SILVA.benchmark.txt
updated,1.0.3,mmseqs_easy_taxonomy_vs_SILVA,233,276.07,11174.79,910.83,2514.96,./microbial/210615_391_A1_S1.0.3/mmseqs/splits/233/nuc/mmseqs_easy_taxonomy_vs_SILVA.benchmark.txt
updated,1.0.3,mmseqs_bestmatch_db,045,0.92,86.06,0.0,0.24,./microbial/210615_391_A1_S1.0.3/mmseqs/splits/045/mmseqs_bestmatch_db.benchmark.txt
updated,1.0.3,parse_mmseqs_easy_taxonomy_SILVA,045,0.9,224.37,0.0,0.96,./microbial/210615_391_A1_S1.0.3/mmseqs/splits/045/nuc/parse_mmseqs_easy_taxonomy_SILVA.benchmark.txt
updated,1.0.3,mmseqs_easy_taxonomy_vs_SILVA,045,256.19,11172.77,849.81,2178.6,./microbial/210615_391_A1_S1.0.3/mmseqs/splits/045/nuc/mmseqs_easy_taxonomy_vs_SILVA.benchmark.txt
updated,1.0.3,mmseqs_bestmatch_db,047,0.84,181.45,0.0,0.5,./microbial/210615_391_A1_S1.0.3/mmseqs/splits/047/mmseqs_bestmatch_db.benchmark.txt
updated,1.0.3,parse_mmseqs_easy_taxonomy_SILVA,047,1.06,192.66,0.0,0.71,./microbial/210615_391_A1_S1.0.3/mmseqs/splits/047/nuc/parse_mmseqs_easy_taxonomy_SILVA.benchmark.txt
updated,1.0.3,mmseqs_easy_taxonomy_vs_SILVA,047,276.6,11173.9,908.72,2515.3,./microbial/210615_391_A1_S1.0.3/mmseqs/splits/047/nuc/mmseqs_easy_taxonomy_vs_SILVA.benchmark.txt
updated,1.0.3,mmseqs_bestmatch_db,289,1.23,93.06,0.0,0.34,./microbial/210615_391_A1_S1.0.3/mmseqs/splits/289/mmseqs_bestmatch_db.benchmark.txt
updated,1.0.3,parse_mmseqs_easy_taxonomy_SILVA,289,2.48,149.68,14.77,0.73,./microbial/210615_391_A1_S1.0.3/mmseqs/splits/289/nuc/parse_mmseqs_easy_taxonomy_SILVA.benchmark.txt
updated,1.0.3,mmseqs_easy_taxonomy_vs_SILVA,289,373.04,11153.81,908.0,3389.12,./microbial/210615_391_A1_S1.0.3/mmseqs/splits/289/nuc/mmseqs_easy_taxonomy_vs_SILVA.benchmark.txt
updated,1.0.3,mmseqs_bestmatch_db,216,0.8,190.67,0.0,0.6,./microbial/210615_391_A1_S1.0.3/mmseqs/splits/216/mmseqs_bestmatch_db.benchmark.txt
updated,1.0.3,parse_mmseqs_easy_taxonomy_SILVA,216,1.05,208.01,0.0,0.75,./microbial/210615_391_A1_S1.0.3/mmseqs/splits/216/nuc/parse_mmseqs_easy_taxonomy_SILVA.benchmark.txt
updated,1.0.3,mmseqs_easy_taxonomy_vs_SILVA,216,293.09,11177.31,860.76,2524.08,./microbial/210615_391_A1_S1.0.3/mmseqs/splits/216/nuc/mmseqs_easy_taxonomy_vs_SILVA.benchmark.txt
updated,1.0.3,mmseqs_bestmatch_db,340,0.88,164.33,0.0,0.59,./microbial/210615_391_A1_S1.0.3/mmseqs/splits/340/mmseqs_bestmatch_db.benchmark.txt
updated,1.0.3,parse_mmseqs_easy_taxonomy_SILVA,340,1.0,213.77,0.0,0.76,./microbial/210615_391_A1_S1.0.3/mmseqs/splits/340/nuc/parse_mmseqs_easy_taxonomy_SILVA.benchmark.txt
updated,1.0.3,mmseqs_easy_taxonomy_vs_SILVA,340,295.96,11176.84,844.56,2507.22,./microbial/210615_391_A1_S1.0.3/mmseqs/splits/340/nuc/mmseqs_easy_taxonomy_vs_SILVA.benchmark.txt
updated,1.0.3,mmseqs_bestmatch_db,273,0.75,188.61,0.0,0.56,./microbial/210615_391_A1_S1.0.3/mmseqs/splits/273/mmseqs_bestmatch_db.benchmark.txt
updated,1.0.3,parse_mmseqs_easy_taxonomy_SILVA,273,1.0,216.28,0.0,0.87,./microbial/210615_391_A1_S1.0.3/mmseqs/splits/273/nuc/parse_mmseqs_easy_taxonomy_SILVA.benchmark.txt
updated,1.0.3,mmseqs_easy_taxonomy_vs_SILVA,273,279.61,11193.44,896.65,2507.78,./microbial/210615_391_A1_S1.0.3/mmseqs/splits/273/nuc/mmseqs_easy_taxonomy_vs_SILVA.benchmark.txt
updated,1.0.3,mmseqs_bestmatch_db,290,2.06,181.55,27.86,0.79,./microbial/210615_391_A1_S1.0.3/mmseqs/splits/290/mmseqs_bestmatch_db.benchmark.txt
updated,1.0.3,parse_mmseqs_easy_taxonomy_SILVA,290,2.51,158.36,20.29,0.79,./microbial/210615_391_A1_S1.0.3/mmseqs/splits/290/nuc/parse_mmseqs_easy_taxonomy_SILVA.benchmark.txt
updated,1.0.3,mmseqs_easy_taxonomy_vs_SILVA,290,319.62,11173.09,876.72,2804.02,./microbial/210615_391_A1_S1.0.3/mmseqs/splits/290/nuc/mmseqs_easy_taxonomy_vs_SILVA.benchmark.txt
updated,1.0.3,mmseqs_bestmatch_db,017,0.81,195.91,0.0,0.51,./microbial/210615_391_A1_S1.0.3/mmseqs/splits/017/mmseqs_bestmatch_db.benchmark.txt
updated,1.0.3,parse_mmseqs_easy_taxonomy_SILVA,017,0.83,130.47,0.0,0.36,./microbial/210615_391_A1_S1.0.3/mmseqs/splits/017/nuc/parse_mmseqs_easy_taxonomy_SILVA.benchmark.txt
updated,1.0.3,mmseqs_easy_taxonomy_vs_SILVA,017,273.59,11185.97,919.5,2516.76,./microbial/210615_391_A1_S1.0.3/mmseqs/splits/017/nuc/mmseqs_easy_taxonomy_vs_SILVA.benchmark.txt
updated,1.0.3,mmseqs_bestmatch_db,348,1.07,107.06,0.0,0.31,./microbial/210615_391_A1_S1.0.3/mmseqs/splits/348/mmseqs_bestmatch_db.benchmark.txt
updated,1.0.3,parse_mmseqs_easy_taxonomy_SILVA,348,0.88,229.59,0.0,0.99,./microbial/210615_391_A1_S1.0.3/mmseqs/splits/348/nuc/parse_mmseqs_easy_taxonomy_SILVA.benchmark.txt
updated,1.0.3,mmseqs_easy_taxonomy_vs_SILVA,348,297.38,11190.39,826.31,2464.76,./microbial/210615_391_A1_S1.0.3/mmseqs/splits/348/nuc/mmseqs_easy_taxonomy_vs_SILVA.benchmark.txt
updated,1.0.3,mmseqs_bestmatch_db,226,0.73,177.93,0.0,0.59,./microbial/210615_391_A1_S1.0.3/mmseqs/splits/226/mmseqs_bestmatch_db.benchmark.txt
updated,1.0.3,parse_mmseqs_easy_taxonomy_SILVA,226,2.63,185.16,19.87,1.03,./microbial/210615_391_A1_S1.0.3/mmseqs/splits/226/nuc/parse_mmseqs_easy_taxonomy_SILVA.benchmark.txt
updated,1.0.3,mmseqs_easy_taxonomy_vs_SILVA,226,335.18,11139.02,931.02,3122.74,./microbial/210615_391_A1_S1.0.3/mmseqs/splits/226/nuc/mmseqs_easy_taxonomy_vs_SILVA.benchmark.txt
updated,1.0.3,mmseqs_bestmatch_db,234,1.03,160.12,0.0,0.56,./microbial/210615_391_A1_S1.0.3/mmseqs/splits/234/mmseqs_bestmatch_db.benchmark.txt
updated,1.0.3,parse_mmseqs_easy_taxonomy_SILVA,234,0.92,226.77,0.0,0.83,./microbial/210615_391_A1_S1.0.3/mmseqs/splits/234/nuc/parse_mmseqs_easy_taxonomy_SILVA.benchmark.txt
updated,1.0.3,mmseqs_easy_taxonomy_vs_SILVA,234,302.96,11170.44,926.9,2808.93,./microbial/210615_391_A1_S1.0.3/mmseqs/splits/234/nuc/mmseqs_easy_taxonomy_vs_SILVA.benchmark.txt
updated,1.0.3,mmseqs_bestmatch_db,329,0.69,36.96,0.0,0.08,./microbial/210615_391_A1_S1.0.3/mmseqs/splits/329/mmseqs_bestmatch_db.benchmark.txt
updated,1.0.3,parse_mmseqs_easy_taxonomy_SILVA,329,0.91,230.16,0.0,0.92,./microbial/210615_391_A1_S1.0.3/mmseqs/splits/329/nuc/parse_mmseqs_easy_taxonomy_SILVA.benchmark.txt
updated,1.0.3,mmseqs_easy_taxonomy_vs_SILVA,329,339.14,11118.8,893.67,3031.6,./microbial/210615_391_A1_S1.0.3/mmseqs/splits/329/nuc/mmseqs_easy_taxonomy_vs_SILVA.benchmark.txt
updated,1.0.3,mmseqs_bestmatch_db,268,0.79,176.49,0.0,0.61,./microbial/210615_391_A1_S1.0.3/mmseqs/splits/268/mmseqs_bestmatch_db.benchmark.txt
updated,1.0.3,parse_mmseqs_easy_taxonomy_SILVA,268,0.93,222.76,0.0,0.9,./microbial/210615_391_A1_S1.0.3/mmseqs/splits/268/nuc/parse_mmseqs_easy_taxonomy_SILVA.benchmark.txt
updated,1.0.3,mmseqs_easy_taxonomy_vs_SILVA,268,337.83,11141.36,931.39,3147.77,./microbial/210615_391_A1_S1.0.3/mmseqs/splits/268/nuc/mmseqs_easy_taxonomy_vs_SILVA.benchmark.txt
updated,1.0.3,mmseqs_bestmatch_db,258,0.78,187.93,0.0,0.6,./microbial/210615_391_A1_S1.0.3/mmseqs/splits/258/mmseqs_bestmatch_db.benchmark.txt
updated,1.0.3,parse_mmseqs_easy_taxonomy_SILVA,258,0.98,203.77,0.0,0.68,./microbial/210615_391_A1_S1.0.3/mmseqs/splits/258/nuc/parse_mmseqs_easy_taxonomy_SILVA.benchmark.txt
updated,1.0.3,mmseqs_easy_taxonomy_vs_SILVA,258,291.65,11167.22,859.19,2509.69,./microbial/210615_391_A1_S1.0.3/mmseqs/splits/258/nuc/mmseqs_easy_taxonomy_vs_SILVA.benchmark.txt
updated,1.0.3,mmseqs_bestmatch_db,305,0.99,170.04,0.0,0.71,./microbial/210615_391_A1_S1.0.3/mmseqs/splits/305/mmseqs_bestmatch_db.benchmark.txt
updated,1.0.3,parse_mmseqs_easy_taxonomy_SILVA,305,1.95,200.67,4.12,0.84,./microbial/210615_391_A1_S1.0.3/mmseqs/splits/305/nuc/parse_mmseqs_easy_taxonomy_SILVA.benchmark.txt
updated,1.0.3,mmseqs_easy_taxonomy_vs_SILVA,305,336.04,11135.31,930.52,3127.95,./microbial/210615_391_A1_S1.0.3/mmseqs/splits/305/nuc/mmseqs_easy_taxonomy_vs_SILVA.benchmark.txt
updated,1.0.3,mmseqs_bestmatch_db,132,1.89,78.87,9.04,0.35,./microbial/210615_391_A1_S1.0.3/mmseqs/splits/132/mmseqs_bestmatch_db.benchmark.txt
updated,1.0.3,parse_mmseqs_easy_taxonomy_SILVA,132,3.9,149.55,12.77,0.76,./microbial/210615_391_A1_S1.0.3/mmseqs/splits/132/nuc/parse_mmseqs_easy_taxonomy_SILVA.benchmark.txt
updated,1.0.3,mmseqs_easy_taxonomy_vs_SILVA,132,273.88,11137.69,920.33,2522.26,./microbial/210615_391_A1_S1.0.3/mmseqs/splits/132/nuc/mmseqs_easy_taxonomy_vs_SILVA.benchmark.txt
updated,1.0.3,mmseqs_bestmatch_db,168,0.77,174.3,0.0,0.55,./microbial/210615_391_A1_S1.0.3/mmseqs/splits/168/mmseqs_bestmatch_db.benchmark.txt
updated,1.0.3,parse_mmseqs_easy_taxonomy_SILVA,168,0.92,216.27,0.0,0.78,./microbial/210615_391_A1_S1.0.3/mmseqs/splits/168/nuc/parse_mmseqs_easy_taxonomy_SILVA.benchmark.txt
updated,1.0.3,mmseqs_easy_taxonomy_vs_SILVA,168,357.73,11188.7,867.55,3116.29,./microbial/210615_391_A1_S1.0.3/mmseqs/splits/168/nuc/mmseqs_easy_taxonomy_vs_SILVA.benchmark.txt
updated,1.0.3,mmseqs_bestmatch_db,169,0.83,171.7,0.0,0.6,./microbial/210615_391_A1_S1.0.3/mmseqs/splits/169/mmseqs_bestmatch_db.benchmark.txt
updated,1.0.3,parse_mmseqs_easy_taxonomy_SILVA,169,0.9,233.62,0.0,0.98,./microbial/210615_391_A1_S1.0.3/mmseqs/splits/169/nuc/parse_mmseqs_easy_taxonomy_SILVA.benchmark.txt
updated,1.0.3,mmseqs_easy_taxonomy_vs_SILVA,169,271.81,11195.14,922.76,2509.44,./microbial/210615_391_A1_S1.0.3/mmseqs/splits/169/nuc/mmseqs_easy_taxonomy_vs_SILVA.benchmark.txt
updated,1.0.3,mmseqs_bestmatch_db,188,0.77,182.66,0.0,0.61,./microbial/210615_391_A1_S1.0.3/mmseqs/splits/188/mmseqs_bestmatch_db.benchmark.txt
updated,1.0.3,parse_mmseqs_easy_taxonomy_SILVA,188,0.93,221.13,0.0,0.86,./microbial/210615_391_A1_S1.0.3/mmseqs/splits/188/nuc/parse_mmseqs_easy_taxonomy_SILVA.benchmark.txt
updated,1.0.3,mmseqs_easy_taxonomy_vs_SILVA,188,358.31,11129.47,866.32,3105.43,./microbial/210615_391_A1_S1.0.3/mmseqs/splits/188/nuc/mmseqs_easy_taxonomy_vs_SILVA.benchmark.txt
updated,1.0.3,mmseqs_bestmatch_db,283,0.88,171.29,0.0,0.52,./microbial/210615_391_A1_S1.0.3/mmseqs/splits/283/mmseqs_bestmatch_db.benchmark.txt
updated,1.0.3,parse_mmseqs_easy_taxonomy_SILVA,283,0.98,204.99,0.0,0.62,./microbial/210615_391_A1_S1.0.3/mmseqs/splits/283/nuc/parse_mmseqs_easy_taxonomy_SILVA.benchmark.txt
updated,1.0.3,mmseqs_easy_taxonomy_vs_SILVA,283,319.09,11133.41,883.49,2821.01,./microbial/210615_391_A1_S1.0.3/mmseqs/splits/283/nuc/mmseqs_easy_taxonomy_vs_SILVA.benchmark.txt
updated,1.0.3,mmseqs_bestmatch_db,210,0.84,176.6,0.0,0.59,./microbial/210615_391_A1_S1.0.3/mmseqs/splits/210/mmseqs_bestmatch_db.benchmark.txt
updated,1.0.3,parse_mmseqs_easy_taxonomy_SILVA,210,0.83,37.06,0.0,0.08,./microbial/210615_391_A1_S1.0.3/mmseqs/splits/210/nuc/parse_mmseqs_easy_taxonomy_SILVA.benchmark.txt
updated,1.0.3,mmseqs_easy_taxonomy_vs_SILVA,210,288.12,11188.9,874.65,2521.64,./microbial/210615_391_A1_S1.0.3/mmseqs/splits/210/nuc/mmseqs_easy_taxonomy_vs_SILVA.benchmark.txt
updated,1.0.3,mmseqs_bestmatch_db,310,1.15,82.26,0.0,0.23,./microbial/210615_391_A1_S1.0.3/mmseqs/splits/310/mmseqs_bestmatch_db.benchmark.txt
updated,1.0.3,parse_mmseqs_easy_taxonomy_SILVA,310,0.93,227.36,0.0,0.95,./microbial/210615_391_A1_S1.0.3/mmseqs/splits/310/nuc/parse_mmseqs_easy_taxonomy_SILVA.benchmark.txt
updated,1.0.3,mmseqs_easy_taxonomy_vs_SILVA,310,267.74,11175.61,935.98,2506.54,./microbial/210615_391_A1_S1.0.3/mmseqs/splits/310/nuc/mmseqs_easy_taxonomy_vs_SILVA.benchmark.txt
updated,1.0.3,mmseqs_bestmatch_db,127,1.04,114.42,0.0,0.43,./microbial/210615_391_A1_S1.0.3/mmseqs/splits/127/mmseqs_bestmatch_db.benchmark.txt
updated,1.0.3,parse_mmseqs_easy_taxonomy_SILVA,127,0.98,221.17,0.0,0.83,./microbial/210615_391_A1_S1.0.3/mmseqs/splits/127/nuc/parse_mmseqs_easy_taxonomy_SILVA.benchmark.txt
updated,1.0.3,mmseqs_easy_taxonomy_vs_SILVA,127,272.56,11142.26,928.02,2530.22,./microbial/210615_391_A1_S1.0.3/mmseqs/splits/127/nuc/mmseqs_easy_taxonomy_vs_SILVA.benchmark.txt
updated,1.0.3,mmseqs_bestmatch_db,341,2.94,124.15,10.75,0.44,./microbial/210615_391_A1_S1.0.3/mmseqs/splits/341/mmseqs_bestmatch_db.benchmark.txt
updated,1.0.3,parse_mmseqs_easy_taxonomy_SILVA,341,0.98,215.41,0.0,0.74,./microbial/210615_391_A1_S1.0.3/mmseqs/splits/341/nuc/parse_mmseqs_easy_taxonomy_SILVA.benchmark.txt
updated,1.0.3,mmseqs_easy_taxonomy_vs_SILVA,341,275.73,11185.12,912.58,2517.11,./microbial/210615_391_A1_S1.0.3/mmseqs/splits/341/nuc/mmseqs_easy_taxonomy_vs_SILVA.benchmark.txt
updated,1.0.3,mmseqs_bestmatch_db,013,0.85,175.51,0.0,0.45,./microbial/210615_391_A1_S1.0.3/mmseqs/splits/013/mmseqs_bestmatch_db.benchmark.txt
updated,1.0.3,parse_mmseqs_easy_taxonomy_SILVA,013,1.02,219.72,0.0,0.99,./microbial/210615_391_A1_S1.0.3/mmseqs/splits/013/nuc/parse_mmseqs_easy_taxonomy_SILVA.benchmark.txt
updated,1.0.3,mmseqs_easy_taxonomy_vs_SILVA,013,379.29,11149.21,900.71,3416.92,./microbial/210615_391_A1_S1.0.3/mmseqs/splits/013/nuc/mmseqs_easy_taxonomy_vs_SILVA.benchmark.txt
updated,1.0.3,mmseqs_bestmatch_db,250,1.58,175.71,12.06,0.62,./microbial/210615_391_A1_S1.0.3/mmseqs/splits/250/mmseqs_bestmatch_db.benchmark.txt
updated,1.0.3,parse_mmseqs_easy_taxonomy_SILVA,250,0.98,225.46,0.0,0.9,./microbial/210615_391_A1_S1.0.3/mmseqs/splits/250/nuc/parse_mmseqs_easy_taxonomy_SILVA.benchmark.txt
updated,1.0.3,mmseqs_easy_taxonomy_vs_SILVA,250,295.3,11192.36,847.85,2525.5,./microbial/210615_391_A1_S1.0.3/mmseqs/splits/250/nuc/mmseqs_easy_taxonomy_vs_SILVA.benchmark.txt
updated,1.0.3,mmseqs_bestmatch_db,186,0.79,181.12,0.0,0.56,./microbial/210615_391_A1_S1.0.3/mmseqs/splits/186/mmseqs_bestmatch_db.benchmark.txt
updated,1.0.3,parse_mmseqs_easy_taxonomy_SILVA,186,0.88,229.29,0.0,0.88,./microbial/210615_391_A1_S1.0.3/mmseqs/splits/186/nuc/parse_mmseqs_easy_taxonomy_SILVA.benchmark.txt
updated,1.0.3,mmseqs_easy_taxonomy_vs_SILVA,186,272.92,11137.58,924.81,2526.08,./microbial/210615_391_A1_S1.0.3/mmseqs/splits/186/nuc/mmseqs_easy_taxonomy_vs_SILVA.benchmark.txt
updated,1.0.3,mmseqs_bestmatch_db,092,0.75,185.92,0.0,0.69,./microbial/210615_391_A1_S1.0.3/mmseqs/splits/092/mmseqs_bestmatch_db.benchmark.txt
updated,1.0.3,parse_mmseqs_easy_taxonomy_SILVA,092,1.15,203.43,0.0,0.87,./microbial/210615_391_A1_S1.0.3/mmseqs/splits/092/nuc/parse_mmseqs_easy_taxonomy_SILVA.benchmark.txt
updated,1.0.3,mmseqs_easy_taxonomy_vs_SILVA,092,342.95,11134.7,913.37,3133.46,./microbial/210615_391_A1_S1.0.3/mmseqs/splits/092/nuc/mmseqs_easy_taxonomy_vs_SILVA.benchmark.txt
updated,1.0.3,mmseqs_bestmatch_db,189,0.75,178.71,0.0,0.57,./microbial/210615_391_A1_S1.0.3/mmseqs/splits/189/mmseqs_bestmatch_db.benchmark.txt
updated,1.0.3,parse_mmseqs_easy_taxonomy_SILVA,189,1.42,87.69,0.0,0.25,./microbial/210615_391_A1_S1.0.3/mmseqs/splits/189/nuc/parse_mmseqs_easy_taxonomy_SILVA.benchmark.txt
updated,1.0.3,mmseqs_easy_taxonomy_vs_SILVA,189,266.57,11184.48,942.87,2514.16,./microbial/210615_391_A1_S1.0.3/mmseqs/splits/189/nuc/mmseqs_easy_taxonomy_vs_SILVA.benchmark.txt
updated,1.0.3,mmseqs_bestmatch_db,199,1.36,177.51,26.38,0.61,./microbial/210615_391_A1_S1.0.3/mmseqs/splits/199/mmseqs_bestmatch_db.benchmark.txt
updated,1.0.3,parse_mmseqs_easy_taxonomy_SILVA,199,0.89,215.32,0.0,0.74,./microbial/210615_391_A1_S1.0.3/mmseqs/splits/199/nuc/parse_mmseqs_easy_taxonomy_SILVA.benchmark.txt
updated,1.0.3,mmseqs_easy_taxonomy_vs_SILVA,199,251.07,11175.42,880.85,2213.44,./microbial/210615_391_A1_S1.0.3/mmseqs/splits/199/nuc/mmseqs_easy_taxonomy_vs_SILVA.benchmark.txt
updated,1.0.3,mmseqs_bestmatch_db,207,0.63,36.94,0.0,0.09,./microbial/210615_391_A1_S1.0.3/mmseqs/splits/207/mmseqs_bestmatch_db.benchmark.txt
updated,1.0.3,parse_mmseqs_easy_taxonomy_SILVA,207,1.25,89.25,0.0,0.33,./microbial/210615_391_A1_S1.0.3/mmseqs/splits/207/nuc/parse_mmseqs_easy_taxonomy_SILVA.benchmark.txt
updated,1.0.3,mmseqs_easy_taxonomy_vs_SILVA,207,273.57,11145.52,923.51,2527.34,./microbial/210615_391_A1_S1.0.3/mmseqs/splits/207/nuc/mmseqs_easy_taxonomy_vs_SILVA.benchmark.txt
updated,1.0.3,mmseqs_bestmatch_db,079,0.75,171.41,0.0,0.57,./microbial/210615_391_A1_S1.0.3/mmseqs/splits/079/mmseqs_bestmatch_db.benchmark.txt
updated,1.0.3,parse_mmseqs_easy_taxonomy_SILVA,079,0.95,210.15,0.0,0.74,./microbial/210615_391_A1_S1.0.3/mmseqs/splits/079/nuc/parse_mmseqs_easy_taxonomy_SILVA.benchmark.txt
updated,1.0.3,mmseqs_easy_taxonomy_vs_SILVA,079,337.87,11116.86,812.73,2750.9,./microbial/210615_391_A1_S1.0.3/mmseqs/splits/079/nuc/mmseqs_easy_taxonomy_vs_SILVA.benchmark.txt
updated,1.0.3,mmseqs_bestmatch_db,026,1.16,182.18,0.0,0.67,./microbial/210615_391_A1_S1.0.3/mmseqs/splits/026/mmseqs_bestmatch_db.benchmark.txt
updated,1.0.3,parse_mmseqs_easy_taxonomy_SILVA,026,4.41,112.95,10.95,0.6,./microbial/210615_391_A1_S1.0.3/mmseqs/splits/026/nuc/parse_mmseqs_easy_taxonomy_SILVA.benchmark.txt
updated,1.0.3,mmseqs_easy_taxonomy_vs_SILVA,026,338.46,11150.06,904.39,3062.3,./microbial/210615_391_A1_S1.0.3/mmseqs/splits/026/nuc/mmseqs_easy_taxonomy_vs_SILVA.benchmark.txt
updated,1.0.3,mmseqs_bestmatch_db,161,0.75,37.57,0.0,0.1,./microbial/210615_391_A1_S1.0.3/mmseqs/splits/161/mmseqs_bestmatch_db.benchmark.txt
updated,1.0.3,parse_mmseqs_easy_taxonomy_SILVA,161,2.24,203.87,8.32,0.9,./microbial/210615_391_A1_S1.0.3/mmseqs/splits/161/nuc/parse_mmseqs_easy_taxonomy_SILVA.benchmark.txt
updated,1.0.3,mmseqs_easy_taxonomy_vs_SILVA,161,275.47,11176.32,914.84,2521.61,./microbial/210615_391_A1_S1.0.3/mmseqs/splits/161/nuc/mmseqs_easy_taxonomy_vs_SILVA.benchmark.txt
updated,1.0.3,mmseqs_bestmatch_db,213,1.09,153.66,0.0,0.51,./microbial/210615_391_A1_S1.0.3/mmseqs/splits/213/mmseqs_bestmatch_db.benchmark.txt
updated,1.0.3,parse_mmseqs_easy_taxonomy_SILVA,213,0.88,238.03,0.0,0.91,./microbial/210615_391_A1_S1.0.3/mmseqs/splits/213/nuc/parse_mmseqs_easy_taxonomy_SILVA.benchmark.txt
updated,1.0.3,mmseqs_easy_taxonomy_vs_SILVA,213,279.01,11137.45,907.85,2534.58,./microbial/210615_391_A1_S1.0.3/mmseqs/splits/213/nuc/mmseqs_easy_taxonomy_vs_SILVA.benchmark.txt
updated,1.0.3,mmseqs_bestmatch_db,308,0.86,170.74,0.0,0.45,./microbial/210615_391_A1_S1.0.3/mmseqs/splits/308/mmseqs_bestmatch_db.benchmark.txt
updated,1.0.3,parse_mmseqs_easy_taxonomy_SILVA,308,0.86,37.81,0.0,0.08,./microbial/210615_391_A1_S1.0.3/mmseqs/splits/308/nuc/parse_mmseqs_easy_taxonomy_SILVA.benchmark.txt
updated,1.0.3,mmseqs_easy_taxonomy_vs_SILVA,308,265.99,11178.5,834.94,2240.15,./microbial/210615_391_A1_S1.0.3/mmseqs/splits/308/nuc/mmseqs_easy_taxonomy_vs_SILVA.benchmark.txt
updated,1.0.3,mmseqs_bestmatch_db,055,2.16,162.05,14.33,0.48,./microbial/210615_391_A1_S1.0.3/mmseqs/splits/055/mmseqs_bestmatch_db.benchmark.txt
updated,1.0.3,parse_mmseqs_easy_taxonomy_SILVA,055,2.22,209.0,10.65,0.89,./microbial/210615_391_A1_S1.0.3/mmseqs/splits/055/nuc/parse_mmseqs_easy_taxonomy_SILVA.benchmark.txt
updated,1.0.3,mmseqs_easy_taxonomy_vs_SILVA,055,276.98,11205.28,912.14,2527.2,./microbial/210615_391_A1_S1.0.3/mmseqs/splits/055/nuc/mmseqs_easy_taxonomy_vs_SILVA.benchmark.txt
updated,1.0.3,mmseqs_bestmatch_db,240,0.74,189.48,0.0,0.58,./microbial/210615_391_A1_S1.0.3/mmseqs/splits/240/mmseqs_bestmatch_db.benchmark.txt
updated,1.0.3,parse_mmseqs_easy_taxonomy_SILVA,240,0.96,237.85,0.0,0.96,./microbial/210615_391_A1_S1.0.3/mmseqs/splits/240/nuc/parse_mmseqs_easy_taxonomy_SILVA.benchmark.txt
updated,1.0.3,mmseqs_easy_taxonomy_vs_SILVA,240,277.89,11180.21,904.46,2514.62,./microbial/210615_391_A1_S1.0.3/mmseqs/splits/240/nuc/mmseqs_easy_taxonomy_vs_SILVA.benchmark.txt
updated,1.0.3,mmseqs_bestmatch_db,121,0.85,190.74,0.0,0.44,./microbial/210615_391_A1_S1.0.3/mmseqs/splits/121/mmseqs_bestmatch_db.benchmark.txt
updated,1.0.3,parse_mmseqs_easy_taxonomy_SILVA,121,1.0,213.68,0.0,0.86,./microbial/210615_391_A1_S1.0.3/mmseqs/splits/121/nuc/parse_mmseqs_easy_taxonomy_SILVA.benchmark.txt
updated,1.0.3,mmseqs_easy_taxonomy_vs_SILVA,121,297.11,11160.52,816.51,2427.34,./microbial/210615_391_A1_S1.0.3/mmseqs/splits/121/nuc/mmseqs_easy_taxonomy_vs_SILVA.benchmark.txt
updated,1.0.3,mmseqs_bestmatch_db,058,0.79,180.19,0.0,0.56,./microbial/210615_391_A1_S1.0.3/mmseqs/splits/058/mmseqs_bestmatch_db.benchmark.txt
updated,1.0.3,parse_mmseqs_easy_taxonomy_SILVA,058,0.96,206.76,0.0,0.73,./microbial/210615_391_A1_S1.0.3/mmseqs/splits/058/nuc/parse_mmseqs_easy_taxonomy_SILVA.benchmark.txt
updated,1.0.3,mmseqs_easy_taxonomy_vs_SILVA,058,370.32,11172.2,790.49,2928.04,./microbial/210615_391_A1_S1.0.3/mmseqs/splits/058/nuc/mmseqs_easy_taxonomy_vs_SILVA.benchmark.txt
updated,1.0.3,mmseqs_bestmatch_db,049,0.68,38.98,0.0,0.1,./microbial/210615_391_A1_S1.0.3/mmseqs/splits/049/mmseqs_bestmatch_db.benchmark.txt
updated,1.0.3,parse_mmseqs_easy_taxonomy_SILVA,049,1.02,205.4,0.0,0.91,./microbial/210615_391_A1_S1.0.3/mmseqs/splits/049/nuc/parse_mmseqs_easy_taxonomy_SILVA.benchmark.txt
updated,1.0.3,mmseqs_easy_taxonomy_vs_SILVA,049,331.75,11198.66,833.38,2766.95,./microbial/210615_391_A1_S1.0.3/mmseqs/splits/049/nuc/mmseqs_easy_taxonomy_vs_SILVA.benchmark.txt
updated,1.0.3,mmseqs_bestmatch_db,157,0.72,182.66,0.0,0.59,./microbial/210615_391_A1_S1.0.3/mmseqs/splits/157/mmseqs_bestmatch_db.benchmark.txt
updated,1.0.3,parse_mmseqs_easy_taxonomy_SILVA,157,0.98,216.52,0.0,0.87,./microbial/210615_391_A1_S1.0.3/mmseqs/splits/157/nuc/parse_mmseqs_easy_taxonomy_SILVA.benchmark.txt
updated,1.0.3,mmseqs_easy_taxonomy_vs_SILVA,157,312.56,11142.77,876.01,2738.8,./microbial/210615_391_A1_S1.0.3/mmseqs/splits/157/nuc/mmseqs_easy_taxonomy_vs_SILVA.benchmark.txt
updated,1.0.3,mmseqs_bestmatch_db,016,0.71,188.69,0.0,0.66,./microbial/210615_391_A1_S1.0.3/mmseqs/splits/016/mmseqs_bestmatch_db.benchmark.txt
updated,1.0.3,parse_mmseqs_easy_taxonomy_SILVA,016,0.86,226.84,0.0,0.91,./microbial/210615_391_A1_S1.0.3/mmseqs/splits/016/nuc/parse_mmseqs_easy_taxonomy_SILVA.benchmark.txt
updated,1.0.3,mmseqs_easy_taxonomy_vs_SILVA,016,303.25,11168.02,932.79,2830.89,./microbial/210615_391_A1_S1.0.3/mmseqs/splits/016/nuc/mmseqs_easy_taxonomy_vs_SILVA.benchmark.txt
updated,1.0.3,mmseqs_bestmatch_db,062,0.73,180.23,0.0,0.58,./microbial/210615_391_A1_S1.0.3/mmseqs/splits/062/mmseqs_bestmatch_db.benchmark.txt
updated,1.0.3,parse_mmseqs_easy_taxonomy_SILVA,062,0.86,238.18,0.0,0.96,./microbial/210615_391_A1_S1.0.3/mmseqs/splits/062/nuc/parse_mmseqs_easy_taxonomy_SILVA.benchmark.txt
updated,1.0.3,mmseqs_easy_taxonomy_vs_SILVA,062,326.72,11140.03,862.61,2838.35,./microbial/210615_391_A1_S1.0.3/mmseqs/splits/062/nuc/mmseqs_easy_taxonomy_vs_SILVA.benchmark.txt
updated,1.0.3,mmseqs_bestmatch_db,032,0.82,182.99,0.0,0.46,./microbial/210615_391_A1_S1.0.3/mmseqs/splits/032/mmseqs_bestmatch_db.benchmark.txt
updated,1.0.3,parse_mmseqs_easy_taxonomy_SILVA,032,0.95,204.39,0.0,0.79,./microbial/210615_391_A1_S1.0.3/mmseqs/splits/032/nuc/parse_mmseqs_easy_taxonomy_SILVA.benchmark.txt
updated,1.0.3,mmseqs_easy_taxonomy_vs_SILVA,032,333.83,11182.63,938.11,3133.47,./microbial/210615_391_A1_S1.0.3/mmseqs/splits/032/nuc/mmseqs_easy_taxonomy_vs_SILVA.benchmark.txt
updated,1.0.3,mmseqs_bestmatch_db,313,0.74,198.06,0.0,0.57,./microbial/210615_391_A1_S1.0.3/mmseqs/splits/313/mmseqs_bestmatch_db.benchmark.txt
updated,1.0.3,parse_mmseqs_easy_taxonomy_SILVA,313,1.14,191.7,0.0,0.87,./microbial/210615_391_A1_S1.0.3/mmseqs/splits/313/nuc/parse_mmseqs_easy_taxonomy_SILVA.benchmark.txt
updated,1.0.3,mmseqs_easy_taxonomy_vs_SILVA,313,266.96,11197.92,830.19,2222.73,./microbial/210615_391_A1_S1.0.3/mmseqs/splits/313/nuc/mmseqs_easy_taxonomy_vs_SILVA.benchmark.txt
updated,1.0.3,mmseqs_bestmatch_db,249,2.34,158.56,12.81,0.41,./microbial/210615_391_A1_S1.0.3/mmseqs/splits/249/mmseqs_bestmatch_db.benchmark.txt
updated,1.0.3,parse_mmseqs_easy_taxonomy_SILVA,249,1.0,233.65,0.0,1.04,./microbial/210615_391_A1_S1.0.3/mmseqs/splits/249/nuc/parse_mmseqs_easy_taxonomy_SILVA.benchmark.txt
updated,1.0.3,mmseqs_easy_taxonomy_vs_SILVA,249,294.76,11138.85,858.48,2533.2,./microbial/210615_391_A1_S1.0.3/mmseqs/splits/249/nuc/mmseqs_easy_taxonomy_vs_SILVA.benchmark.txt
updated,1.0.3,mmseqs_bestmatch_db,003,1.01,205.22,0.0,0.64,./microbial/210615_391_A1_S1.0.3/mmseqs/splits/003/mmseqs_bestmatch_db.benchmark.txt
updated,1.0.3,parse_mmseqs_easy_taxonomy_SILVA,003,0.74,42.12,0.0,0.08,./microbial/210615_391_A1_S1.0.3/mmseqs/splits/003/nuc/parse_mmseqs_easy_taxonomy_SILVA.benchmark.txt
updated,1.0.3,mmseqs_easy_taxonomy_vs_SILVA,003,339.06,11130.77,921.48,3125.34,./microbial/210615_391_A1_S1.0.3/mmseqs/splits/003/nuc/mmseqs_easy_taxonomy_vs_SILVA.benchmark.txt
updated,1.0.3,mmseqs_bestmatch_db,020,0.79,185.73,0.0,0.51,./microbial/210615_391_A1_S1.0.3/mmseqs/splits/020/mmseqs_bestmatch_db.benchmark.txt
updated,1.0.3,parse_mmseqs_easy_taxonomy_SILVA,020,0.82,38.62,0.0,0.09,./microbial/210615_391_A1_S1.0.3/mmseqs/splits/020/nuc/parse_mmseqs_easy_taxonomy_SILVA.benchmark.txt
updated,1.0.3,mmseqs_easy_taxonomy_vs_SILVA,020,362.3,11167.35,864.04,3140.47,./microbial/210615_391_A1_S1.0.3/mmseqs/splits/020/nuc/mmseqs_easy_taxonomy_vs_SILVA.benchmark.txt
updated,1.0.3,mmseqs_bestmatch_db,173,3.52,170.16,13.04,0.54,./microbial/210615_391_A1_S1.0.3/mmseqs/splits/173/mmseqs_bestmatch_db.benchmark.txt
updated,1.0.3,parse_mmseqs_easy_taxonomy_SILVA,173,1.18,178.64,0.0,0.61,./microbial/210615_391_A1_S1.0.3/mmseqs/splits/173/nuc/parse_mmseqs_easy_taxonomy_SILVA.benchmark.txt
updated,1.0.3,mmseqs_easy_taxonomy_vs_SILVA,173,278.0,11151.68,881.77,2452.89,./microbial/210615_391_A1_S1.0.3/mmseqs/splits/173/nuc/mmseqs_easy_taxonomy_vs_SILVA.benchmark.txt
updated,1.0.3,mmseqs_bestmatch_db,345,0.81,167.23,0.0,0.45,./microbial/210615_391_A1_S1.0.3/mmseqs/splits/345/mmseqs_bestmatch_db.benchmark.txt
updated,1.0.3,parse_mmseqs_easy_taxonomy_SILVA,345,0.94,218.74,0.0,0.81,./microbial/210615_391_A1_S1.0.3/mmseqs/splits/345/nuc/parse_mmseqs_easy_taxonomy_SILVA.benchmark.txt
updated,1.0.3,mmseqs_easy_taxonomy_vs_SILVA,345,327.03,11131.4,867.23,2838.94,./microbial/210615_391_A1_S1.0.3/mmseqs/splits/345/nuc/mmseqs_easy_taxonomy_vs_SILVA.benchmark.txt
updated,1.0.3,mmseqs_bestmatch_db,333,0.64,37.25,0.0,0.09,./microbial/210615_391_A1_S1.0.3/mmseqs/splits/333/mmseqs_bestmatch_db.benchmark.txt
updated,1.0.3,parse_mmseqs_easy_taxonomy_SILVA,333,0.88,228.21,0.0,0.93,./microbial/210615_391_A1_S1.0.3/mmseqs/splits/333/nuc/parse_mmseqs_easy_taxonomy_SILVA.benchmark.txt
updated,1.0.3,mmseqs_easy_taxonomy_vs_SILVA,333,290.73,11181.75,864.47,2514.74,./microbial/210615_391_A1_S1.0.3/mmseqs/splits/333/nuc/mmseqs_easy_taxonomy_vs_SILVA.benchmark.txt
updated,1.0.3,mmseqs_bestmatch_db,222,0.66,39.91,0.0,0.08,./microbial/210615_391_A1_S1.0.3/mmseqs/splits/222/mmseqs_bestmatch_db.benchmark.txt
updated,1.0.3,parse_mmseqs_easy_taxonomy_SILVA,222,1.14,201.68,0.0,0.78,./microbial/210615_391_A1_S1.0.3/mmseqs/splits/222/nuc/parse_mmseqs_easy_taxonomy_SILVA.benchmark.txt
updated,1.0.3,mmseqs_easy_taxonomy_vs_SILVA,222,282.86,11188.87,892.21,2525.54,./microbial/210615_391_A1_S1.0.3/mmseqs/splits/222/nuc/mmseqs_easy_taxonomy_vs_SILVA.benchmark.txt
updated,1.0.3,mmseqs_bestmatch_db,227,0.68,38.02,0.0,0.09,./microbial/210615_391_A1_S1.0.3/mmseqs/splits/227/mmseqs_bestmatch_db.benchmark.txt
updated,1.0.3,parse_mmseqs_easy_taxonomy_SILVA,227,1.54,213.66,2.41,0.9,./microbial/210615_391_A1_S1.0.3/mmseqs/splits/227/nuc/parse_mmseqs_easy_taxonomy_SILVA.benchmark.txt
updated,1.0.3,mmseqs_easy_taxonomy_vs_SILVA,227,273.43,11205.11,922.92,2524.61,./microbial/210615_391_A1_S1.0.3/mmseqs/splits/227/nuc/mmseqs_easy_taxonomy_vs_SILVA.benchmark.txt
updated,1.0.3,mmseqs_bestmatch_db,180,0.85,169.74,0.0,0.47,./microbial/210615_391_A1_S1.0.3/mmseqs/splits/180/mmseqs_bestmatch_db.benchmark.txt
updated,1.0.3,parse_mmseqs_easy_taxonomy_SILVA,180,0.98,212.27,0.0,0.8,./microbial/210615_391_A1_S1.0.3/mmseqs/splits/180/nuc/parse_mmseqs_easy_taxonomy_SILVA.benchmark.txt
updated,1.0.3,mmseqs_easy_taxonomy_vs_SILVA,180,310.35,11177.27,902.6,2801.98,./microbial/210615_391_A1_S1.0.3/mmseqs/splits/180/nuc/mmseqs_easy_taxonomy_vs_SILVA.benchmark.txt
updated,1.0.3,mmseqs_bestmatch_db,035,0.96,184.42,0.0,0.65,./microbial/210615_391_A1_S1.0.3/mmseqs/splits/035/mmseqs_bestmatch_db.benchmark.txt
updated,1.0.3,parse_mmseqs_easy_taxonomy_SILVA,035,0.9,226.78,0.0,0.86,./microbial/210615_391_A1_S1.0.3/mmseqs/splits/035/nuc/parse_mmseqs_easy_taxonomy_SILVA.benchmark.txt
updated,1.0.3,mmseqs_easy_taxonomy_vs_SILVA,035,286.28,11137.12,883.61,2531.16,./microbial/210615_391_A1_S1.0.3/mmseqs/splits/035/nuc/mmseqs_easy_taxonomy_vs_SILVA.benchmark.txt
updated,1.0.3,mmseqs_bestmatch_db,323,0.9,171.57,0.0,0.64,./microbial/210615_391_A1_S1.0.3/mmseqs/splits/323/mmseqs_bestmatch_db.benchmark.txt
updated,1.0.3,parse_mmseqs_easy_taxonomy_SILVA,323,0.94,233.86,0.0,0.98,./microbial/210615_391_A1_S1.0.3/mmseqs/splits/323/nuc/parse_mmseqs_easy_taxonomy_SILVA.benchmark.txt
updated,1.0.3,mmseqs_easy_taxonomy_vs_SILVA,323,293.27,11155.57,861.41,2528.35,./microbial/210615_391_A1_S1.0.3/mmseqs/splits/323/nuc/mmseqs_easy_taxonomy_vs_SILVA.benchmark.txt
updated,1.0.3,mmseqs_bestmatch_db,320,0.67,39.77,0.0,0.09,./microbial/210615_391_A1_S1.0.3/mmseqs/splits/320/mmseqs_bestmatch_db.benchmark.txt
updated,1.0.3,parse_mmseqs_easy_taxonomy_SILVA,320,0.99,205.89,0.0,0.71,./microbial/210615_391_A1_S1.0.3/mmseqs/splits/320/nuc/parse_mmseqs_easy_taxonomy_SILVA.benchmark.txt
updated,1.0.3,mmseqs_easy_taxonomy_vs_SILVA,320,323.09,11129.73,875.6,2831.62,./microbial/210615_391_A1_S1.0.3/mmseqs/splits/320/nuc/mmseqs_easy_taxonomy_vs_SILVA.benchmark.txt
updated,1.0.3,mmseqs_bestmatch_db,057,0.82,180.83,0.0,0.46,./microbial/210615_391_A1_S1.0.3/mmseqs/splits/057/mmseqs_bestmatch_db.benchmark.txt
updated,1.0.3,parse_mmseqs_easy_taxonomy_SILVA,057,1.07,203.65,0.0,0.78,./microbial/210615_391_A1_S1.0.3/mmseqs/splits/057/nuc/parse_mmseqs_easy_taxonomy_SILVA.benchmark.txt
updated,1.0.3,mmseqs_easy_taxonomy_vs_SILVA,057,293.65,11176.78,851.34,2501.48,./microbial/210615_391_A1_S1.0.3/mmseqs/splits/057/nuc/mmseqs_easy_taxonomy_vs_SILVA.benchmark.txt
updated,1.0.3,mmseqs_bestmatch_db,029,0.86,179.84,0.0,0.81,./microbial/210615_391_A1_S1.0.3/mmseqs/splits/029/mmseqs_bestmatch_db.benchmark.txt
updated,1.0.3,parse_mmseqs_easy_taxonomy_SILVA,029,1.1,207.73,0.0,0.82,./microbial/210615_391_A1_S1.0.3/mmseqs/splits/029/nuc/parse_mmseqs_easy_taxonomy_SILVA.benchmark.txt
updated,1.0.3,mmseqs_easy_taxonomy_vs_SILVA,029,412.58,11151.06,888.16,3664.9,./microbial/210615_391_A1_S1.0.3/mmseqs/splits/029/nuc/mmseqs_easy_taxonomy_vs_SILVA.benchmark.txt
updated,1.0.3,mmseqs_bestmatch_db,202,0.86,173.22,0.0,0.58,./microbial/210615_391_A1_S1.0.3/mmseqs/splits/202/mmseqs_bestmatch_db.benchmark.txt
updated,1.0.3,parse_mmseqs_easy_taxonomy_SILVA,202,0.91,232.86,0.0,0.91,./microbial/210615_391_A1_S1.0.3/mmseqs/splits/202/nuc/parse_mmseqs_easy_taxonomy_SILVA.benchmark.txt
updated,1.0.3,mmseqs_easy_taxonomy_vs_SILVA,202,319.17,11152.62,875.38,2794.76,./microbial/210615_391_A1_S1.0.3/mmseqs/splits/202/nuc/mmseqs_easy_taxonomy_vs_SILVA.benchmark.txt
updated,1.0.3,mmseqs_bestmatch_db,358,0.9,180.96,0.0,0.5,./microbial/210615_391_A1_S1.0.3/mmseqs/splits/358/mmseqs_bestmatch_db.benchmark.txt
updated,1.0.3,parse_mmseqs_easy_taxonomy_SILVA,358,0.95,222.8,0.0,0.82,./microbial/210615_391_A1_S1.0.3/mmseqs/splits/358/nuc/parse_mmseqs_easy_taxonomy_SILVA.benchmark.txt
updated,1.0.3,mmseqs_easy_taxonomy_vs_SILVA,358,339.63,11143.6,923.84,3139.19,./microbial/210615_391_A1_S1.0.3/mmseqs/splits/358/nuc/mmseqs_easy_taxonomy_vs_SILVA.benchmark.txt
updated,1.0.3,mmseqs_bestmatch_db,119,0.83,178.91,0.0,0.56,./microbial/210615_391_A1_S1.0.3/mmseqs/splits/119/mmseqs_bestmatch_db.benchmark.txt
updated,1.0.3,parse_mmseqs_easy_taxonomy_SILVA,119,0.93,228.21,0.0,0.98,./microbial/210615_391_A1_S1.0.3/mmseqs/splits/119/nuc/parse_mmseqs_easy_taxonomy_SILVA.benchmark.txt
updated,1.0.3,mmseqs_easy_taxonomy_vs_SILVA,119,279.18,11147.27,853.96,2385.82,./microbial/210615_391_A1_S1.0.3/mmseqs/splits/119/nuc/mmseqs_easy_taxonomy_vs_SILVA.benchmark.txt
updated,1.0.3,mmseqs_bestmatch_db,044,0.9,94.04,0.0,0.24,./microbial/210615_391_A1_S1.0.3/mmseqs/splits/044/mmseqs_bestmatch_db.benchmark.txt
updated,1.0.3,parse_mmseqs_easy_taxonomy_SILVA,044,0.96,210.95,0.0,0.86,./microbial/210615_391_A1_S1.0.3/mmseqs/splits/044/nuc/parse_mmseqs_easy_taxonomy_SILVA.benchmark.txt
updated,1.0.3,mmseqs_easy_taxonomy_vs_SILVA,044,256.17,11191.99,866.86,2220.96,./microbial/210615_391_A1_S1.0.3/mmseqs/splits/044/nuc/mmseqs_easy_taxonomy_vs_SILVA.benchmark.txt
updated,1.0.3,mmseqs_bestmatch_db,301,0.91,174.43,0.0,0.48,./microbial/210615_391_A1_S1.0.3/mmseqs/splits/301/mmseqs_bestmatch_db.benchmark.txt
updated,1.0.3,parse_mmseqs_easy_taxonomy_SILVA,301,5.27,201.49,5.43,0.82,./microbial/210615_391_A1_S1.0.3/mmseqs/splits/301/nuc/parse_mmseqs_easy_taxonomy_SILVA.benchmark.txt
updated,1.0.3,mmseqs_easy_taxonomy_vs_SILVA,301,279.4,11195.62,894.45,2500.3,./microbial/210615_391_A1_S1.0.3/mmseqs/splits/301/nuc/mmseqs_easy_taxonomy_vs_SILVA.benchmark.txt
updated,1.0.3,mmseqs_bestmatch_db,232,1.17,155.16,0.0,0.53,./microbial/210615_391_A1_S1.0.3/mmseqs/splits/232/mmseqs_bestmatch_db.benchmark.txt
updated,1.0.3,parse_mmseqs_easy_taxonomy_SILVA,232,0.84,230.55,0.0,0.89,./microbial/210615_391_A1_S1.0.3/mmseqs/splits/232/nuc/parse_mmseqs_easy_taxonomy_SILVA.benchmark.txt
updated,1.0.3,mmseqs_easy_taxonomy_vs_SILVA,232,283.89,11176.54,883.9,2510.75,./microbial/210615_391_A1_S1.0.3/mmseqs/splits/232/nuc/mmseqs_easy_taxonomy_vs_SILVA.benchmark.txt
updated,1.0.3,mmseqs_bestmatch_db,135,0.91,171.72,0.0,0.66,./microbial/210615_391_A1_S1.0.3/mmseqs/splits/135/mmseqs_bestmatch_db.benchmark.txt
updated,1.0.3,parse_mmseqs_easy_taxonomy_SILVA,135,0.95,207.84,0.0,0.78,./microbial/210615_391_A1_S1.0.3/mmseqs/splits/135/nuc/parse_mmseqs_easy_taxonomy_SILVA.benchmark.txt
updated,1.0.3,mmseqs_easy_taxonomy_vs_SILVA,135,326.22,11127.83,865.31,2827.13,./microbial/210615_391_A1_S1.0.3/mmseqs/splits/135/nuc/mmseqs_easy_taxonomy_vs_SILVA.benchmark.txt
updated,1.0.3,mmseqs_bestmatch_db,315,0.82,180.05,0.0,0.57,./microbial/210615_391_A1_S1.0.3/mmseqs/splits/315/mmseqs_bestmatch_db.benchmark.txt
updated,1.0.3,parse_mmseqs_easy_taxonomy_SILVA,315,0.91,230.27,0.0,0.88,./microbial/210615_391_A1_S1.0.3/mmseqs/splits/315/nuc/parse_mmseqs_easy_taxonomy_SILVA.benchmark.txt
updated,1.0.3,mmseqs_easy_taxonomy_vs_SILVA,315,271.26,11192.59,932.68,2530.95,./microbial/210615_391_A1_S1.0.3/mmseqs/splits/315/nuc/mmseqs_easy_taxonomy_vs_SILVA.benchmark.txt
updated,1.0.3,mmseqs_bestmatch_db,266,0.62,46.06,0.0,0.11,./microbial/210615_391_A1_S1.0.3/mmseqs/splits/266/mmseqs_bestmatch_db.benchmark.txt
updated,1.0.3,parse_mmseqs_easy_taxonomy_SILVA,266,0.94,233.4,0.0,0.97,./microbial/210615_391_A1_S1.0.3/mmseqs/splits/266/nuc/parse_mmseqs_easy_taxonomy_SILVA.benchmark.txt
updated,1.0.3,mmseqs_easy_taxonomy_vs_SILVA,266,295.88,11167.22,820.16,2429.07,./microbial/210615_391_A1_S1.0.3/mmseqs/splits/266/nuc/mmseqs_easy_taxonomy_vs_SILVA.benchmark.txt
updated,1.0.3,mmseqs_bestmatch_db,155,0.78,180.41,0.0,0.54,./microbial/210615_391_A1_S1.0.3/mmseqs/splits/155/mmseqs_bestmatch_db.benchmark.txt
updated,1.0.3,parse_mmseqs_easy_taxonomy_SILVA,155,1.78,220.91,1.97,1.33,./microbial/210615_391_A1_S1.0.3/mmseqs/splits/155/nuc/parse_mmseqs_easy_taxonomy_SILVA.benchmark.txt
updated,1.0.3,mmseqs_easy_taxonomy_vs_SILVA,155,403.17,11139.2,922.89,3721.63,./microbial/210615_391_A1_S1.0.3/mmseqs/splits/155/nuc/mmseqs_easy_taxonomy_vs_SILVA.benchmark.txt
updated,1.0.3,mmseqs_bestmatch_db,184,0.85,181.96,0.0,0.56,./microbial/210615_391_A1_S1.0.3/mmseqs/splits/184/mmseqs_bestmatch_db.benchmark.txt
updated,1.0.3,parse_mmseqs_easy_taxonomy_SILVA,184,1.16,193.53,0.0,0.81,./microbial/210615_391_A1_S1.0.3/mmseqs/splits/184/nuc/parse_mmseqs_easy_taxonomy_SILVA.benchmark.txt
updated,1.0.3,mmseqs_easy_taxonomy_vs_SILVA,184,339.05,11173.09,935.77,3172.11,./microbial/210615_391_A1_S1.0.3/mmseqs/splits/184/nuc/mmseqs_easy_taxonomy_vs_SILVA.benchmark.txt
updated,1.0.3,mmseqs_bestmatch_db,159,0.85,192.2,0.0,0.51,./microbial/210615_391_A1_S1.0.3/mmseqs/splits/159/mmseqs_bestmatch_db.benchmark.txt
updated,1.0.3,parse_mmseqs_easy_taxonomy_SILVA,159,0.91,228.67,0.0,0.94,./microbial/210615_391_A1_S1.0.3/mmseqs/splits/159/nuc/parse_mmseqs_easy_taxonomy_SILVA.benchmark.txt
updated,1.0.3,mmseqs_easy_taxonomy_vs_SILVA,159,277.05,11161.94,891.72,2472.4,./microbial/210615_391_A1_S1.0.3/mmseqs/splits/159/nuc/mmseqs_easy_taxonomy_vs_SILVA.benchmark.txt
updated,1.0.3,mmseqs_bestmatch_db,086,0.8,181.45,0.0,0.54,./microbial/210615_391_A1_S1.0.3/mmseqs/splits/086/mmseqs_bestmatch_db.benchmark.txt
updated,1.0.3,parse_mmseqs_easy_taxonomy_SILVA,086,0.94,228.81,0.0,0.93,./microbial/210615_391_A1_S1.0.3/mmseqs/splits/086/nuc/parse_mmseqs_easy_taxonomy_SILVA.benchmark.txt
updated,1.0.3,mmseqs_easy_taxonomy_vs_SILVA,086,267.32,11188.38,830.96,2223.6,./microbial/210615_391_A1_S1.0.3/mmseqs/splits/086/nuc/mmseqs_easy_taxonomy_vs_SILVA.benchmark.txt
updated,1.0.3,mmseqs_bestmatch_db,101,0.8,178.95,0.0,0.64,./microbial/210615_391_A1_S1.0.3/mmseqs/splits/101/mmseqs_bestmatch_db.benchmark.txt
updated,1.0.3,parse_mmseqs_easy_taxonomy_SILVA,101,0.91,221.53,0.0,0.85,./microbial/210615_391_A1_S1.0.3/mmseqs/splits/101/nuc/parse_mmseqs_easy_taxonomy_SILVA.benchmark.txt
updated,1.0.3,mmseqs_easy_taxonomy_vs_SILVA,101,273.83,11161.86,914.13,2503.85,./microbial/210615_391_A1_S1.0.3/mmseqs/splits/101/nuc/mmseqs_easy_taxonomy_vs_SILVA.benchmark.txt
updated,1.0.3,mmseqs_bestmatch_db,319,1.06,115.97,0.0,0.32,./microbial/210615_391_A1_S1.0.3/mmseqs/splits/319/mmseqs_bestmatch_db.benchmark.txt
updated,1.0.3,parse_mmseqs_easy_taxonomy_SILVA,319,0.96,229.86,0.0,1.0,./microbial/210615_391_A1_S1.0.3/mmseqs/splits/319/nuc/parse_mmseqs_easy_taxonomy_SILVA.benchmark.txt
updated,1.0.3,mmseqs_easy_taxonomy_vs_SILVA,319,291.88,11176.08,862.54,2518.43,./microbial/210615_391_A1_S1.0.3/mmseqs/splits/319/nuc/mmseqs_easy_taxonomy_vs_SILVA.benchmark.txt
updated,1.0.3,mmseqs_bestmatch_db,211,0.89,168.52,0.0,0.49,./microbial/210615_391_A1_S1.0.3/mmseqs/splits/211/mmseqs_bestmatch_db.benchmark.txt
updated,1.0.3,parse_mmseqs_easy_taxonomy_SILVA,211,1.28,180.6,0.0,0.54,./microbial/210615_391_A1_S1.0.3/mmseqs/splits/211/nuc/parse_mmseqs_easy_taxonomy_SILVA.benchmark.txt
updated,1.0.3,mmseqs_easy_taxonomy_vs_SILVA,211,329.87,11134.72,860.17,2846.05,./microbial/210615_391_A1_S1.0.3/mmseqs/splits/211/nuc/mmseqs_easy_taxonomy_vs_SILVA.benchmark.txt
updated,1.0.3,mmseqs_bestmatch_db,257,0.97,177.38,0.0,0.6,./microbial/210615_391_A1_S1.0.3/mmseqs/splits/257/mmseqs_bestmatch_db.benchmark.txt
updated,1.0.3,parse_mmseqs_easy_taxonomy_SILVA,257,0.92,232.45,0.0,1.0,./microbial/210615_391_A1_S1.0.3/mmseqs/splits/257/nuc/parse_mmseqs_easy_taxonomy_SILVA.benchmark.txt
updated,1.0.3,mmseqs_easy_taxonomy_vs_SILVA,257,330.54,11175.37,827.94,2758.73,./microbial/210615_391_A1_S1.0.3/mmseqs/splits/257/nuc/mmseqs_easy_taxonomy_vs_SILVA.benchmark.txt
updated,1.0.3,mmseqs_bestmatch_db,217,0.8,179.14,0.0,0.64,./microbial/210615_391_A1_S1.0.3/mmseqs/splits/217/mmseqs_bestmatch_db.benchmark.txt
updated,1.0.3,parse_mmseqs_easy_taxonomy_SILVA,217,1.14,217.05,0.0,1.07,./microbial/210615_391_A1_S1.0.3/mmseqs/splits/217/nuc/parse_mmseqs_easy_taxonomy_SILVA.benchmark.txt
updated,1.0.3,mmseqs_easy_taxonomy_vs_SILVA,217,269.95,11186.87,917.51,2477.8,./microbial/210615_391_A1_S1.0.3/mmseqs/splits/217/nuc/mmseqs_easy_taxonomy_vs_SILVA.benchmark.txt
updated,1.0.3,mmseqs_bestmatch_db,274,0.62,37.75,0.0,0.08,./microbial/210615_391_A1_S1.0.3/mmseqs/splits/274/mmseqs_bestmatch_db.benchmark.txt
updated,1.0.3,parse_mmseqs_easy_taxonomy_SILVA,274,2.55,197.13,7.01,0.79,./microbial/210615_391_A1_S1.0.3/mmseqs/splits/274/nuc/parse_mmseqs_easy_taxonomy_SILVA.benchmark.txt
updated,1.0.3,mmseqs_easy_taxonomy_vs_SILVA,274,268.33,11166.46,815.92,2192.69,./microbial/210615_391_A1_S1.0.3/mmseqs/splits/274/nuc/mmseqs_easy_taxonomy_vs_SILVA.benchmark.txt
updated,1.0.3,mmseqs_bestmatch_db,225,0.87,190.61,0.0,0.5,./microbial/210615_391_A1_S1.0.3/mmseqs/splits/225/mmseqs_bestmatch_db.benchmark.txt
updated,1.0.3,parse_mmseqs_easy_taxonomy_SILVA,225,0.99,206.28,0.0,0.73,./microbial/210615_391_A1_S1.0.3/mmseqs/splits/225/nuc/parse_mmseqs_easy_taxonomy_SILVA.benchmark.txt
updated,1.0.3,mmseqs_easy_taxonomy_vs_SILVA,225,284.62,11181.66,880.4,2506.93,./microbial/210615_391_A1_S1.0.3/mmseqs/splits/225/nuc/mmseqs_easy_taxonomy_vs_SILVA.benchmark.txt
updated,1.0.3,mmseqs_bestmatch_db,019,0.75,181.67,0.0,0.65,./microbial/210615_391_A1_S1.0.3/mmseqs/splits/019/mmseqs_bestmatch_db.benchmark.txt
updated,1.0.3,parse_mmseqs_easy_taxonomy_SILVA,019,1.42,158.14,0.0,0.54,./microbial/210615_391_A1_S1.0.3/mmseqs/splits/019/nuc/parse_mmseqs_easy_taxonomy_SILVA.benchmark.txt
updated,1.0.3,mmseqs_easy_taxonomy_vs_SILVA,019,282.87,11165.76,888.9,2515.73,./microbial/210615_391_A1_S1.0.3/mmseqs/splits/019/nuc/mmseqs_easy_taxonomy_vs_SILVA.benchmark.txt
updated,1.0.3,mmseqs_bestmatch_db,123,1.56,160.09,17.59,0.48,./microbial/210615_391_A1_S1.0.3/mmseqs/splits/123/mmseqs_bestmatch_db.benchmark.txt
updated,1.0.3,parse_mmseqs_easy_taxonomy_SILVA,123,0.92,231.61,0.0,0.91,./microbial/210615_391_A1_S1.0.3/mmseqs/splits/123/nuc/parse_mmseqs_easy_taxonomy_SILVA.benchmark.txt
updated,1.0.3,mmseqs_easy_taxonomy_vs_SILVA,123,307.56,11180.5,905.67,2787.54,./microbial/210615_391_A1_S1.0.3/mmseqs/splits/123/nuc/mmseqs_easy_taxonomy_vs_SILVA.benchmark.txt
updated,1.0.3,mmseqs_bestmatch_db,052,0.73,188.13,0.0,0.58,./microbial/210615_391_A1_S1.0.3/mmseqs/splits/052/mmseqs_bestmatch_db.benchmark.txt
updated,1.0.3,parse_mmseqs_easy_taxonomy_SILVA,052,0.97,212.07,0.0,0.83,./microbial/210615_391_A1_S1.0.3/mmseqs/splits/052/nuc/parse_mmseqs_easy_taxonomy_SILVA.benchmark.txt
updated,1.0.3,mmseqs_easy_taxonomy_vs_SILVA,052,296.93,11174.0,846.04,2514.2,./microbial/210615_391_A1_S1.0.3/mmseqs/splits/052/nuc/mmseqs_easy_taxonomy_vs_SILVA.benchmark.txt
updated,1.0.3,mmseqs_bestmatch_db,203,0.97,170.73,0.0,0.57,./microbial/210615_391_A1_S1.0.3/mmseqs/splits/203/mmseqs_bestmatch_db.benchmark.txt
updated,1.0.3,parse_mmseqs_easy_taxonomy_SILVA,203,1.35,153.98,0.0,0.43,./microbial/210615_391_A1_S1.0.3/mmseqs/splits/203/nuc/parse_mmseqs_easy_taxonomy_SILVA.benchmark.txt
updated,1.0.3,mmseqs_easy_taxonomy_vs_SILVA,203,271.69,11177.13,930.7,2529.86,./microbial/210615_391_A1_S1.0.3/mmseqs/splits/203/nuc/mmseqs_easy_taxonomy_vs_SILVA.benchmark.txt
updated,1.0.3,mmseqs_bestmatch_db,325,0.9,171.93,0.0,0.55,./microbial/210615_391_A1_S1.0.3/mmseqs/splits/325/mmseqs_bestmatch_db.benchmark.txt
updated,1.0.3,parse_mmseqs_easy_taxonomy_SILVA,325,0.85,173.35,0.0,0.66,./microbial/210615_391_A1_S1.0.3/mmseqs/splits/325/nuc/parse_mmseqs_easy_taxonomy_SILVA.benchmark.txt
updated,1.0.3,mmseqs_easy_taxonomy_vs_SILVA,325,275.94,11159.65,911.14,2515.72,./microbial/210615_391_A1_S1.0.3/mmseqs/splits/325/nuc/mmseqs_easy_taxonomy_vs_SILVA.benchmark.txt
updated,1.0.3,mmseqs_bestmatch_db,106,0.81,178.66,0.0,0.88,./microbial/210615_391_A1_S1.0.3/mmseqs/splits/106/mmseqs_bestmatch_db.benchmark.txt
updated,1.0.3,parse_mmseqs_easy_taxonomy_SILVA,106,0.86,238.54,0.0,0.97,./microbial/210615_391_A1_S1.0.3/mmseqs/splits/106/nuc/parse_mmseqs_easy_taxonomy_SILVA.benchmark.txt
updated,1.0.3,mmseqs_easy_taxonomy_vs_SILVA,106,275.96,11155.83,909.52,2511.72,./microbial/210615_391_A1_S1.0.3/mmseqs/splits/106/nuc/mmseqs_easy_taxonomy_vs_SILVA.benchmark.txt
updated,1.0.3,mmseqs_bestmatch_db,200,0.76,176.41,0.0,0.55,./microbial/210615_391_A1_S1.0.3/mmseqs/splits/200/mmseqs_bestmatch_db.benchmark.txt
updated,1.0.3,parse_mmseqs_easy_taxonomy_SILVA,200,0.93,215.36,0.0,0.81,./microbial/210615_391_A1_S1.0.3/mmseqs/splits/200/nuc/parse_mmseqs_easy_taxonomy_SILVA.benchmark.txt
updated,1.0.3,mmseqs_easy_taxonomy_vs_SILVA,200,273.97,11192.18,909.3,2492.36,./microbial/210615_391_A1_S1.0.3/mmseqs/splits/200/nuc/mmseqs_easy_taxonomy_vs_SILVA.benchmark.txt
updated,1.0.3,mmseqs_bestmatch_db,030,0.63,36.62,0.0,0.08,./microbial/210615_391_A1_S1.0.3/mmseqs/splits/030/mmseqs_bestmatch_db.benchmark.txt
updated,1.0.3,parse_mmseqs_easy_taxonomy_SILVA,030,0.95,213.14,0.0,0.88,./microbial/210615_391_A1_S1.0.3/mmseqs/splits/030/nuc/parse_mmseqs_easy_taxonomy_SILVA.benchmark.txt
updated,1.0.3,mmseqs_easy_taxonomy_vs_SILVA,030,286.57,11181.42,873.89,2505.42,./microbial/210615_391_A1_S1.0.3/mmseqs/splits/030/nuc/mmseqs_easy_taxonomy_vs_SILVA.benchmark.txt
updated,1.0.3,mmseqs_bestmatch_db,107,0.64,39.98,0.0,0.09,./microbial/210615_391_A1_S1.0.3/mmseqs/splits/107/mmseqs_bestmatch_db.benchmark.txt
updated,1.0.3,parse_mmseqs_easy_taxonomy_SILVA,107,0.92,231.76,0.0,0.96,./microbial/210615_391_A1_S1.0.3/mmseqs/splits/107/nuc/parse_mmseqs_easy_taxonomy_SILVA.benchmark.txt
updated,1.0.3,mmseqs_easy_taxonomy_vs_SILVA,107,305.0,11166.32,918.6,2802.36,./microbial/210615_391_A1_S1.0.3/mmseqs/splits/107/nuc/mmseqs_easy_taxonomy_vs_SILVA.benchmark.txt
updated,1.0.3,mmseqs_bestmatch_db,339,0.68,37.88,0.0,0.09,./microbial/210615_391_A1_S1.0.3/mmseqs/splits/339/mmseqs_bestmatch_db.benchmark.txt
updated,1.0.3,parse_mmseqs_easy_taxonomy_SILVA,339,0.89,40.35,0.0,0.1,./microbial/210615_391_A1_S1.0.3/mmseqs/splits/339/nuc/parse_mmseqs_easy_taxonomy_SILVA.benchmark.txt
updated,1.0.3,mmseqs_easy_taxonomy_vs_SILVA,339,286.14,11145.8,878.99,2516.52,./microbial/210615_391_A1_S1.0.3/mmseqs/splits/339/nuc/mmseqs_easy_taxonomy_vs_SILVA.benchmark.txt
updated,1.0.3,mmseqs_bestmatch_db,091,0.74,184.96,0.0,0.58,./microbial/210615_391_A1_S1.0.3/mmseqs/splits/091/mmseqs_bestmatch_db.benchmark.txt
updated,1.0.3,parse_mmseqs_easy_taxonomy_SILVA,091,1.23,188.77,0.0,0.84,./microbial/210615_391_A1_S1.0.3/mmseqs/splits/091/nuc/parse_mmseqs_easy_taxonomy_SILVA.benchmark.txt
updated,1.0.3,mmseqs_easy_taxonomy_vs_SILVA,091,343.73,11169.07,904.39,3108.89,./microbial/210615_391_A1_S1.0.3/mmseqs/splits/091/nuc/mmseqs_easy_taxonomy_vs_SILVA.benchmark.txt
updated,1.0.3,mmseqs_bestmatch_db,275,0.87,119.85,0.0,0.36,./microbial/210615_391_A1_S1.0.3/mmseqs/splits/275/mmseqs_bestmatch_db.benchmark.txt
updated,1.0.3,parse_mmseqs_easy_taxonomy_SILVA,275,3.57,196.35,10.45,1.12,./microbial/210615_391_A1_S1.0.3/mmseqs/splits/275/nuc/parse_mmseqs_easy_taxonomy_SILVA.benchmark.txt
updated,1.0.3,mmseqs_easy_taxonomy_vs_SILVA,275,280.6,11195.31,883.96,2481.52,./microbial/210615_391_A1_S1.0.3/mmseqs/splits/275/nuc/mmseqs_easy_taxonomy_vs_SILVA.benchmark.txt
updated,1.0.3,mmseqs_bestmatch_db,080,0.76,184.52,0.0,0.61,./microbial/210615_391_A1_S1.0.3/mmseqs/splits/080/mmseqs_bestmatch_db.benchmark.txt
updated,1.0.3,parse_mmseqs_easy_taxonomy_SILVA,080,0.98,210.03,0.0,0.79,./microbial/210615_391_A1_S1.0.3/mmseqs/splits/080/nuc/parse_mmseqs_easy_taxonomy_SILVA.benchmark.txt
updated,1.0.3,mmseqs_easy_taxonomy_vs_SILVA,080,269.05,11189.46,933.82,2513.44,./microbial/210615_391_A1_S1.0.3/mmseqs/splits/080/nuc/mmseqs_easy_taxonomy_vs_SILVA.benchmark.txt
updated,1.0.3,mmseqs_bestmatch_db,192,1.85,75.26,11.78,0.3,./microbial/210615_391_A1_S1.0.3/mmseqs/splits/192/mmseqs_bestmatch_db.benchmark.txt
updated,1.0.3,parse_mmseqs_easy_taxonomy_SILVA,192,1.07,194.89,0.0,0.67,./microbial/210615_391_A1_S1.0.3/mmseqs/splits/192/nuc/parse_mmseqs_easy_taxonomy_SILVA.benchmark.txt
updated,1.0.3,mmseqs_easy_taxonomy_vs_SILVA,192,315.18,11157.63,884.92,2790.66,./microbial/210615_391_A1_S1.0.3/mmseqs/splits/192/nuc/mmseqs_easy_taxonomy_vs_SILVA.benchmark.txt
updated,1.0.3,mmseqs_bestmatch_db,280,0.66,38.29,0.0,0.09,./microbial/210615_391_A1_S1.0.3/mmseqs/splits/280/mmseqs_bestmatch_db.benchmark.txt
updated,1.0.3,parse_mmseqs_easy_taxonomy_SILVA,280,1.14,192.56,0.0,0.79,./microbial/210615_391_A1_S1.0.3/mmseqs/splits/280/nuc/parse_mmseqs_easy_taxonomy_SILVA.benchmark.txt
updated,1.0.3,mmseqs_easy_taxonomy_vs_SILVA,280,313.1,11125.11,905.83,2837.83,./microbial/210615_391_A1_S1.0.3/mmseqs/splits/280/nuc/mmseqs_easy_taxonomy_vs_SILVA.benchmark.txt
updated,1.0.3,mmseqs_bestmatch_db,001,0.81,227.86,0.0,0.64,./microbial/210615_391_A1_S1.0.3/mmseqs/splits/001/mmseqs_bestmatch_db.benchmark.txt
updated,1.0.3,parse_mmseqs_easy_taxonomy_SILVA,001,2.69,210.19,10.37,0.97,./microbial/210615_391_A1_S1.0.3/mmseqs/splits/001/nuc/parse_mmseqs_easy_taxonomy_SILVA.benchmark.txt
updated,1.0.3,mmseqs_easy_taxonomy_vs_SILVA,001,361.44,11154.79,873.49,3187.22,./microbial/210615_391_A1_S1.0.3/mmseqs/splits/001/nuc/mmseqs_easy_taxonomy_vs_SILVA.benchmark.txt
updated,1.0.3,mmseqs_bestmatch_db,264,1.02,139.92,0.0,0.53,./microbial/210615_391_A1_S1.0.3/mmseqs/splits/264/mmseqs_bestmatch_db.benchmark.txt
updated,1.0.3,parse_mmseqs_easy_taxonomy_SILVA,264,0.86,237.85,0.0,0.87,./microbial/210615_391_A1_S1.0.3/mmseqs/splits/264/nuc/parse_mmseqs_easy_taxonomy_SILVA.benchmark.txt
updated,1.0.3,mmseqs_easy_taxonomy_vs_SILVA,264,342.58,11175.55,908.91,3116.29,./microbial/210615_391_A1_S1.0.3/mmseqs/splits/264/nuc/mmseqs_easy_taxonomy_vs_SILVA.benchmark.txt
updated,1.0.3,mmseqs_bestmatch_db,253,0.71,37.86,0.0,0.09,./microbial/210615_391_A1_S1.0.3/mmseqs/splits/253/mmseqs_bestmatch_db.benchmark.txt
updated,1.0.3,parse_mmseqs_easy_taxonomy_SILVA,253,0.89,232.71,0.0,0.99,./microbial/210615_391_A1_S1.0.3/mmseqs/splits/253/nuc/parse_mmseqs_easy_taxonomy_SILVA.benchmark.txt
updated,1.0.3,mmseqs_easy_taxonomy_vs_SILVA,253,276.54,11180.61,903.26,2500.29,./microbial/210615_391_A1_S1.0.3/mmseqs/splits/253/nuc/mmseqs_easy_taxonomy_vs_SILVA.benchmark.txt
updated,1.0.3,mmseqs_bestmatch_db,221,0.73,176.96,0.0,0.56,./microbial/210615_391_A1_S1.0.3/mmseqs/splits/221/mmseqs_bestmatch_db.benchmark.txt
updated,1.0.3,parse_mmseqs_easy_taxonomy_SILVA,221,1.11,222.3,0.0,1.12,./microbial/210615_391_A1_S1.0.3/mmseqs/splits/221/nuc/parse_mmseqs_easy_taxonomy_SILVA.benchmark.txt
updated,1.0.3,mmseqs_easy_taxonomy_vs_SILVA,221,271.39,11182.89,925.35,2511.93,./microbial/210615_391_A1_S1.0.3/mmseqs/splits/221/nuc/mmseqs_easy_taxonomy_vs_SILVA.benchmark.txt
updated,1.0.3,mmseqs_bestmatch_db,220,0.68,38.24,0.0,0.1,./microbial/210615_391_A1_S1.0.3/mmseqs/splits/220/mmseqs_bestmatch_db.benchmark.txt
updated,1.0.3,parse_mmseqs_easy_taxonomy_SILVA,220,1.06,197.37,0.0,0.6,./microbial/210615_391_A1_S1.0.3/mmseqs/splits/220/nuc/parse_mmseqs_easy_taxonomy_SILVA.benchmark.txt
updated,1.0.3,mmseqs_easy_taxonomy_vs_SILVA,220,308.66,11166.22,908.35,2804.89,./microbial/210615_391_A1_S1.0.3/mmseqs/splits/220/nuc/mmseqs_easy_taxonomy_vs_SILVA.benchmark.txt
updated,1.0.3,mmseqs_bestmatch_db,197,0.72,42.16,0.0,0.11,./microbial/210615_391_A1_S1.0.3/mmseqs/splits/197/mmseqs_bestmatch_db.benchmark.txt
updated,1.0.3,parse_mmseqs_easy_taxonomy_SILVA,197,0.85,231.33,0.0,0.83,./microbial/210615_391_A1_S1.0.3/mmseqs/splits/197/nuc/parse_mmseqs_easy_taxonomy_SILVA.benchmark.txt
updated,1.0.3,mmseqs_easy_taxonomy_vs_SILVA,197,289.6,11124.79,861.68,2498.13,./microbial/210615_391_A1_S1.0.3/mmseqs/splits/197/nuc/mmseqs_easy_taxonomy_vs_SILVA.benchmark.txt
updated,1.0.3,mmseqs_bestmatch_db,164,2.07,171.03,17.95,0.53,./microbial/210615_391_A1_S1.0.3/mmseqs/splits/164/mmseqs_bestmatch_db.benchmark.txt
updated,1.0.3,parse_mmseqs_easy_taxonomy_SILVA,164,0.91,222.64,0.0,0.9,./microbial/210615_391_A1_S1.0.3/mmseqs/splits/164/nuc/parse_mmseqs_easy_taxonomy_SILVA.benchmark.txt
updated,1.0.3,mmseqs_easy_taxonomy_vs_SILVA,164,282.96,11165.52,875.82,2479.97,./microbial/210615_391_A1_S1.0.3/mmseqs/splits/164/nuc/mmseqs_easy_taxonomy_vs_SILVA.benchmark.txt
updated,1.0.3,mmseqs_bestmatch_db,095,0.72,37.67,0.0,0.09,./microbial/210615_391_A1_S1.0.3/mmseqs/splits/095/mmseqs_bestmatch_db.benchmark.txt
updated,1.0.3,parse_mmseqs_easy_taxonomy_SILVA,095,0.9,222.56,0.0,0.82,./microbial/210615_391_A1_S1.0.3/mmseqs/splits/095/nuc/parse_mmseqs_easy_taxonomy_SILVA.benchmark.txt
updated,1.0.3,mmseqs_easy_taxonomy_vs_SILVA,095,283.44,11181.3,887.49,2516.89,./microbial/210615_391_A1_S1.0.3/mmseqs/splits/095/nuc/mmseqs_easy_taxonomy_vs_SILVA.benchmark.txt
updated,1.0.3,mmseqs_bestmatch_db,231,0.82,166.19,0.0,0.81,./microbial/210615_391_A1_S1.0.3/mmseqs/splits/231/mmseqs_bestmatch_db.benchmark.txt
updated,1.0.3,parse_mmseqs_easy_taxonomy_SILVA,231,2.42,133.15,6.47,0.7,./microbial/210615_391_A1_S1.0.3/mmseqs/splits/231/nuc/parse_mmseqs_easy_taxonomy_SILVA.benchmark.txt
updated,1.0.3,mmseqs_easy_taxonomy_vs_SILVA,231,270.91,11141.98,932.47,2527.37,./microbial/210615_391_A1_S1.0.3/mmseqs/splits/231/nuc/mmseqs_easy_taxonomy_vs_SILVA.benchmark.txt
updated,1.0.3,mmseqs_bestmatch_db,056,0.85,166.14,0.0,0.43,./microbial/210615_391_A1_S1.0.3/mmseqs/splits/056/mmseqs_bestmatch_db.benchmark.txt
updated,1.0.3,parse_mmseqs_easy_taxonomy_SILVA,056,1.02,200.04,0.0,0.7,./microbial/210615_391_A1_S1.0.3/mmseqs/splits/056/nuc/parse_mmseqs_easy_taxonomy_SILVA.benchmark.txt
updated,1.0.3,mmseqs_easy_taxonomy_vs_SILVA,056,310.99,11179.54,899.15,2797.33,./microbial/210615_391_A1_S1.0.3/mmseqs/splits/056/nuc/mmseqs_easy_taxonomy_vs_SILVA.benchmark.txt
updated,1.0.3,mmseqs_bestmatch_db,146,0.64,42.36,0.0,0.09,./microbial/210615_391_A1_S1.0.3/mmseqs/splits/146/mmseqs_bestmatch_db.benchmark.txt
updated,1.0.3,parse_mmseqs_easy_taxonomy_SILVA,146,0.95,216.0,0.0,0.8,./microbial/210615_391_A1_S1.0.3/mmseqs/splits/146/nuc/parse_mmseqs_easy_taxonomy_SILVA.benchmark.txt
updated,1.0.3,mmseqs_easy_taxonomy_vs_SILVA,146,300.17,11162.56,940.3,2823.33,./microbial/210615_391_A1_S1.0.3/mmseqs/splits/146/nuc/mmseqs_easy_taxonomy_vs_SILVA.benchmark.txt
updated,1.0.3,mmseqs_bestmatch_db,347,0.75,171.93,0.0,0.57,./microbial/210615_391_A1_S1.0.3/mmseqs/splits/347/mmseqs_bestmatch_db.benchmark.txt
updated,1.0.3,parse_mmseqs_easy_taxonomy_SILVA,347,0.95,210.32,0.0,0.81,./microbial/210615_391_A1_S1.0.3/mmseqs/splits/347/nuc/parse_mmseqs_easy_taxonomy_SILVA.benchmark.txt
updated,1.0.3,mmseqs_easy_taxonomy_vs_SILVA,347,249.73,11186.87,887.31,2216.83,./microbial/210615_391_A1_S1.0.3/mmseqs/splits/347/nuc/mmseqs_easy_taxonomy_vs_SILVA.benchmark.txt
updated,1.0.3,mmseqs_bestmatch_db,131,2.75,200.06,22.84,0.95,./microbial/210615_391_A1_S1.0.3/mmseqs/splits/131/mmseqs_bestmatch_db.benchmark.txt
updated,1.0.3,parse_mmseqs_easy_taxonomy_SILVA,131,1.17,185.42,0.0,0.7,./microbial/210615_391_A1_S1.0.3/mmseqs/splits/131/nuc/parse_mmseqs_easy_taxonomy_SILVA.benchmark.txt
updated,1.0.3,mmseqs_easy_taxonomy_vs_SILVA,131,279.77,11138.62,905.18,2533.58,./microbial/210615_391_A1_S1.0.3/mmseqs/splits/131/nuc/mmseqs_easy_taxonomy_vs_SILVA.benchmark.txt
updated,1.0.3,mmseqs_bestmatch_db,185,0.79,179.27,0.0,0.47,./microbial/210615_391_A1_S1.0.3/mmseqs/splits/185/mmseqs_bestmatch_db.benchmark.txt
updated,1.0.3,parse_mmseqs_easy_taxonomy_SILVA,185,0.97,225.08,0.0,0.92,./microbial/210615_391_A1_S1.0.3/mmseqs/splits/185/nuc/parse_mmseqs_easy_taxonomy_SILVA.benchmark.txt
updated,1.0.3,mmseqs_easy_taxonomy_vs_SILVA,185,339.04,11126.76,839.81,2855.66,./microbial/210615_391_A1_S1.0.3/mmseqs/splits/185/nuc/mmseqs_easy_taxonomy_vs_SILVA.benchmark.txt
updated,1.0.3,mmseqs_bestmatch_db,068,0.68,38.05,0.0,0.09,./microbial/210615_391_A1_S1.0.3/mmseqs/splits/068/mmseqs_bestmatch_db.benchmark.txt
updated,1.0.3,parse_mmseqs_easy_taxonomy_SILVA,068,1.09,197.17,0.0,0.83,./microbial/210615_391_A1_S1.0.3/mmseqs/splits/068/nuc/parse_mmseqs_easy_taxonomy_SILVA.benchmark.txt
updated,1.0.3,mmseqs_easy_taxonomy_vs_SILVA,068,301.9,11186.32,928.62,2804.83,./microbial/210615_391_A1_S1.0.3/mmseqs/splits/068/nuc/mmseqs_easy_taxonomy_vs_SILVA.benchmark.txt
updated,1.0.3,mmseqs_bestmatch_db,224,0.75,181.33,0.0,0.57,./microbial/210615_391_A1_S1.0.3/mmseqs/splits/224/mmseqs_bestmatch_db.benchmark.txt
updated,1.0.3,parse_mmseqs_easy_taxonomy_SILVA,224,0.92,224.07,0.0,0.81,./microbial/210615_391_A1_S1.0.3/mmseqs/splits/224/nuc/parse_mmseqs_easy_taxonomy_SILVA.benchmark.txt
updated,1.0.3,mmseqs_easy_taxonomy_vs_SILVA,224,295.72,11143.19,819.64,2425.22,./microbial/210615_391_A1_S1.0.3/mmseqs/splits/224/nuc/mmseqs_easy_taxonomy_vs_SILVA.benchmark.txt
updated,1.0.3,mmseqs_bestmatch_db,139,0.71,38.17,0.0,0.09,./microbial/210615_391_A1_S1.0.3/mmseqs/splits/139/mmseqs_bestmatch_db.benchmark.txt
updated,1.0.3,parse_mmseqs_easy_taxonomy_SILVA,139,0.82,135.23,0.0,0.37,./microbial/210615_391_A1_S1.0.3/mmseqs/splits/139/nuc/parse_mmseqs_easy_taxonomy_SILVA.benchmark.txt
updated,1.0.3,mmseqs_easy_taxonomy_vs_SILVA,139,324.0,11120.65,871.41,2825.0,./microbial/210615_391_A1_S1.0.3/mmseqs/splits/139/nuc/mmseqs_easy_taxonomy_vs_SILVA.benchmark.txt
updated,1.0.3,mmseqs_bestmatch_db,160,0.86,177.45,0.0,0.53,./microbial/210615_391_A1_S1.0.3/mmseqs/splits/160/mmseqs_bestmatch_db.benchmark.txt
updated,1.0.3,parse_mmseqs_easy_taxonomy_SILVA,160,0.99,197.07,0.0,0.67,./microbial/210615_391_A1_S1.0.3/mmseqs/splits/160/nuc/parse_mmseqs_easy_taxonomy_SILVA.benchmark.txt
updated,1.0.3,mmseqs_easy_taxonomy_vs_SILVA,160,274.51,11143.44,907.92,2494.2,./microbial/210615_391_A1_S1.0.3/mmseqs/splits/160/nuc/mmseqs_easy_taxonomy_vs_SILVA.benchmark.txt
updated,1.0.3,mmseqs_bestmatch_db,054,0.89,144.41,0.0,0.67,./microbial/210615_391_A1_S1.0.3/mmseqs/splits/054/mmseqs_bestmatch_db.benchmark.txt
updated,1.0.3,parse_mmseqs_easy_taxonomy_SILVA,054,1.29,187.59,0.0,0.86,./microbial/210615_391_A1_S1.0.3/mmseqs/splits/054/nuc/parse_mmseqs_easy_taxonomy_SILVA.benchmark.txt
updated,1.0.3,mmseqs_easy_taxonomy_vs_SILVA,054,272.59,11229.63,923.99,2520.38,./microbial/210615_391_A1_S1.0.3/mmseqs/splits/054/nuc/mmseqs_easy_taxonomy_vs_SILVA.benchmark.txt
updated,1.0.3,mmseqs_bestmatch_db,143,1.32,65.18,0.0,0.3,./microbial/210615_391_A1_S1.0.3/mmseqs/splits/143/mmseqs_bestmatch_db.benchmark.txt
updated,1.0.3,parse_mmseqs_easy_taxonomy_SILVA,143,1.08,156.79,0.0,0.38,./microbial/210615_391_A1_S1.0.3/mmseqs/splits/143/nuc/parse_mmseqs_easy_taxonomy_SILVA.benchmark.txt
updated,1.0.3,mmseqs_easy_taxonomy_vs_SILVA,143,303.39,11171.0,814.8,2479.51,./microbial/210615_391_A1_S1.0.3/mmseqs/splits/143/nuc/mmseqs_easy_taxonomy_vs_SILVA.benchmark.txt
updated,1.0.3,mmseqs_bestmatch_db,150,0.76,179.08,0.0,0.57,./microbial/210615_391_A1_S1.0.3/mmseqs/splits/150/mmseqs_bestmatch_db.benchmark.txt
updated,1.0.3,parse_mmseqs_easy_taxonomy_SILVA,150,0.97,214.64,0.0,0.84,./microbial/210615_391_A1_S1.0.3/mmseqs/splits/150/nuc/parse_mmseqs_easy_taxonomy_SILVA.benchmark.txt
updated,1.0.3,mmseqs_easy_taxonomy_vs_SILVA,150,320.63,11175.28,875.26,2808.66,./microbial/210615_391_A1_S1.0.3/mmseqs/splits/150/nuc/mmseqs_easy_taxonomy_vs_SILVA.benchmark.txt
updated,1.0.3,mmseqs_bestmatch_db,102,0.88,115.3,0.0,0.33,./microbial/210615_391_A1_S1.0.3/mmseqs/splits/102/mmseqs_bestmatch_db.benchmark.txt
updated,1.0.3,parse_mmseqs_easy_taxonomy_SILVA,102,1.0,194.43,0.0,0.7,./microbial/210615_391_A1_S1.0.3/mmseqs/splits/102/nuc/parse_mmseqs_easy_taxonomy_SILVA.benchmark.txt
updated,1.0.3,mmseqs_easy_taxonomy_vs_SILVA,102,316.5,11184.42,891.58,2822.86,./microbial/210615_391_A1_S1.0.3/mmseqs/splits/102/nuc/mmseqs_easy_taxonomy_vs_SILVA.benchmark.txt
updated,1.0.3,mmseqs_bestmatch_db,039,0.98,125.62,0.0,0.47,./microbial/210615_391_A1_S1.0.3/mmseqs/splits/039/mmseqs_bestmatch_db.benchmark.txt
updated,1.0.3,parse_mmseqs_easy_taxonomy_SILVA,039,0.86,225.95,0.0,0.92,./microbial/210615_391_A1_S1.0.3/mmseqs/splits/039/nuc/parse_mmseqs_easy_taxonomy_SILVA.benchmark.txt
updated,1.0.3,mmseqs_easy_taxonomy_vs_SILVA,039,383.64,11138.04,894.95,3435.54,./microbial/210615_391_A1_S1.0.3/mmseqs/splits/039/nuc/mmseqs_easy_taxonomy_vs_SILVA.benchmark.txt
updated,1.0.3,mmseqs_bestmatch_db,021,0.86,186.44,0.0,0.46,./microbial/210615_391_A1_S1.0.3/mmseqs/splits/021/mmseqs_bestmatch_db.benchmark.txt
updated,1.0.3,parse_mmseqs_easy_taxonomy_SILVA,021,0.93,234.75,0.0,0.91,./microbial/210615_391_A1_S1.0.3/mmseqs/splits/021/nuc/parse_mmseqs_easy_taxonomy_SILVA.benchmark.txt
updated,1.0.3,mmseqs_easy_taxonomy_vs_SILVA,021,288.33,11176.55,875.05,2524.34,./microbial/210615_391_A1_S1.0.3/mmseqs/splits/021/nuc/mmseqs_easy_taxonomy_vs_SILVA.benchmark.txt
updated,1.0.3,mmseqs_bestmatch_db,024,0.73,185.26,0.0,0.71,./microbial/210615_391_A1_S1.0.3/mmseqs/splits/024/mmseqs_bestmatch_db.benchmark.txt
updated,1.0.3,parse_mmseqs_easy_taxonomy_SILVA,024,0.83,224.36,0.0,0.87,./microbial/210615_391_A1_S1.0.3/mmseqs/splits/024/nuc/parse_mmseqs_easy_taxonomy_SILVA.benchmark.txt
updated,1.0.3,mmseqs_easy_taxonomy_vs_SILVA,024,329.9,11125.25,860.44,2846.9,./microbial/210615_391_A1_S1.0.3/mmseqs/splits/024/nuc/mmseqs_easy_taxonomy_vs_SILVA.benchmark.txt
updated,1.0.3,mmseqs_bestmatch_db,043,1.01,166.36,0.0,0.64,./microbial/210615_391_A1_S1.0.3/mmseqs/splits/043/mmseqs_bestmatch_db.benchmark.txt
updated,1.0.3,parse_mmseqs_easy_taxonomy_SILVA,043,1.13,192.23,0.0,0.73,./microbial/210615_391_A1_S1.0.3/mmseqs/splits/043/nuc/parse_mmseqs_easy_taxonomy_SILVA.benchmark.txt
updated,1.0.3,mmseqs_easy_taxonomy_vs_SILVA,043,383.29,11126.77,900.58,3452.59,./microbial/210615_391_A1_S1.0.3/mmseqs/splits/043/nuc/mmseqs_easy_taxonomy_vs_SILVA.benchmark.txt
updated,1.0.3,mmseqs_bestmatch_db,089,0.72,186.74,0.0,0.62,./microbial/210615_391_A1_S1.0.3/mmseqs/splits/089/mmseqs_bestmatch_db.benchmark.txt
updated,1.0.3,parse_mmseqs_easy_taxonomy_SILVA,089,0.87,224.68,0.0,0.81,./microbial/210615_391_A1_S1.0.3/mmseqs/splits/089/nuc/parse_mmseqs_easy_taxonomy_SILVA.benchmark.txt
updated,1.0.3,mmseqs_easy_taxonomy_vs_SILVA,089,274.03,11178.33,911.5,2499.08,./microbial/210615_391_A1_S1.0.3/mmseqs/splits/089/nuc/mmseqs_easy_taxonomy_vs_SILVA.benchmark.txt
updated,1.0.3,mmseqs_bestmatch_db,152,1.37,181.64,18.94,0.48,./microbial/210615_391_A1_S1.0.3/mmseqs/splits/152/mmseqs_bestmatch_db.benchmark.txt
updated,1.0.3,parse_mmseqs_easy_taxonomy_SILVA,152,0.89,231.68,0.0,0.99,./microbial/210615_391_A1_S1.0.3/mmseqs/splits/152/nuc/parse_mmseqs_easy_taxonomy_SILVA.benchmark.txt
updated,1.0.3,mmseqs_easy_taxonomy_vs_SILVA,152,287.17,11150.66,877.43,2521.91,./microbial/210615_391_A1_S1.0.3/mmseqs/splits/152/nuc/mmseqs_easy_taxonomy_vs_SILVA.benchmark.txt
updated,1.0.3,mmseqs_bestmatch_db,063,0.79,175.43,0.0,0.49,./microbial/210615_391_A1_S1.0.3/mmseqs/splits/063/mmseqs_bestmatch_db.benchmark.txt
updated,1.0.3,parse_mmseqs_easy_taxonomy_SILVA,063,1.15,209.92,0.0,1.03,./microbial/210615_391_A1_S1.0.3/mmseqs/splits/063/nuc/parse_mmseqs_easy_taxonomy_SILVA.benchmark.txt
updated,1.0.3,mmseqs_easy_taxonomy_vs_SILVA,063,300.82,11139.47,844.09,2556.36,./microbial/210615_391_A1_S1.0.3/mmseqs/splits/063/nuc/mmseqs_easy_taxonomy_vs_SILVA.benchmark.txt
updated,1.0.3,mmseqs_bestmatch_db,243,0.74,180.15,0.0,0.59,./microbial/210615_391_A1_S1.0.3/mmseqs/splits/243/mmseqs_bestmatch_db.benchmark.txt
updated,1.0.3,parse_mmseqs_easy_taxonomy_SILVA,243,1.49,132.14,0.0,0.88,./microbial/210615_391_A1_S1.0.3/mmseqs/splits/243/nuc/parse_mmseqs_easy_taxonomy_SILVA.benchmark.txt
updated,1.0.3,mmseqs_easy_taxonomy_vs_SILVA,243,335.35,11146.07,931.68,3125.76,./microbial/210615_391_A1_S1.0.3/mmseqs/splits/243/nuc/mmseqs_easy_taxonomy_vs_SILVA.benchmark.txt
updated,1.0.3,mmseqs_bestmatch_db,064,0.82,178.63,0.0,0.49,./microbial/210615_391_A1_S1.0.3/mmseqs/splits/064/mmseqs_bestmatch_db.benchmark.txt
updated,1.0.3,parse_mmseqs_easy_taxonomy_SILVA,064,0.95,214.35,0.0,0.8,./microbial/210615_391_A1_S1.0.3/mmseqs/splits/064/nuc/parse_mmseqs_easy_taxonomy_SILVA.benchmark.txt
updated,1.0.3,mmseqs_easy_taxonomy_vs_SILVA,064,300.55,11175.85,935.17,2812.29,./microbial/210615_391_A1_S1.0.3/mmseqs/splits/064/nuc/mmseqs_easy_taxonomy_vs_SILVA.benchmark.txt
updated,1.0.3,mmseqs_bestmatch_db,148,0.62,37.6,0.0,0.08,./microbial/210615_391_A1_S1.0.3/mmseqs/splits/148/mmseqs_bestmatch_db.benchmark.txt
updated,1.0.3,parse_mmseqs_easy_taxonomy_SILVA,148,0.88,227.91,0.0,0.87,./microbial/210615_391_A1_S1.0.3/mmseqs/splits/148/nuc/parse_mmseqs_easy_taxonomy_SILVA.benchmark.txt
updated,1.0.3,mmseqs_easy_taxonomy_vs_SILVA,148,307.33,11176.65,917.93,2822.4,./microbial/210615_391_A1_S1.0.3/mmseqs/splits/148/nuc/mmseqs_easy_taxonomy_vs_SILVA.benchmark.txt
updated,1.0.3,mmseqs_bestmatch_db,109,0.75,186.07,0.0,0.67,./microbial/210615_391_A1_S1.0.3/mmseqs/splits/109/mmseqs_bestmatch_db.benchmark.txt
updated,1.0.3,parse_mmseqs_easy_taxonomy_SILVA,109,1.01,204.61,0.0,0.69,./microbial/210615_391_A1_S1.0.3/mmseqs/splits/109/nuc/parse_mmseqs_easy_taxonomy_SILVA.benchmark.txt
updated,1.0.3,mmseqs_easy_taxonomy_vs_SILVA,109,271.34,11160.75,926.28,2515.57,./microbial/210615_391_A1_S1.0.3/mmseqs/splits/109/nuc/mmseqs_easy_taxonomy_vs_SILVA.benchmark.txt
updated,1.0.3,mmseqs_bestmatch_db,338,0.8,176.29,0.0,0.53,./microbial/210615_391_A1_S1.0.3/mmseqs/splits/338/mmseqs_bestmatch_db.benchmark.txt
updated,1.0.3,parse_mmseqs_easy_taxonomy_SILVA,338,1.23,179.4,0.0,0.46,./microbial/210615_391_A1_S1.0.3/mmseqs/splits/338/nuc/parse_mmseqs_easy_taxonomy_SILVA.benchmark.txt
updated,1.0.3,mmseqs_easy_taxonomy_vs_SILVA,338,265.51,11179.05,833.72,2220.57,./microbial/210615_391_A1_S1.0.3/mmseqs/splits/338/nuc/mmseqs_easy_taxonomy_vs_SILVA.benchmark.txt
updated,1.0.3,mmseqs_bestmatch_db,238,1.61,86.41,0.62,0.3,./microbial/210615_391_A1_S1.0.3/mmseqs/splits/238/mmseqs_bestmatch_db.benchmark.txt
updated,1.0.3,parse_mmseqs_easy_taxonomy_SILVA,238,0.87,233.77,0.0,0.94,./microbial/210615_391_A1_S1.0.3/mmseqs/splits/238/nuc/parse_mmseqs_easy_taxonomy_SILVA.benchmark.txt
updated,1.0.3,mmseqs_easy_taxonomy_vs_SILVA,238,262.98,11184.36,839.96,2211.12,./microbial/210615_391_A1_S1.0.3/mmseqs/splits/238/nuc/mmseqs_easy_taxonomy_vs_SILVA.benchmark.txt
updated,1.0.3,mmseqs_bestmatch_db,316,0.75,177.77,0.0,0.57,./microbial/210615_391_A1_S1.0.3/mmseqs/splits/316/mmseqs_bestmatch_db.benchmark.txt
updated,1.0.3,parse_mmseqs_easy_taxonomy_SILVA,316,1.14,195.61,0.0,0.75,./microbial/210615_391_A1_S1.0.3/mmseqs/splits/316/nuc/parse_mmseqs_easy_taxonomy_SILVA.benchmark.txt
updated,1.0.3,mmseqs_easy_taxonomy_vs_SILVA,316,268.58,11215.63,926.62,2489.84,./microbial/210615_391_A1_S1.0.3/mmseqs/splits/316/nuc/mmseqs_easy_taxonomy_vs_SILVA.benchmark.txt
updated,1.0.3,mmseqs_bestmatch_db,153,0.75,176.92,0.0,0.59,./microbial/210615_391_A1_S1.0.3/mmseqs/splits/153/mmseqs_bestmatch_db.benchmark.txt
updated,1.0.3,parse_mmseqs_easy_taxonomy_SILVA,153,0.98,224.53,0.0,0.92,./microbial/210615_391_A1_S1.0.3/mmseqs/splits/153/nuc/parse_mmseqs_easy_taxonomy_SILVA.benchmark.txt
updated,1.0.3,mmseqs_easy_taxonomy_vs_SILVA,153,266.72,11186.62,934.46,2492.96,./microbial/210615_391_A1_S1.0.3/mmseqs/splits/153/nuc/mmseqs_easy_taxonomy_vs_SILVA.benchmark.txt
updated,1.0.3,mmseqs_bestmatch_db,251,2.33,84.59,8.16,0.27,./microbial/210615_391_A1_S1.0.3/mmseqs/splits/251/mmseqs_bestmatch_db.benchmark.txt
updated,1.0.3,parse_mmseqs_easy_taxonomy_SILVA,251,0.85,231.89,0.0,1.0,./microbial/210615_391_A1_S1.0.3/mmseqs/splits/251/nuc/parse_mmseqs_easy_taxonomy_SILVA.benchmark.txt
updated,1.0.3,mmseqs_easy_taxonomy_vs_SILVA,251,331.89,11188.46,935.63,3108.21,./microbial/210615_391_A1_S1.0.3/mmseqs/splits/251/nuc/mmseqs_easy_taxonomy_vs_SILVA.benchmark.txt
updated,1.0.3,mmseqs_bestmatch_db,351,1.02,81.87,0.0,0.29,./microbial/210615_391_A1_S1.0.3/mmseqs/splits/351/mmseqs_bestmatch_db.benchmark.txt
updated,1.0.3,parse_mmseqs_easy_taxonomy_SILVA,351,0.9,223.11,0.0,0.77,./microbial/210615_391_A1_S1.0.3/mmseqs/splits/351/nuc/parse_mmseqs_easy_taxonomy_SILVA.benchmark.txt
updated,1.0.3,mmseqs_easy_taxonomy_vs_SILVA,351,267.56,11133.25,942.25,2522.13,./microbial/210615_391_A1_S1.0.3/mmseqs/splits/351/nuc/mmseqs_easy_taxonomy_vs_SILVA.benchmark.txt
updated,1.0.3,mmseqs_bestmatch_db,082,0.67,37.53,0.0,0.08,./microbial/210615_391_A1_S1.0.3/mmseqs/splits/082/mmseqs_bestmatch_db.benchmark.txt
updated,1.0.3,parse_mmseqs_easy_taxonomy_SILVA,082,0.9,229.73,0.0,0.87,./microbial/210615_391_A1_S1.0.3/mmseqs/splits/082/nuc/parse_mmseqs_easy_taxonomy_SILVA.benchmark.txt
updated,1.0.3,mmseqs_easy_taxonomy_vs_SILVA,082,272.77,11173.59,906.66,2475.06,./microbial/210615_391_A1_S1.0.3/mmseqs/splits/082/nuc/mmseqs_easy_taxonomy_vs_SILVA.benchmark.txt
updated,1.0.3,mmseqs_bestmatch_db,174,1.07,113.34,0.0,0.51,./microbial/210615_391_A1_S1.0.3/mmseqs/splits/174/mmseqs_bestmatch_db.benchmark.txt
updated,1.0.3,parse_mmseqs_easy_taxonomy_SILVA,174,0.95,216.16,0.0,0.77,./microbial/210615_391_A1_S1.0.3/mmseqs/splits/174/nuc/parse_mmseqs_easy_taxonomy_SILVA.benchmark.txt
updated,1.0.3,mmseqs_easy_taxonomy_vs_SILVA,174,423.46,11170.24,930.79,3941.26,./microbial/210615_391_A1_S1.0.3/mmseqs/splits/174/nuc/mmseqs_easy_taxonomy_vs_SILVA.benchmark.txt
updated,1.0.3,mmseqs_bestmatch_db,324,0.81,147.64,0.0,0.56,./microbial/210615_391_A1_S1.0.3/mmseqs/splits/324/mmseqs_bestmatch_db.benchmark.txt
updated,1.0.3,parse_mmseqs_easy_taxonomy_SILVA,324,0.81,115.89,0.0,0.33,./microbial/210615_391_A1_S1.0.3/mmseqs/splits/324/nuc/parse_mmseqs_easy_taxonomy_SILVA.benchmark.txt
updated,1.0.3,mmseqs_easy_taxonomy_vs_SILVA,324,379.55,11127.36,878.86,3335.97,./microbial/210615_391_A1_S1.0.3/mmseqs/splits/324/nuc/mmseqs_easy_taxonomy_vs_SILVA.benchmark.txt
updated,1.0.3,mmseqs_bestmatch_db,142,0.73,176.15,0.0,0.58,./microbial/210615_391_A1_S1.0.3/mmseqs/splits/142/mmseqs_bestmatch_db.benchmark.txt
updated,1.0.3,parse_mmseqs_easy_taxonomy_SILVA,142,0.96,216.74,0.0,0.8,./microbial/210615_391_A1_S1.0.3/mmseqs/splits/142/nuc/parse_mmseqs_easy_taxonomy_SILVA.benchmark.txt
updated,1.0.3,mmseqs_easy_taxonomy_vs_SILVA,142,277.25,11135.1,911.24,2527.0,./microbial/210615_391_A1_S1.0.3/mmseqs/splits/142/nuc/mmseqs_easy_taxonomy_vs_SILVA.benchmark.txt
updated,1.0.3,mmseqs_bestmatch_db,015,0.81,207.42,0.0,0.54,./microbial/210615_391_A1_S1.0.3/mmseqs/splits/015/mmseqs_bestmatch_db.benchmark.txt
updated,1.0.3,parse_mmseqs_easy_taxonomy_SILVA,015,0.95,222.95,0.0,0.88,./microbial/210615_391_A1_S1.0.3/mmseqs/splits/015/nuc/parse_mmseqs_easy_taxonomy_SILVA.benchmark.txt
updated,1.0.3,mmseqs_easy_taxonomy_vs_SILVA,015,302.14,11187.06,918.09,2775.39,./microbial/210615_391_A1_S1.0.3/mmseqs/splits/015/nuc/mmseqs_easy_taxonomy_vs_SILVA.benchmark.txt
updated,1.0.3,mmseqs_bestmatch_db,105,0.74,177.47,0.0,0.56,./microbial/210615_391_A1_S1.0.3/mmseqs/splits/105/mmseqs_bestmatch_db.benchmark.txt
updated,1.0.3,parse_mmseqs_easy_taxonomy_SILVA,105,1.5,139.81,9.83,0.57,./microbial/210615_391_A1_S1.0.3/mmseqs/splits/105/nuc/parse_mmseqs_easy_taxonomy_SILVA.benchmark.txt
updated,1.0.3,mmseqs_easy_taxonomy_vs_SILVA,105,340.77,11140.25,919.12,3134.51,./microbial/210615_391_A1_S1.0.3/mmseqs/splits/105/nuc/mmseqs_easy_taxonomy_vs_SILVA.benchmark.txt
updated,1.0.3,mmseqs_bestmatch_db,298,0.96,162.61,0.0,0.53,./microbial/210615_391_A1_S1.0.3/mmseqs/splits/298/mmseqs_bestmatch_db.benchmark.txt
updated,1.0.3,parse_mmseqs_easy_taxonomy_SILVA,298,0.92,230.26,0.0,0.88,./microbial/210615_391_A1_S1.0.3/mmseqs/splits/298/nuc/parse_mmseqs_easy_taxonomy_SILVA.benchmark.txt
updated,1.0.3,mmseqs_easy_taxonomy_vs_SILVA,298,268.0,11214.87,940.12,2519.91,./microbial/210615_391_A1_S1.0.3/mmseqs/splits/298/nuc/mmseqs_easy_taxonomy_vs_SILVA.benchmark.txt
updated,1.0.3,mmseqs_bestmatch_db,261,0.84,188.4,0.0,0.82,./microbial/210615_391_A1_S1.0.3/mmseqs/splits/261/mmseqs_bestmatch_db.benchmark.txt
updated,1.0.3,parse_mmseqs_easy_taxonomy_SILVA,261,1.26,188.08,0.0,0.76,./microbial/210615_391_A1_S1.0.3/mmseqs/splits/261/nuc/parse_mmseqs_easy_taxonomy_SILVA.benchmark.txt
updated,1.0.3,mmseqs_easy_taxonomy_vs_SILVA,261,276.3,11188.59,910.69,2516.88,./microbial/210615_391_A1_S1.0.3/mmseqs/splits/261/nuc/mmseqs_easy_taxonomy_vs_SILVA.benchmark.txt
updated,1.0.3,mmseqs_bestmatch_db,138,0.73,179.57,0.0,0.64,./microbial/210615_391_A1_S1.0.3/mmseqs/splits/138/mmseqs_bestmatch_db.benchmark.txt
updated,1.0.3,parse_mmseqs_easy_taxonomy_SILVA,138,0.97,227.25,0.0,0.8,./microbial/210615_391_A1_S1.0.3/mmseqs/splits/138/nuc/parse_mmseqs_easy_taxonomy_SILVA.benchmark.txt
updated,1.0.3,mmseqs_easy_taxonomy_vs_SILVA,138,336.34,11129.04,930.13,3129.36,./microbial/210615_391_A1_S1.0.3/mmseqs/splits/138/nuc/mmseqs_easy_taxonomy_vs_SILVA.benchmark.txt
updated,1.0.3,mmseqs_bestmatch_db,036,0.89,204.37,0.0,0.84,./microbial/210615_391_A1_S1.0.3/mmseqs/splits/036/mmseqs_bestmatch_db.benchmark.txt
updated,1.0.3,parse_mmseqs_easy_taxonomy_SILVA,036,1.22,177.61,0.0,0.47,./microbial/210615_391_A1_S1.0.3/mmseqs/splits/036/nuc/parse_mmseqs_easy_taxonomy_SILVA.benchmark.txt
updated,1.0.3,mmseqs_easy_taxonomy_vs_SILVA,036,369.9,11135.11,926.61,3428.34,./microbial/210615_391_A1_S1.0.3/mmseqs/splits/036/nuc/mmseqs_easy_taxonomy_vs_SILVA.benchmark.txt
updated,1.0.3,mmseqs_bestmatch_db,041,0.75,179.19,0.0,0.56,./microbial/210615_391_A1_S1.0.3/mmseqs/splits/041/mmseqs_bestmatch_db.benchmark.txt
updated,1.0.3,parse_mmseqs_easy_taxonomy_SILVA,041,0.91,222.49,0.0,0.84,./microbial/210615_391_A1_S1.0.3/mmseqs/splits/041/nuc/parse_mmseqs_easy_taxonomy_SILVA.benchmark.txt
updated,1.0.3,mmseqs_easy_taxonomy_vs_SILVA,041,337.01,11128.14,930.34,3136.79,./microbial/210615_391_A1_S1.0.3/mmseqs/splits/041/nuc/mmseqs_easy_taxonomy_vs_SILVA.benchmark.txt
updated,1.0.3,mmseqs_bestmatch_db,171,0.68,43.26,0.0,0.1,./microbial/210615_391_A1_S1.0.3/mmseqs/splits/171/mmseqs_bestmatch_db.benchmark.txt
updated,1.0.3,parse_mmseqs_easy_taxonomy_SILVA,171,0.97,227.88,0.0,1.02,./microbial/210615_391_A1_S1.0.3/mmseqs/splits/171/nuc/parse_mmseqs_easy_taxonomy_SILVA.benchmark.txt
updated,1.0.3,mmseqs_easy_taxonomy_vs_SILVA,171,268.52,11147.82,819.57,2206.71,./microbial/210615_391_A1_S1.0.3/mmseqs/splits/171/nuc/mmseqs_easy_taxonomy_vs_SILVA.benchmark.txt
updated,1.0.3,mmseqs_bestmatch_db,356,0.79,177.8,0.0,0.54,./microbial/210615_391_A1_S1.0.3/mmseqs/splits/356/mmseqs_bestmatch_db.benchmark.txt
updated,1.0.3,parse_mmseqs_easy_taxonomy_SILVA,356,1.13,208.64,0.0,0.93,./microbial/210615_391_A1_S1.0.3/mmseqs/splits/356/nuc/parse_mmseqs_easy_taxonomy_SILVA.benchmark.txt
updated,1.0.3,mmseqs_easy_taxonomy_vs_SILVA,356,277.22,11147.68,874.16,2424.91,./microbial/210615_391_A1_S1.0.3/mmseqs/splits/356/nuc/mmseqs_easy_taxonomy_vs_SILVA.benchmark.txt
updated,1.0.3,mmseqs_bestmatch_db,074,0.71,37.75,0.0,0.09,./microbial/210615_391_A1_S1.0.3/mmseqs/splits/074/mmseqs_bestmatch_db.benchmark.txt
updated,1.0.3,parse_mmseqs_easy_taxonomy_SILVA,074,0.98,210.84,0.0,0.83,./microbial/210615_391_A1_S1.0.3/mmseqs/splits/074/nuc/parse_mmseqs_easy_taxonomy_SILVA.benchmark.txt
updated,1.0.3,mmseqs_easy_taxonomy_vs_SILVA,074,323.98,11138.82,870.88,2822.77,./microbial/210615_391_A1_S1.0.3/mmseqs/splits/074/nuc/mmseqs_easy_taxonomy_vs_SILVA.benchmark.txt
updated,1.0.3,mmseqs_bestmatch_db,286,0.77,188.81,0.0,0.56,./microbial/210615_391_A1_S1.0.3/mmseqs/splits/286/mmseqs_bestmatch_db.benchmark.txt
updated,1.0.3,parse_mmseqs_easy_taxonomy_SILVA,286,1.08,228.59,0.0,1.03,./microbial/210615_391_A1_S1.0.3/mmseqs/splits/286/nuc/parse_mmseqs_easy_taxonomy_SILVA.benchmark.txt
updated,1.0.3,mmseqs_easy_taxonomy_vs_SILVA,286,283.31,11179.93,892.13,2529.43,./microbial/210615_391_A1_S1.0.3/mmseqs/splits/286/nuc/mmseqs_easy_taxonomy_vs_SILVA.benchmark.txt
updated,1.0.3,mmseqs_bestmatch_db,276,0.84,177.62,0.0,0.71,./microbial/210615_391_A1_S1.0.3/mmseqs/splits/276/mmseqs_bestmatch_db.benchmark.txt
updated,1.0.3,parse_mmseqs_easy_taxonomy_SILVA,276,1.53,230.57,4.18,1.13,./microbial/210615_391_A1_S1.0.3/mmseqs/splits/276/nuc/parse_mmseqs_easy_taxonomy_SILVA.benchmark.txt
updated,1.0.3,mmseqs_easy_taxonomy_vs_SILVA,276,343.81,11161.9,912.16,3136.59,./microbial/210615_391_A1_S1.0.3/mmseqs/splits/276/nuc/mmseqs_easy_taxonomy_vs_SILVA.benchmark.txt
updated,1.0.3,mmseqs_bestmatch_db,260,0.8,189.36,0.0,0.57,./microbial/210615_391_A1_S1.0.3/mmseqs/splits/260/mmseqs_bestmatch_db.benchmark.txt
updated,1.0.3,parse_mmseqs_easy_taxonomy_SILVA,260,1.05,196.28,0.0,0.73,./microbial/210615_391_A1_S1.0.3/mmseqs/splits/260/nuc/parse_mmseqs_easy_taxonomy_SILVA.benchmark.txt
updated,1.0.3,mmseqs_easy_taxonomy_vs_SILVA,260,282.77,11139.32,889.18,2516.05,./microbial/210615_391_A1_S1.0.3/mmseqs/splits/260/nuc/mmseqs_easy_taxonomy_vs_SILVA.benchmark.txt
updated,1.0.3,mmseqs_bestmatch_db,130,0.79,182.48,0.0,0.65,./microbial/210615_391_A1_S1.0.3/mmseqs/splits/130/mmseqs_bestmatch_db.benchmark.txt
updated,1.0.3,parse_mmseqs_easy_taxonomy_SILVA,130,1.01,221.89,0.0,0.79,./microbial/210615_391_A1_S1.0.3/mmseqs/splits/130/nuc/parse_mmseqs_easy_taxonomy_SILVA.benchmark.txt
updated,1.0.3,mmseqs_easy_taxonomy_vs_SILVA,130,364.34,11124.89,887.3,3234.16,./microbial/210615_391_A1_S1.0.3/mmseqs/splits/130/nuc/mmseqs_easy_taxonomy_vs_SILVA.benchmark.txt
updated,1.0.3,mmseqs_bestmatch_db,156,1.38,201.24,21.37,0.52,./microbial/210615_391_A1_S1.0.3/mmseqs/splits/156/mmseqs_bestmatch_db.benchmark.txt
updated,1.0.3,parse_mmseqs_easy_taxonomy_SILVA,156,1.47,217.77,1.29,0.79,./microbial/210615_391_A1_S1.0.3/mmseqs/splits/156/nuc/parse_mmseqs_easy_taxonomy_SILVA.benchmark.txt
updated,1.0.3,mmseqs_easy_taxonomy_vs_SILVA,156,334.39,11134.39,927.86,3103.89,./microbial/210615_391_A1_S1.0.3/mmseqs/splits/156/nuc/mmseqs_easy_taxonomy_vs_SILVA.benchmark.txt
updated,1.0.3,mmseqs_bestmatch_db,077,0.61,38.33,0.0,0.09,./microbial/210615_391_A1_S1.0.3/mmseqs/splits/077/mmseqs_bestmatch_db.benchmark.txt
updated,1.0.3,parse_mmseqs_easy_taxonomy_SILVA,077,1.52,232.75,4.89,1.06,./microbial/210615_391_A1_S1.0.3/mmseqs/splits/077/nuc/parse_mmseqs_easy_taxonomy_SILVA.benchmark.txt
updated,1.0.3,mmseqs_easy_taxonomy_vs_SILVA,077,307.38,11186.98,906.28,2786.07,./microbial/210615_391_A1_S1.0.3/mmseqs/splits/077/nuc/mmseqs_easy_taxonomy_vs_SILVA.benchmark.txt
updated,1.0.3,mmseqs_bestmatch_db,322,0.77,182.76,0.0,0.58,./microbial/210615_391_A1_S1.0.3/mmseqs/splits/322/mmseqs_bestmatch_db.benchmark.txt
updated,1.0.3,parse_mmseqs_easy_taxonomy_SILVA,322,1.54,224.95,2.18,0.82,./microbial/210615_391_A1_S1.0.3/mmseqs/splits/322/nuc/parse_mmseqs_easy_taxonomy_SILVA.benchmark.txt
updated,1.0.3,mmseqs_easy_taxonomy_vs_SILVA,322,269.97,11178.72,937.2,2531.53,./microbial/210615_391_A1_S1.0.3/mmseqs/splits/322/nuc/mmseqs_easy_taxonomy_vs_SILVA.benchmark.txt
updated,1.0.3,mmseqs_bestmatch_db,346,0.85,188.64,0.0,0.79,./microbial/210615_391_A1_S1.0.3/mmseqs/splits/346/mmseqs_bestmatch_db.benchmark.txt
updated,1.0.3,parse_mmseqs_easy_taxonomy_SILVA,346,0.94,203.66,0.0,0.74,./microbial/210615_391_A1_S1.0.3/mmseqs/splits/346/nuc/parse_mmseqs_easy_taxonomy_SILVA.benchmark.txt
updated,1.0.3,mmseqs_easy_taxonomy_vs_SILVA,346,306.96,11175.5,921.46,2830.31,./microbial/210615_391_A1_S1.0.3/mmseqs/splits/346/nuc/mmseqs_easy_taxonomy_vs_SILVA.benchmark.txt
updated,1.0.3,mmseqs_bestmatch_db,051,1.49,90.59,4.65,0.27,./microbial/210615_391_A1_S1.0.3/mmseqs/splits/051/mmseqs_bestmatch_db.benchmark.txt
updated,1.0.3,parse_mmseqs_easy_taxonomy_SILVA,051,0.93,230.18,0.0,0.96,./microbial/210615_391_A1_S1.0.3/mmseqs/splits/051/nuc/parse_mmseqs_easy_taxonomy_SILVA.benchmark.txt
updated,1.0.3,mmseqs_easy_taxonomy_vs_SILVA,051,299.91,11166.48,817.74,2453.3,./microbial/210615_391_A1_S1.0.3/mmseqs/splits/051/nuc/mmseqs_easy_taxonomy_vs_SILVA.benchmark.txt
updated,1.0.3,mmseqs_bestmatch_db,291,1.36,181.78,22.63,0.53,./microbial/210615_391_A1_S1.0.3/mmseqs/splits/291/mmseqs_bestmatch_db.benchmark.txt
updated,1.0.3,parse_mmseqs_easy_taxonomy_SILVA,291,1.82,172.11,2.03,0.6,./microbial/210615_391_A1_S1.0.3/mmseqs/splits/291/nuc/parse_mmseqs_easy_taxonomy_SILVA.benchmark.txt
updated,1.0.3,mmseqs_easy_taxonomy_vs_SILVA,291,272.52,11167.16,875.22,2386.65,./microbial/210615_391_A1_S1.0.3/mmseqs/splits/291/nuc/mmseqs_easy_taxonomy_vs_SILVA.benchmark.txt
updated,1.0.3,mmseqs_bestmatch_db,334,0.79,183.68,0.0,0.66,./microbial/210615_391_A1_S1.0.3/mmseqs/splits/334/mmseqs_bestmatch_db.benchmark.txt
updated,1.0.3,parse_mmseqs_easy_taxonomy_SILVA,334,1.15,212.12,0.0,1.01,./microbial/210615_391_A1_S1.0.3/mmseqs/splits/334/nuc/parse_mmseqs_easy_taxonomy_SILVA.benchmark.txt
updated,1.0.3,mmseqs_easy_taxonomy_vs_SILVA,334,294.59,11167.57,845.88,2493.36,./microbial/210615_391_A1_S1.0.3/mmseqs/splits/334/nuc/mmseqs_easy_taxonomy_vs_SILVA.benchmark.txt
updated,1.0.3,mmseqs_bestmatch_db,175,2.34,159.13,13.1,0.42,./microbial/210615_391_A1_S1.0.3/mmseqs/splits/175/mmseqs_bestmatch_db.benchmark.txt
updated,1.0.3,parse_mmseqs_easy_taxonomy_SILVA,175,1.93,97.14,6.93,0.33,./microbial/210615_391_A1_S1.0.3/mmseqs/splits/175/nuc/parse_mmseqs_easy_taxonomy_SILVA.benchmark.txt
updated,1.0.3,mmseqs_easy_taxonomy_vs_SILVA,175,270.77,11167.77,920.6,2493.48,./microbial/210615_391_A1_S1.0.3/mmseqs/splits/175/nuc/mmseqs_easy_taxonomy_vs_SILVA.benchmark.txt
updated,1.0.3,mmseqs_bestmatch_db,141,0.77,165.88,0.0,0.56,./microbial/210615_391_A1_S1.0.3/mmseqs/splits/141/mmseqs_bestmatch_db.benchmark.txt
updated,1.0.3,parse_mmseqs_easy_taxonomy_SILVA,141,1.06,206.91,0.0,0.92,./microbial/210615_391_A1_S1.0.3/mmseqs/splits/141/nuc/parse_mmseqs_easy_taxonomy_SILVA.benchmark.txt
updated,1.0.3,mmseqs_easy_taxonomy_vs_SILVA,141,269.02,11132.35,941.09,2532.85,./microbial/210615_391_A1_S1.0.3/mmseqs/splits/141/nuc/mmseqs_easy_taxonomy_vs_SILVA.benchmark.txt
updated,1.0.3,mmseqs_bestmatch_db,114,1.11,79.54,0.0,0.24,./microbial/210615_391_A1_S1.0.3/mmseqs/splits/114/mmseqs_bestmatch_db.benchmark.txt
updated,1.0.3,parse_mmseqs_easy_taxonomy_SILVA,114,1.11,179.21,0.0,0.47,./microbial/210615_391_A1_S1.0.3/mmseqs/splits/114/nuc/parse_mmseqs_easy_taxonomy_SILVA.benchmark.txt
updated,1.0.3,mmseqs_easy_taxonomy_vs_SILVA,114,271.26,11177.69,917.77,2490.71,./microbial/210615_391_A1_S1.0.3/mmseqs/splits/114/nuc/mmseqs_easy_taxonomy_vs_SILVA.benchmark.txt
updated,1.0.3,mmseqs_bestmatch_db,136,0.67,37.87,0.0,0.09,./microbial/210615_391_A1_S1.0.3/mmseqs/splits/136/mmseqs_bestmatch_db.benchmark.txt
updated,1.0.3,parse_mmseqs_easy_taxonomy_SILVA,136,0.88,42.98,0.0,0.09,./microbial/210615_391_A1_S1.0.3/mmseqs/splits/136/nuc/parse_mmseqs_easy_taxonomy_SILVA.benchmark.txt
updated,1.0.3,mmseqs_easy_taxonomy_vs_SILVA,136,271.39,11184.69,921.6,2502.97,./microbial/210615_391_A1_S1.0.3/mmseqs/splits/136/nuc/mmseqs_easy_taxonomy_vs_SILVA.benchmark.txt
updated,1.0.3,mmseqs_bestmatch_db,337,0.73,185.08,0.0,0.6,./microbial/210615_391_A1_S1.0.3/mmseqs/splits/337/mmseqs_bestmatch_db.benchmark.txt
updated,1.0.3,parse_mmseqs_easy_taxonomy_SILVA,337,1.97,93.15,6.62,0.32,./microbial/210615_391_A1_S1.0.3/mmseqs/splits/337/nuc/parse_mmseqs_easy_taxonomy_SILVA.benchmark.txt
updated,1.0.3,mmseqs_easy_taxonomy_vs_SILVA,337,282.46,11166.89,883.07,2495.58,./microbial/210615_391_A1_S1.0.3/mmseqs/splits/337/nuc/mmseqs_easy_taxonomy_vs_SILVA.benchmark.txt
updated,1.0.3,mmseqs_bestmatch_db,336,0.85,169.07,0.0,0.45,./microbial/210615_391_A1_S1.0.3/mmseqs/splits/336/mmseqs_bestmatch_db.benchmark.txt
updated,1.0.3,parse_mmseqs_easy_taxonomy_SILVA,336,1.01,209.26,0.0,0.77,./microbial/210615_391_A1_S1.0.3/mmseqs/splits/336/nuc/parse_mmseqs_easy_taxonomy_SILVA.benchmark.txt
updated,1.0.3,mmseqs_easy_taxonomy_vs_SILVA,336,301.14,11184.36,816.5,2480.58,./microbial/210615_391_A1_S1.0.3/mmseqs/splits/336/nuc/mmseqs_easy_taxonomy_vs_SILVA.benchmark.txt
updated,1.0.3,mmseqs_bestmatch_db,037,0.85,188.69,0.0,0.48,./microbial/210615_391_A1_S1.0.3/mmseqs/splits/037/mmseqs_bestmatch_db.benchmark.txt
updated,1.0.3,parse_mmseqs_easy_taxonomy_SILVA,037,0.91,215.09,0.0,0.81,./microbial/210615_391_A1_S1.0.3/mmseqs/splits/037/nuc/parse_mmseqs_easy_taxonomy_SILVA.benchmark.txt
updated,1.0.3,mmseqs_easy_taxonomy_vs_SILVA,037,299.85,11181.96,941.21,2823.91,./microbial/210615_391_A1_S1.0.3/mmseqs/splits/037/nuc/mmseqs_easy_taxonomy_vs_SILVA.benchmark.txt
updated,1.0.3,mmseqs_bestmatch_db,134,0.77,179.91,0.0,0.54,./microbial/210615_391_A1_S1.0.3/mmseqs/splits/134/mmseqs_bestmatch_db.benchmark.txt
updated,1.0.3,parse_mmseqs_easy_taxonomy_SILVA,134,0.89,228.88,0.0,0.83,./microbial/210615_391_A1_S1.0.3/mmseqs/splits/134/nuc/parse_mmseqs_easy_taxonomy_SILVA.benchmark.txt
updated,1.0.3,mmseqs_easy_taxonomy_vs_SILVA,134,287.13,11133.14,880.57,2529.68,./microbial/210615_391_A1_S1.0.3/mmseqs/splits/134/nuc/mmseqs_easy_taxonomy_vs_SILVA.benchmark.txt
updated,1.0.3,mmseqs_bestmatch_db,353,1.43,173.77,29.43,0.72,./microbial/210615_391_A1_S1.0.3/mmseqs/splits/353/mmseqs_bestmatch_db.benchmark.txt
updated,1.0.3,parse_mmseqs_easy_taxonomy_SILVA,353,1.46,90.38,0.0,0.29,./microbial/210615_391_A1_S1.0.3/mmseqs/splits/353/nuc/parse_mmseqs_easy_taxonomy_SILVA.benchmark.txt
updated,1.0.3,mmseqs_easy_taxonomy_vs_SILVA,353,272.08,11187.44,924.15,2516.96,./microbial/210615_391_A1_S1.0.3/mmseqs/splits/353/nuc/mmseqs_easy_taxonomy_vs_SILVA.benchmark.txt
updated,1.0.3,mmseqs_bestmatch_db,284,1.21,119.27,0.0,0.52,./microbial/210615_391_A1_S1.0.3/mmseqs/splits/284/mmseqs_bestmatch_db.benchmark.txt
updated,1.0.3,parse_mmseqs_easy_taxonomy_SILVA,284,1.03,207.47,0.0,0.77,./microbial/210615_391_A1_S1.0.3/mmseqs/splits/284/nuc/parse_mmseqs_easy_taxonomy_SILVA.benchmark.txt
updated,1.0.3,mmseqs_easy_taxonomy_vs_SILVA,284,272.18,11198.35,925.33,2519.4,./microbial/210615_391_A1_S1.0.3/mmseqs/splits/284/nuc/mmseqs_easy_taxonomy_vs_SILVA.benchmark.txt
updated,1.0.3,taxonomy_spatial_pos.Bacteria_genus,,21.67,4339.23,145.35,31.72,./microbial/210615_391_A1_S1.0.3/tables/taxonomy_spatial_pos.Bacteria_genus.benchmark.txt
updated,1.0.3,taxonomy_spatial_pos.Bacteria_phylum,,21.05,4635.2,146.14,31.3,./microbial/210615_391_A1_S1.0.3/tables/taxonomy_spatial_pos.Bacteria_phylum.benchmark.txt
updated,1.0.3,taxonomy_spatial_pos.Eukaryota_phylum,,8.55,4302.31,282.16,24.67,./microbial/210615_391_A1_S1.0.3/tables/taxonomy_spatial_pos.Eukaryota_phylum.benchmark.txt
updated,1.0.3,taxonomy_spatial_pos.Eukaryota_genus,,9.02,4625.98,247.51,22.75,./microbial/210615_391_A1_S1.0.3/tables/taxonomy_spatial_pos.Eukaryota_genus.benchmark.txt
