version,pipeline_part,rule,sample,split,path,threads,s,cpu_time,max_rss,busy_cores,cores,core_h,Wh_cpu,Wh_mem,Wh_total,cores_dardel_accounting,Wh_dardel_accounting
legacy,preprocessing,polyA_tso_trim,1.0.2,,./fastq/polyA_tso_trimmed/210615_391_A1_S1.0.2/Read2/tso_trimmed/polyA_tso_trim.benchmark.txt,4,30.8654,58.11,218.79,1.882691,4.0,0.034295,0.138037,0.000804,0.13884,4.0,0.13884
legacy,preprocessing,trim_R1_right,1.0.2,,./fastq/polyA_tso_trimmed/210615_391_A1_S1.0.2/Read1/spatial/trim_R1_right.benchmark.txt,1,100.6968,89.31,43.76,0.88692,1.0,0.027971,0.112585,0.000524,0.113109,1.0,0.113109
legacy,align-annotate,subseq_probes,1.0.2,,./fastq/polyA_tso_trimmed/210615_391_A1_S1.0.2/Read1/probe/subseq_probes.benchmark.txt,1,37.5608,18.37,1263.61,0.489074,1.0,0.010434,0.041995,0.005648,0.047643,1.0,0.047643
legacy,preprocessing,trim_R1_left,1.0.2,,./fastq/polyA_tso_trimmed/210615_391_A1_S1.0.2/Read1/probe/trim_R1_left.benchmark.txt,1,29.9927,23.43,35.22,0.78119,1.0,0.008331,0.033534,0.000126,0.033659,1.0,0.033659
legacy,align-annotate,demultiplex_probe,1.0.2,,./fastq/polyA_tso_trimmed/210615_391_A1_S1.0.2/Read1/probe/demultiplex_probe.benchmark.txt,4,2125.224,8120.77,244.1,3.821136,4.0,2.36136,9.504474,0.06173,9.566204,4.0,9.566204
legacy,preprocessing,polyA_tso_filter,1.0.2,,./fastq/polyA_tso_trimmed/210615_391_A1_S1.0.2/Read1/filtered/polyA_tso_filter.benchmark.txt,1,528.4735,576.52,1431.95,1.090916,1.090916,0.160144,0.644581,0.090048,0.734629,1.090916,0.734629
legacy,preprocessing,polyA_tso_trim,1.0.1,,./fastq/polyA_tso_trimmed/210615_391_A1_S1.0.1/Read2/tso_trimmed/polyA_tso_trim.benchmark.txt,4,15.1857,46.13,223.82,3.037726,4.0,0.016873,0.067914,0.000404,0.068318,4.0,0.068318
legacy,preprocessing,trim_R1_right,1.0.1,,./fastq/polyA_tso_trimmed/210615_391_A1_S1.0.1/Read1/spatial/trim_R1_right.benchmark.txt,1,42.42,19.66,35.38,0.463461,1.0,0.011783,0.047428,0.000179,0.047607,1.0,0.047607
legacy,align-annotate,subseq_probes,1.0.1,,./fastq/polyA_tso_trimmed/210615_391_A1_S1.0.1/Read1/probe/subseq_probes.benchmark.txt,1,27.6231,22.41,651.84,0.811278,1.0,0.007673,0.030884,0.002143,0.033027,1.0,0.033027
legacy,preprocessing,trim_R1_left,1.0.1,,./fastq/polyA_tso_trimmed/210615_391_A1_S1.0.1/Read1/probe/trim_R1_left.benchmark.txt,1,18.7285,24.0,37.43,1.281469,1.281469,0.006667,0.026833,8.3e-05,0.026917,1.281469,0.026917
legacy,align-annotate,demultiplex_probe,1.0.1,,./fastq/polyA_tso_trimmed/210615_391_A1_S1.0.1/Read1/probe/demultiplex_probe.benchmark.txt,4,1092.7619,4108.04,260.05,3.759318,4.0,1.21418,4.887074,0.033815,4.920889,4.0,4.920889
legacy,preprocessing,polyA_tso_filter,1.0.1,,./fastq/polyA_tso_trimmed/210615_391_A1_S1.0.1/Read1/filtered/polyA_tso_filter.benchmark.txt,1,257.6117,242.66,730.97,0.94196,1.0,0.071559,0.288024,0.022407,0.310431,1.0,0.310431
legacy,preprocessing,polyA_tso_trim,1.0.3,,./fastq/polyA_tso_trimmed/210615_391_A1_S1.0.3/Read2/tso_trimmed/polyA_tso_trim.benchmark.txt,4,38.6528,69.01,231.0,1.785382,4.0,0.042948,0.172864,0.001062,0.173926,4.0,0.173926
legacy,preprocessing,trim_R1_right,1.0.3,,./fastq/polyA_tso_trimmed/210615_391_A1_S1.0.3/Read1/spatial/trim_R1_right.benchmark.txt,1,121.9888,122.64,35.39,1.005338,1.005338,0.034067,0.137118,0.000514,0.137632,1.005338,0.137632
legacy,align-annotate,subseq_probes,1.0.3,,./fastq/polyA_tso_trimmed/210615_391_A1_S1.0.3/Read1/probe/subseq_probes.benchmark.txt,1,53.4417,64.56,2071.62,1.208045,1.208045,0.017933,0.072182,0.013174,0.085355,2.0,0.132675
legacy,preprocessing,trim_R1_left,1.0.3,,./fastq/polyA_tso_trimmed/210615_391_A1_S1.0.3/Read1/probe/trim_R1_left.benchmark.txt,1,43.5876,23.51,37.19,0.539374,1.0,0.012108,0.048733,0.000193,0.048926,1.0,0.048926
legacy,align-annotate,demultiplex_probe,1.0.3,,./fastq/polyA_tso_trimmed/210615_391_A1_S1.0.3/Read1/probe/demultiplex_probe.benchmark.txt,4,3373.9344,12904.62,241.79,3.824799,4.0,3.748816,15.088984,0.097073,15.186057,4.0,15.186057
legacy,preprocessing,polyA_tso_filter,1.0.3,,./fastq/polyA_tso_trimmed/210615_391_A1_S1.0.3/Read1/filtered/polyA_tso_filter.benchmark.txt,1,760.6855,848.51,2323.39,1.115454,1.115454,0.235697,0.948681,0.210305,1.158986,2.0,1.911282
legacy,taxonomy,mmseqs_vs_SILVA.m8.lca,1.0.2,,./microbial/210615_391_A1_S1.0.2/mmseqs/mmseqs_vs_SILVA.m8.lca.benchmark.txt,1,3634.2119,3532.5,52764.87,0.972013,1.0,1.009503,4.063251,22.817956,26.881207,30.0,144.71548
legacy,taxonomy,mmseqs_vs_SILVA.m8.add_silva_tax,1.0.2,,./microbial/210615_391_A1_S1.0.2/mmseqs/mmseqs_vs_SILVA.m8.add_silva_tax.benchmark.txt,1,2392.3363,2366.65,141.21,0.989263,1.0,0.664538,2.674765,0.040198,2.714963,1.0,2.714963
legacy,taxonomy,mmseqs_vs_SILVA.m8.best_hit_multiple,1.0.2,,./microbial/210615_391_A1_S1.0.2/mmseqs/mmseqs_vs_SILVA.m8.best_hit_multiple.benchmark.txt,1,25359.1098,25337.56,16.09,0.99915,1.0,7.044197,28.352894,0.048553,28.401446,1.0,28.401446
legacy,taxonomy,mmseqs_vs_SILVA,1.0.2,,./microbial/210615_391_A1_S1.0.2/mmseqs/mmseqs_vs_SILVA.benchmark.txt,10,67230.3937,641667.63,27155.74,9.544309,10.0,186.751094,751.673152,217.244561,968.917713,16.0,1419.921604
legacy,taxonomy,mmseqs_vs_SILVA.Eukaryota_species.spatial_pos,1.0.2,,./microbial/210615_391_A1_S1.0.2/tables/mmseqs_vs_SILVA.Eukaryota_species.spatial_pos.benchmark.txt,1,16.5465,13.88,10.68,0.838848,1.0,0.004596,0.0185,2.1e-05,0.018521,1.0,0.018521
legacy,taxonomy,mmseqs_vs_SILVA.Bacteria_phylum.spatial_pos,1.0.2,,./microbial/210615_391_A1_S1.0.2/tables/mmseqs_vs_SILVA.Bacteria_phylum.spatial_pos.benchmark.txt,1,62.6236,46.05,846.68,0.735346,1.0,0.017395,0.070017,0.006309,0.076326,1.0,0.076326
legacy,taxonomy,mmseqs_vs_SILVA.Eukaryota_genus.spatial_pos,1.0.2,,./microbial/210615_391_A1_S1.0.2/tables/mmseqs_vs_SILVA.Eukaryota_genus.spatial_pos.benchmark.txt,1,14.5266,14.37,10.64,0.98922,1.0,0.004035,0.016242,1.8e-05,0.01626,1.0,0.01626
legacy,taxonomy,mmseqs_vs_SILVA.Bacteria_species.spatial_pos,1.0.2,,./microbial/210615_391_A1_S1.0.2/tables/mmseqs_vs_SILVA.Bacteria_species.spatial_pos.benchmark.txt,1,57.4224,48.22,663.25,0.839742,1.0,0.015951,0.064201,0.004532,0.068733,1.0,0.068733
legacy,taxonomy,mmseqs_vs_SILVA.Eukaryota_phylum.spatial_pos,1.0.2,,./microbial/210615_391_A1_S1.0.2/tables/mmseqs_vs_SILVA.Eukaryota_phylum.spatial_pos.benchmark.txt,1,19.5581,15.89,10.82,0.812451,1.0,0.005433,0.021867,2.5e-05,0.021892,1.0,0.021892
legacy,taxonomy,mmseqs_vs_SILVA.Bacteria_genus.spatial_pos,1.0.2,,./microbial/210615_391_A1_S1.0.2/tables/mmseqs_vs_SILVA.Bacteria_genus.spatial_pos.benchmark.txt,1,65.3624,45.84,816.91,0.701321,1.0,0.018156,0.073079,0.006354,0.079432,1.0,0.079432
legacy,vsearch,vsearch,1.0.2,,./microbial/210615_391_A1_S1.0.2/vsearch/vsearch.benchmark.txt,1,45.7574,17.85,3128.53,0.390101,1.0,0.01271,0.051159,0.017034,0.068194,2.0,0.119353
legacy,umi-filter,UMI_filtering,1.0.2,,./microbial/210615_391_A1_S1.0.2/vsearch/UMI_filtering.benchmark.txt,1,166.1343,138.4,7880.7,0.833061,1.0,0.046148,0.185747,0.155792,0.34154,5.0,1.084529
legacy,taxonomy,mmseqs_vs_SILVA.m8.lca,1.0.1,,./microbial/210615_391_A1_S1.0.1/mmseqs/mmseqs_vs_SILVA.m8.lca.benchmark.txt,1,1744.1346,1696.76,28434.19,0.972838,1.0,0.484482,1.950039,5.901229,7.851268,17.0,39.051899
legacy,taxonomy,mmseqs_vs_SILVA.m8.add_silva_tax,1.0.1,,./microbial/210615_391_A1_S1.0.1/mmseqs/mmseqs_vs_SILVA.m8.add_silva_tax.benchmark.txt,1,1287.3107,1281.25,141.04,0.995292,1.0,0.357586,1.439285,0.021605,1.46089,1.0,1.46089
legacy,taxonomy,mmseqs_vs_SILVA.m8.best_hit_multiple,1.0.1,,./microbial/210615_391_A1_S1.0.1/mmseqs/mmseqs_vs_SILVA.m8.best_hit_multiple.benchmark.txt,1,12734.8033,12729.83,16.21,0.999609,1.0,3.537445,14.238218,0.024564,14.262781,1.0,14.262781
legacy,taxonomy,mmseqs_vs_SILVA,1.0.1,,./microbial/210615_391_A1_S1.0.1/mmseqs/mmseqs_vs_SILVA.benchmark.txt,10,37219.9987,356824.87,14575.12,9.586912,10.0,103.388885,416.140263,64.55206,480.692324,10.0,480.692324
legacy,taxonomy,mmseqs_vs_SILVA.Eukaryota_species.spatial_pos,1.0.1,,./microbial/210615_391_A1_S1.0.1/tables/mmseqs_vs_SILVA.Eukaryota_species.spatial_pos.benchmark.txt,1,7.818,7.14,10.83,0.913277,1.0,0.002172,0.008741,1e-05,0.008751,1.0,0.008751
legacy,taxonomy,mmseqs_vs_SILVA.Bacteria_phylum.spatial_pos,1.0.1,,./microbial/210615_391_A1_S1.0.1/tables/mmseqs_vs_SILVA.Bacteria_phylum.spatial_pos.benchmark.txt,1,32.2796,18.1,337.77,0.560726,1.0,0.008967,0.03609,0.001297,0.037388,1.0,0.037388
legacy,taxonomy,mmseqs_vs_SILVA.Eukaryota_genus.spatial_pos,1.0.1,,./microbial/210615_391_A1_S1.0.1/tables/mmseqs_vs_SILVA.Eukaryota_genus.spatial_pos.benchmark.txt,1,8.6607,7.96,10.74,0.919094,1.0,0.002406,0.009683,1.1e-05,0.009694,1.0,0.009694
legacy,taxonomy,mmseqs_vs_SILVA.Bacteria_species.spatial_pos,1.0.1,,./microbial/210615_391_A1_S1.0.1/tables/mmseqs_vs_SILVA.Bacteria_species.spatial_pos.benchmark.txt,1,33.0613,18.1,243.36,0.547468,1.0,0.009184,0.036964,0.000957,0.037922,1.0,0.037922
legacy,taxonomy,mmseqs_vs_SILVA.Eukaryota_phylum.spatial_pos,1.0.1,,./microbial/210615_391_A1_S1.0.1/tables/mmseqs_vs_SILVA.Eukaryota_phylum.spatial_pos.benchmark.txt,1,7.769,7.28,10.77,0.937058,1.0,0.002158,0.008686,1e-05,0.008696,1.0,0.008696
legacy,taxonomy,mmseqs_vs_SILVA.Bacteria_genus.spatial_pos,1.0.1,,./microbial/210615_391_A1_S1.0.1/tables/mmseqs_vs_SILVA.Bacteria_genus.spatial_pos.benchmark.txt,1,37.4043,18.26,297.87,0.488179,1.0,0.01039,0.04182,0.001326,0.043146,1.0,0.043146
legacy,vsearch,vsearch,1.0.1,,./microbial/210615_391_A1_S1.0.1/vsearch/vsearch.benchmark.txt,1,22.8506,17.78,2033.09,0.778098,1.0,0.006347,0.025548,0.005528,0.031076,2.0,0.056625
legacy,umi-filter,UMI_filtering,1.0.1,,./microbial/210615_391_A1_S1.0.1/vsearch/UMI_filtering.benchmark.txt,1,71.5864,47.8,4187.86,0.667725,1.0,0.019885,0.080038,0.035673,0.115711,3.0,0.275786
legacy,taxonomy,mmseqs_vs_SILVA.m8.lca,1.0.3,,./microbial/210615_391_A1_S1.0.3/mmseqs/mmseqs_vs_SILVA.m8.lca.benchmark.txt,1,5100.0279,4943.71,75407.27,0.96935,1.0,1.416674,5.702115,45.762252,51.464366,43.0,290.953176
legacy,taxonomy,mmseqs_vs_SILVA.m8.add_silva_tax,1.0.3,,./microbial/210615_391_A1_S1.0.3/mmseqs/mmseqs_vs_SILVA.m8.add_silva_tax.benchmark.txt,1,3457.8991,3423.87,141.03,0.990159,1.0,0.960528,3.866123,0.058029,3.924152,1.0,3.924152
legacy,taxonomy,mmseqs_vs_SILVA.m8.best_hit_multiple,1.0.3,,./microbial/210615_391_A1_S1.0.3/mmseqs/mmseqs_vs_SILVA.m8.best_hit_multiple.benchmark.txt,1,33518.3209,33493.12,16.29,0.999248,1.0,9.310645,37.475345,0.064972,37.540317,1.0,37.540317
legacy,taxonomy,mmseqs_vs_SILVA,1.0.3,,./microbial/210615_391_A1_S1.0.3/mmseqs/mmseqs_vs_SILVA.benchmark.txt,10,100429.4153,940735.43,40583.02,9.36713,10.0,278.970598,1122.856657,484.983444,1607.840101,23.0,3067.553755
legacy,taxonomy,mmseqs_vs_SILVA.Eukaryota_species.spatial_pos,1.0.3,,./microbial/210615_391_A1_S1.0.3/tables/mmseqs_vs_SILVA.Eukaryota_species.spatial_pos.benchmark.txt,1,22.8242,18.08,10.75,0.792142,1.0,0.00634,0.025519,2.9e-05,0.025548,1.0,0.025548
legacy,taxonomy,mmseqs_vs_SILVA.Bacteria_phylum.spatial_pos,1.0.3,,./microbial/210615_391_A1_S1.0.3/tables/mmseqs_vs_SILVA.Bacteria_phylum.spatial_pos.benchmark.txt,1,89.1171,78.13,1159.76,0.876712,1.0,0.024755,0.099638,0.012298,0.111936,1.0,0.111936
legacy,taxonomy,mmseqs_vs_SILVA.Eukaryota_genus.spatial_pos,1.0.3,,./microbial/210615_391_A1_S1.0.3/tables/mmseqs_vs_SILVA.Eukaryota_genus.spatial_pos.benchmark.txt,1,20.9151,18.57,10.96,0.887875,1.0,0.00581,0.023384,2.7e-05,0.023412,1.0,0.023412
legacy,taxonomy,mmseqs_vs_SILVA.Bacteria_species.spatial_pos,1.0.3,,./microbial/210615_391_A1_S1.0.3/tables/mmseqs_vs_SILVA.Bacteria_species.spatial_pos.benchmark.txt,1,82.8021,78.14,892.29,0.943696,1.0,0.023001,0.092577,0.008792,0.101369,1.0,0.101369
legacy,taxonomy,mmseqs_vs_SILVA.Eukaryota_phylum.spatial_pos,1.0.3,,./microbial/210615_391_A1_S1.0.3/tables/mmseqs_vs_SILVA.Eukaryota_phylum.spatial_pos.benchmark.txt,1,21.6738,18.16,10.83,0.837878,1.0,0.00602,0.024233,2.8e-05,0.02426,1.0,0.02426
legacy,taxonomy,mmseqs_vs_SILVA.Bacteria_genus.spatial_pos,1.0.3,,./microbial/210615_391_A1_S1.0.3/tables/mmseqs_vs_SILVA.Bacteria_genus.spatial_pos.benchmark.txt,1,91.074,78.24,1132.66,0.859082,1.0,0.025298,0.101826,0.012275,0.114101,1.0,0.114101
legacy,vsearch,vsearch,1.0.3,,./microbial/210615_391_A1_S1.0.3/vsearch/vsearch.benchmark.txt,1,72.4832,45.64,5990.99,0.629663,1.0,0.020134,0.08104,0.051672,0.132713,4.0,0.375833
legacy,umi-filter,UMI_filtering,1.0.3,,./microbial/210615_391_A1_S1.0.3/vsearch/UMI_filtering.benchmark.txt,1,229.6297,198.62,11452.37,0.864958,1.0,0.063786,0.256739,0.312928,0.569667,7.0,2.1101
legacy,align-annotate,st_pipeline_demultiplex_bacteria,1.0.2,,./st_pipeline/multi_map/210615_391_A1_S1.0.2/st_pipeline_demultiplex_bacteria.benchmark.txt,20,860.5768,9810.27,1174.77,11.399645,20.0,4.780982,19.243453,0.1203,19.363753,20.0,19.363753
legacy,align-annotate,st_pipeline_multi,1.0.2,,./st_pipeline/multi_map/210615_391_A1_S1.0.2/st_pipeline_multi.benchmark.txt,20,838.5126,4610.45,29869.98,5.498367,20.0,4.658403,18.750073,2.980342,21.730416,20.0,21.730416
legacy,align-annotate,process_demultiplex_bacteria,1.0.2,,./st_pipeline/multi_map/210615_391_A1_S1.0.2/process_demultiplex_bacteria.benchmark.txt,1,218.1984,167.73,54.09,0.768704,1.0,0.060611,0.243958,0.001404,0.245362,1.0,0.245362
legacy,align-annotate,st_pipeline_demultiplex_bacteria,1.0.1,,./st_pipeline/multi_map/210615_391_A1_S1.0.1/st_pipeline_demultiplex_bacteria.benchmark.txt,20,382.4409,4538.95,2057.2,11.86837,20.0,2.124672,8.551803,0.093619,8.645422,20.0,8.645422
legacy,align-annotate,st_pipeline_multi,1.0.1,,./st_pipeline/multi_map/210615_391_A1_S1.0.1/st_pipeline_multi.benchmark.txt,20,512.0306,2074.08,29542.12,4.050695,20.0,2.844614,11.449573,1.799945,13.249518,20.0,13.249518
legacy,align-annotate,process_demultiplex_bacteria,1.0.1,,./st_pipeline/multi_map/210615_391_A1_S1.0.1/process_demultiplex_bacteria.benchmark.txt,1,104.1089,83.3,55.34,0.800124,1.0,0.028919,0.1164,0.000686,0.117085,1.0,0.117085
legacy,align-annotate,st_pipeline_demultiplex_bacteria,1.0.3,,./st_pipeline/multi_map/210615_391_A1_S1.0.3/st_pipeline_demultiplex_bacteria.benchmark.txt,20,1040.5161,14499.12,1152.18,13.934547,20.0,5.780645,23.267096,0.142656,23.409752,20.0,23.409752
legacy,align-annotate,st_pipeline_multi,1.0.3,,./st_pipeline/multi_map/210615_391_A1_S1.0.3/st_pipeline_multi.benchmark.txt,20,1167.6865,6763.07,30190.75,5.791854,20.0,6.487147,26.110768,4.194902,30.305669,20.0,30.305669
legacy,align-annotate,process_demultiplex_bacteria,1.0.3,,./st_pipeline/multi_map/210615_391_A1_S1.0.3/process_demultiplex_bacteria.benchmark.txt,1,309.2475,276.75,55.88,0.894914,1.0,0.085902,0.345756,0.002056,0.347812,1.0,0.347812
legacy,align-annotate,st_pipeline_single,1.0.2,,./st_pipeline/single_map/210615_391_A1_S1.0.2/st_pipeline_single.benchmark.txt,20,2207.8675,5214.59,29777.04,2.361822,20.0,12.265931,49.37037,7.823051,57.193421,20.0,57.193421
legacy,align-annotate,st_pipeline_single,1.0.1,,./st_pipeline/single_map/210615_391_A1_S1.0.1/st_pipeline_single.benchmark.txt,20,1767.1192,3310.63,29574.37,1.873462,20.0,9.817329,39.514749,6.218748,45.733497,20.0,45.733497
legacy,align-annotate,st_pipeline_single,1.0.3,,./st_pipeline/single_map/210615_391_A1_S1.0.3/st_pipeline_single.benchmark.txt,20,3021.9904,8071.41,30021.52,2.670892,20.0,16.788836,67.575063,10.795615,78.370678,20.0,78.370678
updated,preprocessing,store_barcode_and_umi,1.0.2,,./results/fastq/210615_391_A1_S1.0.2/spatial/store_barcode_and_umi.benchmark.txt,4,14.24,33.04,95.59,2.320225,4.0,0.015822,0.063684,0.000162,0.063846,4.0,0.063846
updated,preprocessing,store_probe_sequence,1.0.2,,./results/fastq/210615_391_A1_S1.0.2/probe/store_probe_sequence.benchmark.txt,4,14.08,26.58,91.6,1.887784,4.0,0.015644,0.062969,0.000153,0.063122,4.0,0.063122
updated,align-annotate,subseq_probes,1.0.2,,./results/fastq/210615_391_A1_S1.0.2/probe/subseq_probes.benchmark.txt,4,7.78,17.29,551.51,2.222365,4.0,0.008644,0.034794,0.000511,0.035304,4.0,0.035304
updated,align-annotate,demultiplex_probe,1.0.2,,./results/fastq/210615_391_A1_S1.0.2/probe/demultiplex_probe.benchmark.txt,1,1526.93,1690.02,228.86,1.106809,1.106809,0.46945,1.889536,0.041583,1.931119,1.106809,1.931119
updated,preprocessing,trim_R2,1.0.2,,./results/fastq/210615_391_A1_S1.0.2/trim_R2/trim_R2.benchmark.txt,4,44.75,63.96,268.31,1.429274,4.0,0.049722,0.200132,0.001429,0.201561,4.0,0.201561
updated,preprocessing,store_barcode_and_umi,1.0.1,,./results/fastq/210615_391_A1_S1.0.1/spatial/store_barcode_and_umi.benchmark.txt,4,12.18,13.79,95.3,1.132184,4.0,0.013533,0.054472,0.000138,0.05461,4.0,0.05461
updated,preprocessing,store_probe_sequence,1.0.1,,./results/fastq/210615_391_A1_S1.0.1/probe/store_probe_sequence.benchmark.txt,4,6.13,10.17,93.64,1.659054,4.0,0.006811,0.027415,6.8e-05,0.027483,4.0,0.027483
updated,align-annotate,subseq_probes,1.0.1,,./results/fastq/210615_391_A1_S1.0.1/probe/subseq_probes.benchmark.txt,4,6.4,10.76,295.1,1.68125,4.0,0.007111,0.028622,0.000225,0.028847,4.0,0.028847
updated,align-annotate,demultiplex_probe,1.0.1,,./results/fastq/210615_391_A1_S1.0.1/probe/demultiplex_probe.benchmark.txt,1,779.92,866.63,237.81,1.111178,1.111178,0.240731,0.96894,0.02207,0.99101,1.111178,0.99101
updated,preprocessing,trim_R2,1.0.1,,./results/fastq/210615_391_A1_S1.0.1/trim_R2/trim_R2.benchmark.txt,4,21.37,70.8,272.56,3.313056,4.0,0.023744,0.095571,0.000693,0.096264,4.0,0.096264
updated,preprocessing,store_barcode_and_umi,1.0.3,,./results/fastq/210615_391_A1_S1.0.3/spatial/store_barcode_and_umi.benchmark.txt,4,14.27,35.95,99.93,2.519271,4.0,0.015856,0.063819,0.00017,0.063988,4.0,0.063988
updated,preprocessing,store_probe_sequence,1.0.3,,./results/fastq/210615_391_A1_S1.0.3/probe/store_probe_sequence.benchmark.txt,4,15.05,30.82,90.07,2.047841,4.0,0.016722,0.067307,0.000161,0.067468,4.0,0.067468
updated,align-annotate,subseq_probes,1.0.3,,./results/fastq/210615_391_A1_S1.0.3/probe/subseq_probes.benchmark.txt,4,13.88,30.37,652.28,2.18804,4.0,0.015422,0.062074,0.001077,0.063152,4.0,0.063152
updated,align-annotate,demultiplex_probe,1.0.3,,./results/fastq/210615_391_A1_S1.0.3/probe/demultiplex_probe.benchmark.txt,1,2296.56,2564.38,233.19,1.116618,1.116618,0.712328,2.867119,0.063725,2.930844,1.116618,2.930844
updated,preprocessing,trim_R2,1.0.3,,./results/fastq/210615_391_A1_S1.0.3/trim_R2/trim_R2.benchmark.txt,4,66.16,192.96,270.94,2.916566,4.0,0.073511,0.295882,0.002133,0.298015,4.0,0.298015
updated,align-annotate,st_pipeline_host_stats,1.0.2,,./results/host/210615_391_A1_S1.0.2/st_pipeline/st_pipeline_host_stats.benchmark.txt,1,18.07,15.22,1262.55,0.84228,1.0,0.005019,0.020203,0.002715,0.022918,1.0,0.022918
updated,align-annotate,stpipe_annotate,1.0.2,,./results/host/210615_391_A1_S1.0.2/st_pipeline/temp/stpipe_annotate.benchmark.txt,1,1694.93,1670.61,1251.39,0.985651,1.0,0.470814,1.895026,0.252386,2.147412,1.0,2.147412
updated,align-annotate,stpipe_demultiplex (host),1.0.2,,./results/host/210615_391_A1_S1.0.2/st_pipeline/temp/stpipe_demultiplex.benchmark.txt,4,281.52,295.28,277.21,1.048878,4.0,0.3128,1.25902,0.009286,1.268306,4.0,1.268306
updated,align-annotate,st_pipeline_host_stats,1.0.1,,./results/host/210615_391_A1_S1.0.1/st_pipeline/st_pipeline_host_stats.benchmark.txt,1,16.44,13.37,1100.67,0.81326,1.0,0.004567,0.018381,0.002153,0.020534,1.0,0.020534
updated,align-annotate,stpipe_annotate,1.0.1,,./results/host/210615_391_A1_S1.0.1/st_pipeline/temp/stpipe_annotate.benchmark.txt,1,1265.14,1247.93,1012.41,0.986397,1.0,0.351428,1.414497,0.152411,1.566908,1.0,1.566908
updated,align-annotate,stpipe_demultiplex (host),1.0.1,,./results/host/210615_391_A1_S1.0.1/st_pipeline/temp/stpipe_demultiplex.benchmark.txt,4,145.06,156.17,268.01,1.076589,4.0,0.161178,0.648741,0.004626,0.653367,4.0,0.653367
updated,align-annotate,st_pipeline_host_stats,1.0.3,,./results/host/210615_391_A1_S1.0.3/st_pipeline/st_pipeline_host_stats.benchmark.txt,1,18.84,16.07,1346.07,0.852972,1.0,0.005233,0.021064,0.003018,0.024082,1.0,0.024082
updated,align-annotate,stpipe_annotate,1.0.3,,./results/host/210615_391_A1_S1.0.3/st_pipeline/temp/stpipe_annotate.benchmark.txt,1,3096.71,3084.82,1383.82,0.99616,1.0,0.860197,3.462294,0.50992,3.972213,1.0,3.972213
updated,align-annotate,stpipe_demultiplex (host),1.0.3,,./results/host/210615_391_A1_S1.0.3/st_pipeline/temp/stpipe_demultiplex.benchmark.txt,4,490.56,530.28,281.01,1.080969,4.0,0.545067,2.193893,0.016403,2.210297,4.0,2.210297
updated,taxonomy,taxonomy_spatial_pos.Bacteria_species,1.0.2,,./results/microbial/210615_391_A1_S1.0.2/tables/taxonomy_spatial_pos.Bacteria_species.benchmark.txt,4,13.06,24.68,2869.98,1.88974,4.0,0.014511,0.058407,0.00446,0.062867,4.0,0.062867
updated,taxonomy,taxonomy_spatial_pos.Eukaryota_species,1.0.2,,./results/microbial/210615_391_A1_S1.0.2/tables/taxonomy_spatial_pos.Eukaryota_species.benchmark.txt,4,13.67,16.49,2892.19,1.206291,4.0,0.015189,0.061135,0.004705,0.06584,4.0,0.06584
updated,align-annotate,process_demultiplex_microbial,1.0.2,,./results/microbial/210615_391_A1_S1.0.2/st_pipeline/process_demultiplex_microbial.benchmark.txt,1,244.53,211.81,43.88,0.866192,1.0,0.067925,0.273398,0.001277,0.274675,1.0,0.274675
updated,align-annotate,stpipe_demultiplex (microbial),1.0.2,,./results/microbial/210615_391_A1_S1.0.2/st_pipeline/temp/stpipe_demultiplex.benchmark.txt,4,830.95,927.39,3324.72,1.11606,4.0,0.923278,3.716193,0.328739,4.044932,4.0,4.044932
updated,umi-filter,filter_by_umi,1.0.2,,./results/microbial/210615_391_A1_S1.0.2/vsearch/filter_by_umi.benchmark.txt,4,36.03,59.1,5493.62,1.6403,4.0,0.040033,0.161134,0.023553,0.184687,4.0,0.184687
updated,vsearch,vsearch,1.0.2,,./results/microbial/210615_391_A1_S1.0.2/vsearch/vsearch.benchmark.txt,1,48.35,15.19,2914.95,0.314168,1.0,0.013431,0.054058,0.016771,0.070829,2.0,0.124887
updated,taxonomy,split_vsearch,1.0.2,,./results/microbial/210615_391_A1_S1.0.2/vsearch/split_vsearch.benchmark.txt,4,10.74,10.83,98.11,1.00838,4.0,0.011933,0.048032,0.000125,0.048157,4.0,0.048157
updated,taxonomy,taxonomy_spatial_pos.Bacteria_species,1.0.1,,./results/microbial/210615_391_A1_S1.0.1/tables/taxonomy_spatial_pos.Bacteria_species.benchmark.txt,4,5.45,12.76,1655.22,2.341284,4.0,0.006056,0.024374,0.001073,0.025447,4.0,0.025447
updated,taxonomy,taxonomy_spatial_pos.Eukaryota_species,1.0.1,,./results/microbial/210615_391_A1_S1.0.1/tables/taxonomy_spatial_pos.Eukaryota_species.benchmark.txt,4,5.92,8.72,1490.29,1.472973,4.0,0.006578,0.026476,0.00105,0.027525,4.0,0.027525
updated,align-annotate,process_demultiplex_microbial,1.0.1,,./results/microbial/210615_391_A1_S1.0.1/st_pipeline/process_demultiplex_microbial.benchmark.txt,1,120.33,122.33,44.12,1.016621,1.016621,0.033981,0.136772,0.000632,0.137403,1.016621,0.137403
updated,align-annotate,stpipe_demultiplex (microbial),1.0.1,,./results/microbial/210615_391_A1_S1.0.1/st_pipeline/temp/stpipe_demultiplex.benchmark.txt,4,535.53,567.97,2055.73,1.060576,4.0,0.595033,2.395009,0.131,2.526009,4.0,2.526009
updated,umi-filter,filter_by_umi,1.0.1,,./results/microbial/210615_391_A1_S1.0.1/vsearch/filter_by_umi.benchmark.txt,4,35.13,26.33,2124.79,0.749502,4.0,0.039033,0.157109,0.008882,0.165991,4.0,0.165991
updated,vsearch,vsearch,1.0.1,,./results/microbial/210615_391_A1_S1.0.1/vsearch/vsearch.benchmark.txt,1,21.83,18.38,2034.79,0.841961,1.0,0.006064,0.024407,0.005286,0.029693,2.0,0.0541
updated,taxonomy,split_vsearch,1.0.1,,./results/microbial/210615_391_A1_S1.0.1/vsearch/split_vsearch.benchmark.txt,4,5.07,5.18,97.02,1.021696,4.0,0.005633,0.022674,5.9e-05,0.022733,4.0,0.022733
updated,taxonomy,taxonomy_spatial_pos.Bacteria_species,1.0.3,,./results/microbial/210615_391_A1_S1.0.3/tables/taxonomy_spatial_pos.Bacteria_species.benchmark.txt,4,15.94,30.05,4574.79,1.885194,4.0,0.017711,0.071287,0.008677,0.079964,4.0,0.079964
updated,taxonomy,taxonomy_spatial_pos.Eukaryota_species,1.0.3,,./results/microbial/210615_391_A1_S1.0.3/tables/taxonomy_spatial_pos.Eukaryota_species.benchmark.txt,4,13.8,22.33,4634.16,1.618116,4.0,0.015333,0.061717,0.00761,0.069326,4.0,0.069326
updated,align-annotate,process_demultiplex_microbial,1.0.3,,./results/microbial/210615_391_A1_S1.0.3/st_pipeline/process_demultiplex_microbial.benchmark.txt,1,355.32,359.4,43.79,1.011483,1.011483,0.099833,0.401829,0.001851,0.403681,1.011483,0.403681
updated,align-annotate,stpipe_demultiplex (microbial),1.0.3,,./results/microbial/210615_391_A1_S1.0.3/st_pipeline/temp/stpipe_demultiplex.benchmark.txt,4,1211.9,1332.97,3321.27,1.099901,4.0,1.346556,5.419886,0.478953,5.898839,4.0,5.898839
updated,umi-filter,filter_by_umi,1.0.3,,./results/microbial/210615_391_A1_S1.0.3/vsearch/filter_by_umi.benchmark.txt,4,75.92,145.7,7310.59,1.919125,4.0,0.084356,0.339531,0.066044,0.405575,5.0,0.490457
updated,vsearch,vsearch,1.0.3,,./results/microbial/210615_391_A1_S1.0.3/vsearch/vsearch.benchmark.txt,1,66.62,47.44,5569.56,0.712098,1.0,0.018506,0.074485,0.044152,0.118637,4.0,0.342091
updated,taxonomy,split_vsearch,1.0.3,,./results/microbial/210615_391_A1_S1.0.3/vsearch/split_vsearch.benchmark.txt,4,13.0,14.63,101.57,1.125385,4.0,0.014444,0.058139,0.000157,0.058296,4.0,0.058296
updated,align-annotate,stpipe_align,1.0.2,,./results/st_pipeline/210615_391_A1_S1.0.2/stpipe_align.benchmark.txt,20,365.57,2913.28,28083.27,7.969144,20.0,2.030944,8.174551,1.22163,9.396182,20.0,9.396182
updated,align-annotate,stpipe_trim,1.0.2,,./results/st_pipeline/210615_391_A1_S1.0.2/temp/stpipe_trim.benchmark.txt,1,357.28,347.82,85.16,0.973522,1.0,0.099244,0.399459,0.00362,0.403079,1.0,0.403079
updated,align-annotate,stpipe_align,1.0.1,,./results/st_pipeline/210615_391_A1_S1.0.1/stpipe_align.benchmark.txt,20,197.68,1186.11,27778.0,6.000152,20.0,1.098222,4.420344,0.653409,5.073754,20.0,5.073754
updated,align-annotate,stpipe_trim,1.0.1,,./results/st_pipeline/210615_391_A1_S1.0.1/temp/stpipe_trim.benchmark.txt,1,167.82,136.59,83.11,0.813908,1.0,0.046617,0.187632,0.00166,0.189292,1.0,0.189292
updated,align-annotate,stpipe_align,1.0.3,,./results/st_pipeline/210615_391_A1_S1.0.3/stpipe_align.benchmark.txt,20,436.49,3393.93,28404.76,7.775505,20.0,2.424944,9.760401,1.475323,11.235724,20.0,11.235724
updated,align-annotate,stpipe_trim,1.0.3,,./results/st_pipeline/210615_391_A1_S1.0.3/temp/stpipe_trim.benchmark.txt,1,503.62,498.89,83.34,0.990608,1.0,0.139894,0.563075,0.004994,0.568069,1.0,0.568069
updated,taxonomy,mmseqs_bestmatch_db,1.0.2,4.0,./microbial/210615_391_A1_S1.0.2/mmseqs/splits/004/mmseqs_bestmatch_db.benchmark.txt,1,0.83,0.49,223.25,0.590361,1.0,0.000231,0.000928,2.2e-05,0.00095,1.0,0.00095
updated,taxonomy,parse_mmseqs_easy_taxonomy_SILVA,1.0.2,4.0,./microbial/210615_391_A1_S1.0.2/mmseqs/splits/004/nuc/parse_mmseqs_easy_taxonomy_SILVA.benchmark.txt,2,0.82,0.76,215.89,0.926829,2.0,0.000456,0.001834,2.1e-05,0.001855,2.0,0.001855
updated,taxonomy,mmseqs_easy_taxonomy_vs_SILVA,1.0.2,4.0,./microbial/210615_391_A1_S1.0.2/mmseqs/splits/004/nuc/mmseqs_easy_taxonomy_vs_SILVA.benchmark.txt,10,317.74,2815.51,11119.45,8.86105,10.0,0.882611,3.55251,0.420414,3.972923,10.0,3.972923
updated,taxonomy,mmseqs_bestmatch_db,1.0.2,46.0,./microbial/210615_391_A1_S1.0.2/mmseqs/splits/046/mmseqs_bestmatch_db.benchmark.txt,1,0.9,0.55,177.95,0.611111,1.0,0.00025,0.001006,1.9e-05,0.001025,1.0,0.001025
updated,taxonomy,parse_mmseqs_easy_taxonomy_SILVA,1.0.2,46.0,./microbial/210615_391_A1_S1.0.2/mmseqs/splits/046/nuc/parse_mmseqs_easy_taxonomy_SILVA.benchmark.txt,2,0.99,0.91,223.26,0.919192,2.0,0.00055,0.002214,2.6e-05,0.00224,2.0,0.00224
updated,taxonomy,mmseqs_easy_taxonomy_vs_SILVA,1.0.2,46.0,./microbial/210615_391_A1_S1.0.2/mmseqs/splits/046/nuc/mmseqs_easy_taxonomy_vs_SILVA.benchmark.txt,10,281.06,2503.75,11177.97,8.90824,10.0,0.780722,3.142407,0.373838,3.516245,10.0,3.516245
updated,taxonomy,mmseqs_bestmatch_db,1.0.2,187.0,./microbial/210615_391_A1_S1.0.2/mmseqs/splits/187/mmseqs_bestmatch_db.benchmark.txt,1,0.88,0.51,164.44,0.579545,1.0,0.000244,0.000984,1.7e-05,0.001001,1.0,0.001001
updated,taxonomy,parse_mmseqs_easy_taxonomy_SILVA,1.0.2,187.0,./microbial/210615_391_A1_S1.0.2/mmseqs/splits/187/nuc/parse_mmseqs_easy_taxonomy_SILVA.benchmark.txt,2,1.13,0.73,191.97,0.646018,2.0,0.000628,0.002527,2.6e-05,0.002553,2.0,0.002553
updated,taxonomy,mmseqs_easy_taxonomy_vs_SILVA,1.0.2,187.0,./microbial/210615_391_A1_S1.0.2/mmseqs/splits/187/nuc/mmseqs_easy_taxonomy_vs_SILVA.benchmark.txt,10,314.61,2774.97,11134.87,8.820349,10.0,0.873917,3.517515,0.41685,3.934364,10.0,3.934364
updated,taxonomy,mmseqs_bestmatch_db,1.0.2,5.0,./microbial/210615_391_A1_S1.0.2/mmseqs/splits/005/mmseqs_bestmatch_db.benchmark.txt,1,0.75,0.6,200.71,0.8,1.0,0.000208,0.000839,1.8e-05,0.000856,1.0,0.000856
updated,taxonomy,parse_mmseqs_easy_taxonomy_SILVA,1.0.2,5.0,./microbial/210615_391_A1_S1.0.2/mmseqs/splits/005/nuc/parse_mmseqs_easy_taxonomy_SILVA.benchmark.txt,2,1.07,1.03,207.77,0.962617,2.0,0.000594,0.002393,2.6e-05,0.002419,2.0,0.002419
updated,taxonomy,mmseqs_easy_taxonomy_vs_SILVA,1.0.2,5.0,./microbial/210615_391_A1_S1.0.2/mmseqs/splits/005/nuc/mmseqs_easy_taxonomy_vs_SILVA.benchmark.txt,10,388.08,3420.83,11121.69,8.814755,10.0,1.078,4.33895,0.513587,4.852537,10.0,4.852537
updated,taxonomy,mmseqs_bestmatch_db,1.0.2,144.0,./microbial/210615_391_A1_S1.0.2/mmseqs/splits/144/mmseqs_bestmatch_db.benchmark.txt,1,0.68,0.12,40.39,0.176471,1.0,0.000189,0.00076,3e-06,0.000764,1.0,0.000764
updated,taxonomy,parse_mmseqs_easy_taxonomy_SILVA,1.0.2,144.0,./microbial/210615_391_A1_S1.0.2/mmseqs/splits/144/nuc/parse_mmseqs_easy_taxonomy_SILVA.benchmark.txt,2,1.98,0.47,137.45,0.237374,2.0,0.0011,0.004428,3.2e-05,0.00446,2.0,0.00446
updated,taxonomy,mmseqs_easy_taxonomy_vs_SILVA,1.0.2,144.0,./microbial/210615_391_A1_S1.0.2/mmseqs/splits/144/nuc/mmseqs_easy_taxonomy_vs_SILVA.benchmark.txt,10,298.75,2492.9,11178.21,8.344435,10.0,0.829861,3.340191,0.397376,3.737567,10.0,3.737567
updated,taxonomy,mmseqs_bestmatch_db,1.0.2,83.0,./microbial/210615_391_A1_S1.0.2/mmseqs/splits/083/mmseqs_bestmatch_db.benchmark.txt,1,0.78,0.62,191.31,0.794872,1.0,0.000217,0.000872,1.8e-05,0.00089,1.0,0.00089
updated,taxonomy,parse_mmseqs_easy_taxonomy_SILVA,1.0.2,83.0,./microbial/210615_391_A1_S1.0.2/mmseqs/splits/083/nuc/parse_mmseqs_easy_taxonomy_SILVA.benchmark.txt,2,0.95,0.9,224.95,0.947368,2.0,0.000528,0.002124,2.5e-05,0.00215,2.0,0.00215
updated,taxonomy,mmseqs_easy_taxonomy_vs_SILVA,1.0.2,83.0,./microbial/210615_391_A1_S1.0.2/mmseqs/splits/083/nuc/mmseqs_easy_taxonomy_vs_SILVA.benchmark.txt,10,301.84,2532.93,11158.31,8.391631,10.0,0.838444,3.374739,0.400772,3.77551,10.0,3.77551
updated,taxonomy,mmseqs_bestmatch_db,1.0.2,10.0,./microbial/210615_391_A1_S1.0.2/mmseqs/splits/010/mmseqs_bestmatch_db.benchmark.txt,1,0.76,0.59,195.41,0.776316,1.0,0.000211,0.00085,1.8e-05,0.000867,1.0,0.000867
updated,taxonomy,parse_mmseqs_easy_taxonomy_SILVA,1.0.2,10.0,./microbial/210615_391_A1_S1.0.2/mmseqs/splits/010/nuc/parse_mmseqs_easy_taxonomy_SILVA.benchmark.txt,2,1.69,0.56,183.25,0.331361,2.0,0.000939,0.003779,3.7e-05,0.003816,2.0,0.003816
updated,taxonomy,mmseqs_easy_taxonomy_vs_SILVA,1.0.2,10.0,./microbial/210615_391_A1_S1.0.2/mmseqs/splits/010/nuc/mmseqs_easy_taxonomy_vs_SILVA.benchmark.txt,10,282.2,2515.82,11168.89,8.915025,10.0,0.783889,3.155153,0.37505,3.530202,10.0,3.530202
updated,taxonomy,mmseqs_bestmatch_db,1.0.2,97.0,./microbial/210615_391_A1_S1.0.2/mmseqs/splits/097/mmseqs_bestmatch_db.benchmark.txt,1,0.86,0.55,164.68,0.639535,1.0,0.000239,0.000962,1.7e-05,0.000978,1.0,0.000978
updated,taxonomy,parse_mmseqs_easy_taxonomy_SILVA,1.0.2,97.0,./microbial/210615_391_A1_S1.0.2/mmseqs/splits/097/nuc/parse_mmseqs_easy_taxonomy_SILVA.benchmark.txt,2,0.88,0.91,232.03,1.034091,2.0,0.000489,0.001968,2.4e-05,0.001992,2.0,0.001992
updated,taxonomy,mmseqs_easy_taxonomy_vs_SILVA,1.0.2,97.0,./microbial/210615_391_A1_S1.0.2/mmseqs/splits/097/nuc/mmseqs_easy_taxonomy_vs_SILVA.benchmark.txt,10,345.72,3119.75,11144.47,9.023921,10.0,0.960333,3.865342,0.458464,4.323806,10.0,4.323806
updated,taxonomy,mmseqs_bestmatch_db,1.0.2,23.0,./microbial/210615_391_A1_S1.0.2/mmseqs/splits/023/mmseqs_bestmatch_db.benchmark.txt,1,0.97,0.81,188.47,0.835052,1.0,0.000269,0.001085,2.2e-05,0.001106,1.0,0.001106
updated,taxonomy,parse_mmseqs_easy_taxonomy_SILVA,1.0.2,23.0,./microbial/210615_391_A1_S1.0.2/mmseqs/splits/023/nuc/parse_mmseqs_easy_taxonomy_SILVA.benchmark.txt,2,0.88,0.84,227.8,0.954545,2.0,0.000489,0.001968,2.4e-05,0.001992,2.0,0.001992
updated,taxonomy,mmseqs_easy_taxonomy_vs_SILVA,1.0.2,23.0,./microbial/210615_391_A1_S1.0.2/mmseqs/splits/023/nuc/mmseqs_easy_taxonomy_vs_SILVA.benchmark.txt,10,341.49,3119.57,11187.03,9.135172,10.0,0.948583,3.818048,0.454584,4.272632,10.0,4.272632
updated,taxonomy,mmseqs_bestmatch_db,1.0.2,177.0,./microbial/210615_391_A1_S1.0.2/mmseqs/splits/177/mmseqs_bestmatch_db.benchmark.txt,1,0.73,0.62,178.67,0.849315,1.0,0.000203,0.000816,1.6e-05,0.000832,1.0,0.000832
updated,taxonomy,parse_mmseqs_easy_taxonomy_SILVA,1.0.2,177.0,./microbial/210615_391_A1_S1.0.2/mmseqs/splits/177/nuc/parse_mmseqs_easy_taxonomy_SILVA.benchmark.txt,2,0.92,0.85,230.29,0.923913,2.0,0.000511,0.002057,2.5e-05,0.002082,2.0,0.002082
updated,taxonomy,mmseqs_easy_taxonomy_vs_SILVA,1.0.2,177.0,./microbial/210615_391_A1_S1.0.2/mmseqs/splits/177/nuc/mmseqs_easy_taxonomy_vs_SILVA.benchmark.txt,10,379.85,3378.84,11197.82,8.895195,10.0,1.055139,4.246934,0.506136,4.75307,10.0,4.75307
updated,taxonomy,mmseqs_bestmatch_db,1.0.2,223.0,./microbial/210615_391_A1_S1.0.2/mmseqs/splits/223/mmseqs_bestmatch_db.benchmark.txt,1,0.74,0.57,176.45,0.77027,1.0,0.000206,0.000827,1.6e-05,0.000843,1.0,0.000843
updated,taxonomy,parse_mmseqs_easy_taxonomy_SILVA,1.0.2,223.0,./microbial/210615_391_A1_S1.0.2/mmseqs/splits/223/nuc/parse_mmseqs_easy_taxonomy_SILVA.benchmark.txt,2,1.04,0.61,201.06,0.586538,2.0,0.000578,0.002326,2.5e-05,0.00235,2.0,0.00235
updated,taxonomy,mmseqs_easy_taxonomy_vs_SILVA,1.0.2,223.0,./microbial/210615_391_A1_S1.0.2/mmseqs/splits/223/nuc/mmseqs_easy_taxonomy_vs_SILVA.benchmark.txt,10,288.07,2527.31,11137.46,8.77325,10.0,0.800194,3.220783,0.381774,3.602556,10.0,3.602556
updated,taxonomy,mmseqs_bestmatch_db,1.0.2,110.0,./microbial/210615_391_A1_S1.0.2/mmseqs/splits/110/mmseqs_bestmatch_db.benchmark.txt,1,0.62,0.09,37.45,0.145161,1.0,0.000172,0.000693,3e-06,0.000696,1.0,0.000696
updated,taxonomy,parse_mmseqs_easy_taxonomy_SILVA,1.0.2,110.0,./microbial/210615_391_A1_S1.0.2/mmseqs/splits/110/nuc/parse_mmseqs_easy_taxonomy_SILVA.benchmark.txt,2,0.87,0.08,37.29,0.091954,2.0,0.000483,0.001945,4e-06,0.001949,2.0,0.001949
updated,taxonomy,mmseqs_easy_taxonomy_vs_SILVA,1.0.2,110.0,./microbial/210615_391_A1_S1.0.2/mmseqs/splits/110/nuc/mmseqs_easy_taxonomy_vs_SILVA.benchmark.txt,10,324.2,2804.49,11163.14,8.650494,10.0,0.900556,3.624736,0.430647,4.055383,10.0,4.055383
updated,taxonomy,mmseqs_bestmatch_db,1.0.2,218.0,./microbial/210615_391_A1_S1.0.2/mmseqs/splits/218/mmseqs_bestmatch_db.benchmark.txt,1,0.9,0.45,170.4,0.5,1.0,0.00025,0.001006,1.8e-05,0.001024,1.0,0.001024
updated,taxonomy,parse_mmseqs_easy_taxonomy_SILVA,1.0.2,218.0,./microbial/210615_391_A1_S1.0.2/mmseqs/splits/218/nuc/parse_mmseqs_easy_taxonomy_SILVA.benchmark.txt,2,2.0,0.36,94.0,0.18,2.0,0.001111,0.004472,2.2e-05,0.004495,2.0,0.004495
updated,taxonomy,mmseqs_easy_taxonomy_vs_SILVA,1.0.2,218.0,./microbial/210615_391_A1_S1.0.2/mmseqs/splits/218/nuc/mmseqs_easy_taxonomy_vs_SILVA.benchmark.txt,10,274.84,2520.64,11185.36,9.1713,10.0,0.763444,3.072864,0.365807,3.43867,10.0,3.43867
updated,taxonomy,mmseqs_bestmatch_db,1.0.2,236.0,./microbial/210615_391_A1_S1.0.2/mmseqs/splits/236/mmseqs_bestmatch_db.benchmark.txt,1,0.67,0.09,40.07,0.134328,1.0,0.000186,0.000749,3e-06,0.000752,1.0,0.000752
updated,taxonomy,parse_mmseqs_easy_taxonomy_SILVA,1.0.2,236.0,./microbial/210615_391_A1_S1.0.2/mmseqs/splits/236/nuc/parse_mmseqs_easy_taxonomy_SILVA.benchmark.txt,2,0.96,0.96,224.82,1.0,2.0,0.000533,0.002147,2.6e-05,0.002172,2.0,0.002172
updated,taxonomy,mmseqs_easy_taxonomy_vs_SILVA,1.0.2,236.0,./microbial/210615_391_A1_S1.0.2/mmseqs/splits/236/nuc/mmseqs_easy_taxonomy_vs_SILVA.benchmark.txt,10,273.39,2521.32,11178.01,9.222429,10.0,0.759417,3.056652,0.363638,3.42029,10.0,3.42029
updated,taxonomy,mmseqs_bestmatch_db,1.0.2,71.0,./microbial/210615_391_A1_S1.0.2/mmseqs/splits/071/mmseqs_bestmatch_db.benchmark.txt,1,0.67,0.09,36.88,0.134328,1.0,0.000186,0.000749,3e-06,0.000752,1.0,0.000752
updated,taxonomy,parse_mmseqs_easy_taxonomy_SILVA,1.0.2,71.0,./microbial/210615_391_A1_S1.0.2/mmseqs/splits/071/nuc/parse_mmseqs_easy_taxonomy_SILVA.benchmark.txt,2,2.02,0.62,116.53,0.306931,2.0,0.001122,0.004517,2.8e-05,0.004545,2.0,0.004545
updated,taxonomy,mmseqs_easy_taxonomy_vs_SILVA,1.0.2,71.0,./microbial/210615_391_A1_S1.0.2/mmseqs/splits/071/nuc/mmseqs_easy_taxonomy_vs_SILVA.benchmark.txt,10,292.53,2567.0,11151.54,8.775168,10.0,0.812583,3.270648,0.388174,3.658822,10.0,3.658822
updated,taxonomy,mmseqs_bestmatch_db,1.0.2,60.0,./microbial/210615_391_A1_S1.0.2/mmseqs/splits/060/mmseqs_bestmatch_db.benchmark.txt,1,0.79,0.52,189.02,0.658228,1.0,0.000219,0.000883,1.8e-05,0.000901,1.0,0.000901
updated,taxonomy,parse_mmseqs_easy_taxonomy_SILVA,1.0.2,60.0,./microbial/210615_391_A1_S1.0.2/mmseqs/splits/060/nuc/parse_mmseqs_easy_taxonomy_SILVA.benchmark.txt,2,1.06,0.78,201.93,0.735849,2.0,0.000589,0.00237,2.5e-05,0.002396,2.0,0.002396
updated,taxonomy,mmseqs_easy_taxonomy_vs_SILVA,1.0.2,60.0,./microbial/210615_391_A1_S1.0.2/mmseqs/splits/060/nuc/mmseqs_easy_taxonomy_vs_SILVA.benchmark.txt,10,278.18,2524.63,11176.15,9.075527,10.0,0.772722,3.110207,0.369947,3.480154,10.0,3.480154
updated,taxonomy,mmseqs_bestmatch_db,1.0.2,116.0,./microbial/210615_391_A1_S1.0.2/mmseqs/splits/116/mmseqs_bestmatch_db.benchmark.txt,1,0.79,0.5,173.62,0.632911,1.0,0.000219,0.000883,1.6e-05,0.0009,1.0,0.0009
updated,taxonomy,parse_mmseqs_easy_taxonomy_SILVA,1.0.2,116.0,./microbial/210615_391_A1_S1.0.2/mmseqs/splits/116/nuc/parse_mmseqs_easy_taxonomy_SILVA.benchmark.txt,2,0.98,0.98,234.37,1.0,2.0,0.000544,0.002191,2.7e-05,0.002219,2.0,0.002219
updated,taxonomy,mmseqs_easy_taxonomy_vs_SILVA,1.0.2,116.0,./microbial/210615_391_A1_S1.0.2/mmseqs/splits/116/nuc/mmseqs_easy_taxonomy_vs_SILVA.benchmark.txt,10,290.2,2465.37,11161.23,8.495417,10.0,0.806111,3.244597,0.385417,3.630014,10.0,3.630014
updated,taxonomy,mmseqs_bestmatch_db,1.0.2,128.0,./microbial/210615_391_A1_S1.0.2/mmseqs/splits/128/mmseqs_bestmatch_db.benchmark.txt,1,0.8,0.66,189.54,0.825,1.0,0.000222,0.000894,1.8e-05,0.000912,1.0,0.000912
updated,taxonomy,parse_mmseqs_easy_taxonomy_SILVA,1.0.2,128.0,./microbial/210615_391_A1_S1.0.2/mmseqs/splits/128/nuc/parse_mmseqs_easy_taxonomy_SILVA.benchmark.txt,2,1.55,0.7,207.94,0.451613,2.0,0.000861,0.003466,3.8e-05,0.003504,2.0,0.003504
updated,taxonomy,mmseqs_easy_taxonomy_vs_SILVA,1.0.2,128.0,./microbial/210615_391_A1_S1.0.2/mmseqs/splits/128/nuc/mmseqs_easy_taxonomy_vs_SILVA.benchmark.txt,10,307.69,2845.23,11152.73,9.247067,10.0,0.854694,3.440145,0.408335,3.84848,10.0,3.84848
updated,taxonomy,mmseqs_bestmatch_db,1.0.2,117.0,./microbial/210615_391_A1_S1.0.2/mmseqs/splits/117/mmseqs_bestmatch_db.benchmark.txt,1,0.74,0.65,181.0,0.878378,1.0,0.000206,0.000827,1.6e-05,0.000843,1.0,0.000843
updated,taxonomy,parse_mmseqs_easy_taxonomy_SILVA,1.0.2,117.0,./microbial/210615_391_A1_S1.0.2/mmseqs/splits/117/nuc/parse_mmseqs_easy_taxonomy_SILVA.benchmark.txt,2,1.14,0.77,200.55,0.675439,2.0,0.000633,0.002549,2.7e-05,0.002576,2.0,0.002576
updated,taxonomy,mmseqs_easy_taxonomy_vs_SILVA,1.0.2,117.0,./microbial/210615_391_A1_S1.0.2/mmseqs/splits/117/nuc/mmseqs_easy_taxonomy_vs_SILVA.benchmark.txt,10,293.87,2521.5,11132.7,8.580325,10.0,0.816306,3.28563,0.389294,3.674924,10.0,3.674924
updated,taxonomy,mmseqs_bestmatch_db,1.0.2,248.0,./microbial/210615_391_A1_S1.0.2/mmseqs/splits/248/mmseqs_bestmatch_db.benchmark.txt,1,0.75,0.54,182.85,0.72,1.0,0.000208,0.000839,1.6e-05,0.000855,1.0,0.000855
updated,taxonomy,parse_mmseqs_easy_taxonomy_SILVA,1.0.2,248.0,./microbial/210615_391_A1_S1.0.2/mmseqs/splits/248/nuc/parse_mmseqs_easy_taxonomy_SILVA.benchmark.txt,2,1.38,0.36,120.54,0.26087,2.0,0.000767,0.003086,2e-05,0.003106,2.0,0.003106
updated,taxonomy,mmseqs_easy_taxonomy_vs_SILVA,1.0.2,248.0,./microbial/210615_391_A1_S1.0.2/mmseqs/splits/248/nuc/mmseqs_easy_taxonomy_vs_SILVA.benchmark.txt,10,311.9,2794.95,11184.95,8.961045,10.0,0.866389,3.487215,0.415117,3.902333,10.0,3.902333
updated,taxonomy,mmseqs_bestmatch_db,1.0.2,12.0,./microbial/210615_391_A1_S1.0.2/mmseqs/splits/012/mmseqs_bestmatch_db.benchmark.txt,1,1.04,0.6,170.62,0.576923,1.0,0.000289,0.001163,2.1e-05,0.001184,1.0,0.001184
updated,taxonomy,parse_mmseqs_easy_taxonomy_SILVA,1.0.2,12.0,./microbial/210615_391_A1_S1.0.2/mmseqs/splits/012/nuc/parse_mmseqs_easy_taxonomy_SILVA.benchmark.txt,2,0.87,0.77,210.15,0.885057,2.0,0.000483,0.001945,2.2e-05,0.001967,2.0,0.001967
updated,taxonomy,mmseqs_easy_taxonomy_vs_SILVA,1.0.2,12.0,./microbial/210615_391_A1_S1.0.2/mmseqs/splits/012/nuc/mmseqs_easy_taxonomy_vs_SILVA.benchmark.txt,10,315.62,2827.44,11129.31,8.958368,10.0,0.876722,3.528807,0.417979,3.946786,10.0,3.946786
updated,taxonomy,mmseqs_bestmatch_db,1.0.2,205.0,./microbial/210615_391_A1_S1.0.2/mmseqs/splits/205/mmseqs_bestmatch_db.benchmark.txt,1,0.76,0.55,177.46,0.723684,1.0,0.000211,0.00085,1.6e-05,0.000866,1.0,0.000866
updated,taxonomy,parse_mmseqs_easy_taxonomy_SILVA,1.0.2,205.0,./microbial/210615_391_A1_S1.0.2/mmseqs/splits/205/nuc/parse_mmseqs_easy_taxonomy_SILVA.benchmark.txt,2,1.07,0.6,188.96,0.560748,2.0,0.000594,0.002393,2.4e-05,0.002417,2.0,0.002417
updated,taxonomy,mmseqs_easy_taxonomy_vs_SILVA,1.0.2,205.0,./microbial/210615_391_A1_S1.0.2/mmseqs/splits/205/nuc/mmseqs_easy_taxonomy_vs_SILVA.benchmark.txt,10,301.95,2804.34,11178.9,9.287432,10.0,0.83875,3.375969,0.401657,3.777626,10.0,3.777626
updated,taxonomy,mmseqs_bestmatch_db,1.0.2,67.0,./microbial/210615_391_A1_S1.0.2/mmseqs/splits/067/mmseqs_bestmatch_db.benchmark.txt,1,0.74,0.1,43.05,0.135135,1.0,0.000206,0.000827,4e-06,0.000831,1.0,0.000831
updated,taxonomy,parse_mmseqs_easy_taxonomy_SILVA,1.0.2,67.0,./microbial/210615_391_A1_S1.0.2/mmseqs/splits/067/nuc/parse_mmseqs_easy_taxonomy_SILVA.benchmark.txt,2,3.29,1.16,182.28,0.352584,2.0,0.001828,0.007357,7.1e-05,0.007428,2.0,0.007428
updated,taxonomy,mmseqs_easy_taxonomy_vs_SILVA,1.0.2,67.0,./microbial/210615_391_A1_S1.0.2/mmseqs/splits/067/nuc/mmseqs_easy_taxonomy_vs_SILVA.benchmark.txt,10,288.43,2499.48,11170.42,8.665811,10.0,0.801194,3.224808,0.383382,3.608189,10.0,3.608189
updated,taxonomy,mmseqs_bestmatch_db,1.0.2,93.0,./microbial/210615_391_A1_S1.0.2/mmseqs/splits/093/mmseqs_bestmatch_db.benchmark.txt,1,0.77,0.57,177.09,0.74026,1.0,0.000214,0.000861,1.6e-05,0.000877,1.0,0.000877
updated,taxonomy,parse_mmseqs_easy_taxonomy_SILVA,1.0.2,93.0,./microbial/210615_391_A1_S1.0.2/mmseqs/splits/093/nuc/parse_mmseqs_easy_taxonomy_SILVA.benchmark.txt,2,1.92,0.69,198.02,0.359375,2.0,0.001067,0.004293,4.5e-05,0.004339,2.0,0.004339
updated,taxonomy,mmseqs_easy_taxonomy_vs_SILVA,1.0.2,93.0,./microbial/210615_391_A1_S1.0.2/mmseqs/splits/093/nuc/mmseqs_easy_taxonomy_vs_SILVA.benchmark.txt,10,259.26,2201.27,11173.32,8.490589,10.0,0.720167,2.898671,0.344698,3.243369,10.0,3.243369
updated,taxonomy,mmseqs_bestmatch_db,1.0.2,163.0,./microbial/210615_391_A1_S1.0.2/mmseqs/splits/163/mmseqs_bestmatch_db.benchmark.txt,1,0.75,0.13,40.4,0.173333,1.0,0.000208,0.000839,4e-06,0.000842,1.0,0.000842
updated,taxonomy,parse_mmseqs_easy_taxonomy_SILVA,1.0.2,163.0,./microbial/210615_391_A1_S1.0.2/mmseqs/splits/163/nuc/parse_mmseqs_easy_taxonomy_SILVA.benchmark.txt,2,1.1,0.74,192.18,0.672727,2.0,0.000611,0.00246,2.5e-05,0.002485,2.0,0.002485
updated,taxonomy,mmseqs_easy_taxonomy_vs_SILVA,1.0.2,163.0,./microbial/210615_391_A1_S1.0.2/mmseqs/splits/163/nuc/mmseqs_easy_taxonomy_vs_SILVA.benchmark.txt,10,273.91,2494.42,11193.41,9.106714,10.0,0.760861,3.062466,0.364831,3.427297,10.0,3.427297
updated,taxonomy,mmseqs_bestmatch_db,1.0.2,34.0,./microbial/210615_391_A1_S1.0.2/mmseqs/splits/034/mmseqs_bestmatch_db.benchmark.txt,1,0.89,0.69,180.49,0.775281,1.0,0.000247,0.000995,1.9e-05,0.001014,1.0,0.001014
updated,taxonomy,parse_mmseqs_easy_taxonomy_SILVA,1.0.2,34.0,./microbial/210615_391_A1_S1.0.2/mmseqs/splits/034/nuc/parse_mmseqs_easy_taxonomy_SILVA.benchmark.txt,2,0.92,0.91,225.42,0.98913,2.0,0.000511,0.002057,2.5e-05,0.002082,2.0,0.002082
updated,taxonomy,mmseqs_easy_taxonomy_vs_SILVA,1.0.2,34.0,./microbial/210615_391_A1_S1.0.2/mmseqs/splits/034/nuc/mmseqs_easy_taxonomy_vs_SILVA.benchmark.txt,10,339.69,3109.58,11144.32,9.15417,10.0,0.943583,3.797923,0.450462,4.248385,10.0,4.248385
updated,taxonomy,mmseqs_bestmatch_db,1.0.2,247.0,./microbial/210615_391_A1_S1.0.2/mmseqs/splits/247/mmseqs_bestmatch_db.benchmark.txt,1,0.95,0.55,172.31,0.578947,1.0,0.000264,0.001062,1.9e-05,0.001082,1.0,0.001082
updated,taxonomy,parse_mmseqs_easy_taxonomy_SILVA,1.0.2,247.0,./microbial/210615_391_A1_S1.0.2/mmseqs/splits/247/nuc/parse_mmseqs_easy_taxonomy_SILVA.benchmark.txt,2,0.92,0.83,220.38,0.902174,2.0,0.000511,0.002057,2.4e-05,0.002081,2.0,0.002081
updated,taxonomy,mmseqs_easy_taxonomy_vs_SILVA,1.0.2,247.0,./microbial/210615_391_A1_S1.0.2/mmseqs/splits/247/nuc/mmseqs_easy_taxonomy_vs_SILVA.benchmark.txt,10,311.84,2792.31,11196.28,8.954303,10.0,0.866222,3.486544,0.415458,3.902003,10.0,3.902003
updated,taxonomy,mmseqs_bestmatch_db,1.0.2,100.0,./microbial/210615_391_A1_S1.0.2/mmseqs/splits/100/mmseqs_bestmatch_db.benchmark.txt,1,0.96,0.45,162.04,0.46875,1.0,0.000267,0.001073,1.9e-05,0.001092,1.0,0.001092
updated,taxonomy,parse_mmseqs_easy_taxonomy_SILVA,1.0.2,100.0,./microbial/210615_391_A1_S1.0.2/mmseqs/splits/100/nuc/parse_mmseqs_easy_taxonomy_SILVA.benchmark.txt,2,0.9,0.98,234.54,1.088889,2.0,0.0005,0.002012,2.5e-05,0.002038,2.0,0.002038
updated,taxonomy,mmseqs_easy_taxonomy_vs_SILVA,1.0.2,100.0,./microbial/210615_391_A1_S1.0.2/mmseqs/splits/100/nuc/mmseqs_easy_taxonomy_vs_SILVA.benchmark.txt,10,270.22,2223.34,11170.98,8.227888,10.0,0.750611,3.02121,0.359195,3.380405,10.0,3.380405
updated,taxonomy,mmseqs_bestmatch_db,1.0.2,78.0,./microbial/210615_391_A1_S1.0.2/mmseqs/splits/078/mmseqs_bestmatch_db.benchmark.txt,1,1.57,0.62,168.41,0.394904,1.0,0.000436,0.001755,3.1e-05,0.001787,1.0,0.001787
updated,taxonomy,parse_mmseqs_easy_taxonomy_SILVA,1.0.2,78.0,./microbial/210615_391_A1_S1.0.2/mmseqs/splits/078/nuc/parse_mmseqs_easy_taxonomy_SILVA.benchmark.txt,2,0.91,0.81,218.07,0.89011,2.0,0.000506,0.002035,2.4e-05,0.002058,2.0,0.002058
updated,taxonomy,mmseqs_easy_taxonomy_vs_SILVA,1.0.2,78.0,./microbial/210615_391_A1_S1.0.2/mmseqs/splits/078/nuc/mmseqs_easy_taxonomy_vs_SILVA.benchmark.txt,10,283.6,2530.8,11135.74,8.923836,10.0,0.787778,3.170806,0.375791,3.546597,10.0,3.546597
updated,taxonomy,mmseqs_bestmatch_db,1.0.2,166.0,./microbial/210615_391_A1_S1.0.2/mmseqs/splits/166/mmseqs_bestmatch_db.benchmark.txt,1,0.6,0.09,40.73,0.15,1.0,0.000167,0.000671,3e-06,0.000674,1.0,0.000674
updated,taxonomy,parse_mmseqs_easy_taxonomy_SILVA,1.0.2,166.0,./microbial/210615_391_A1_S1.0.2/mmseqs/splits/166/nuc/parse_mmseqs_easy_taxonomy_SILVA.benchmark.txt,2,0.92,0.86,228.88,0.934783,2.0,0.000511,0.002057,2.5e-05,0.002082,2.0,0.002082
updated,taxonomy,mmseqs_easy_taxonomy_vs_SILVA,1.0.2,166.0,./microbial/210615_391_A1_S1.0.2/mmseqs/splits/166/nuc/mmseqs_easy_taxonomy_vs_SILVA.benchmark.txt,10,346.79,3126.29,11139.19,9.014937,10.0,0.963306,3.877305,0.459665,4.33697,10.0,4.33697
updated,taxonomy,mmseqs_bestmatch_db,1.0.2,98.0,./microbial/210615_391_A1_S1.0.2/mmseqs/splits/098/mmseqs_bestmatch_db.benchmark.txt,1,0.58,0.09,44.17,0.155172,1.0,0.000161,0.000648,3e-06,0.000652,1.0,0.000652
updated,taxonomy,parse_mmseqs_easy_taxonomy_SILVA,1.0.2,98.0,./microbial/210615_391_A1_S1.0.2/mmseqs/splits/098/nuc/parse_mmseqs_easy_taxonomy_SILVA.benchmark.txt,2,1.01,0.7,197.72,0.693069,2.0,0.000561,0.002258,2.4e-05,0.002282,2.0,0.002282
updated,taxonomy,mmseqs_easy_taxonomy_vs_SILVA,1.0.2,98.0,./microbial/210615_391_A1_S1.0.2/mmseqs/splits/098/nuc/mmseqs_easy_taxonomy_vs_SILVA.benchmark.txt,10,354.69,3099.61,11204.6,8.738927,10.0,0.98525,3.965631,0.472897,4.438529,10.0,4.438529
updated,taxonomy,mmseqs_bestmatch_db,1.0.2,204.0,./microbial/210615_391_A1_S1.0.2/mmseqs/splits/204/mmseqs_bestmatch_db.benchmark.txt,1,0.91,0.4,148.14,0.43956,1.0,0.000253,0.001017,1.6e-05,0.001033,1.0,0.001033
updated,taxonomy,parse_mmseqs_easy_taxonomy_SILVA,1.0.2,204.0,./microbial/210615_391_A1_S1.0.2/mmseqs/splits/204/nuc/parse_mmseqs_easy_taxonomy_SILVA.benchmark.txt,2,0.87,0.93,236.71,1.068966,2.0,0.000483,0.001945,2.5e-05,0.00197,2.0,0.00197
updated,taxonomy,mmseqs_easy_taxonomy_vs_SILVA,1.0.2,204.0,./microbial/210615_391_A1_S1.0.2/mmseqs/splits/204/nuc/mmseqs_easy_taxonomy_vs_SILVA.benchmark.txt,10,275.02,2496.91,11182.6,9.079012,10.0,0.763944,3.074876,0.365956,3.440832,10.0,3.440832
updated,taxonomy,mmseqs_bestmatch_db,1.0.2,65.0,./microbial/210615_391_A1_S1.0.2/mmseqs/splits/065/mmseqs_bestmatch_db.benchmark.txt,1,0.64,0.08,37.43,0.125,1.0,0.000178,0.000716,3e-06,0.000718,1.0,0.000718
updated,taxonomy,parse_mmseqs_easy_taxonomy_SILVA,1.0.2,65.0,./microbial/210615_391_A1_S1.0.2/mmseqs/splits/065/nuc/parse_mmseqs_easy_taxonomy_SILVA.benchmark.txt,2,0.93,1.03,228.83,1.107527,2.0,0.000517,0.00208,2.5e-05,0.002105,2.0,0.002105
updated,taxonomy,mmseqs_easy_taxonomy_vs_SILVA,1.0.2,65.0,./microbial/210615_391_A1_S1.0.2/mmseqs/splits/065/nuc/mmseqs_easy_taxonomy_vs_SILVA.benchmark.txt,10,292.8,2524.81,11132.13,8.622985,10.0,0.813333,3.273667,0.387856,3.661523,10.0,3.661523
updated,taxonomy,mmseqs_bestmatch_db,1.0.2,85.0,./microbial/210615_391_A1_S1.0.2/mmseqs/splits/085/mmseqs_bestmatch_db.benchmark.txt,1,0.86,0.33,117.23,0.383721,1.0,0.000239,0.000962,1.2e-05,0.000974,1.0,0.000974
updated,taxonomy,parse_mmseqs_easy_taxonomy_SILVA,1.0.2,85.0,./microbial/210615_391_A1_S1.0.2/mmseqs/splits/085/nuc/parse_mmseqs_easy_taxonomy_SILVA.benchmark.txt,2,1.14,0.42,179.81,0.368421,2.0,0.000633,0.002549,2.4e-05,0.002574,2.0,0.002574
updated,taxonomy,mmseqs_easy_taxonomy_vs_SILVA,1.0.2,85.0,./microbial/210615_391_A1_S1.0.2/mmseqs/splits/085/nuc/mmseqs_easy_taxonomy_vs_SILVA.benchmark.txt,10,389.79,3400.61,11175.89,8.72421,10.0,1.08275,4.358069,0.518364,4.876432,10.0,4.876432
updated,taxonomy,mmseqs_bestmatch_db,1.0.2,88.0,./microbial/210615_391_A1_S1.0.2/mmseqs/splits/088/mmseqs_bestmatch_db.benchmark.txt,1,0.76,0.57,184.57,0.75,1.0,0.000211,0.00085,1.7e-05,0.000866,1.0,0.000866
updated,taxonomy,parse_mmseqs_easy_taxonomy_SILVA,1.0.2,88.0,./microbial/210615_391_A1_S1.0.2/mmseqs/splits/088/nuc/parse_mmseqs_easy_taxonomy_SILVA.benchmark.txt,2,0.9,0.82,227.15,0.911111,2.0,0.0005,0.002012,2.4e-05,0.002037,2.0,0.002037
updated,taxonomy,mmseqs_easy_taxonomy_vs_SILVA,1.0.2,88.0,./microbial/210615_391_A1_S1.0.2/mmseqs/splits/088/nuc/mmseqs_easy_taxonomy_vs_SILVA.benchmark.txt,10,345.13,3159.48,11129.14,9.154464,10.0,0.958694,3.858745,0.457052,4.315797,10.0,4.315797
updated,taxonomy,mmseqs_bestmatch_db,1.0.2,81.0,./microbial/210615_391_A1_S1.0.2/mmseqs/splits/081/mmseqs_bestmatch_db.benchmark.txt,1,0.96,0.66,174.18,0.6875,1.0,0.000267,0.001073,2e-05,0.001093,1.0,0.001093
updated,taxonomy,parse_mmseqs_easy_taxonomy_SILVA,1.0.2,81.0,./microbial/210615_391_A1_S1.0.2/mmseqs/splits/081/nuc/parse_mmseqs_easy_taxonomy_SILVA.benchmark.txt,2,0.96,0.84,216.54,0.875,2.0,0.000533,0.002147,2.5e-05,0.002171,2.0,0.002171
updated,taxonomy,mmseqs_easy_taxonomy_vs_SILVA,1.0.2,81.0,./microbial/210615_391_A1_S1.0.2/mmseqs/splits/081/nuc/mmseqs_easy_taxonomy_vs_SILVA.benchmark.txt,10,297.53,2559.56,11144.39,8.602696,10.0,0.826472,3.326551,0.394556,3.721107,10.0,3.721107
updated,taxonomy,mmseqs_bestmatch_db,1.0.2,170.0,./microbial/210615_391_A1_S1.0.2/mmseqs/splits/170/mmseqs_bestmatch_db.benchmark.txt,1,0.72,0.58,186.59,0.805556,1.0,0.0002,0.000805,1.6e-05,0.000821,1.0,0.000821
updated,taxonomy,parse_mmseqs_easy_taxonomy_SILVA,1.0.2,170.0,./microbial/210615_391_A1_S1.0.2/mmseqs/splits/170/nuc/parse_mmseqs_easy_taxonomy_SILVA.benchmark.txt,2,1.34,0.67,181.53,0.5,2.0,0.000744,0.002996,2.9e-05,0.003025,2.0,0.003025
updated,taxonomy,mmseqs_easy_taxonomy_vs_SILVA,1.0.2,170.0,./microbial/210615_391_A1_S1.0.2/mmseqs/splits/170/nuc/mmseqs_easy_taxonomy_vs_SILVA.benchmark.txt,10,318.41,2791.63,11154.65,8.767407,10.0,0.884472,3.560001,0.422634,3.982635,10.0,3.982635
updated,taxonomy,mmseqs_bestmatch_db,1.0.2,209.0,./microbial/210615_391_A1_S1.0.2/mmseqs/splits/209/mmseqs_bestmatch_db.benchmark.txt,1,0.62,0.08,37.39,0.129032,1.0,0.000172,0.000693,3e-06,0.000696,1.0,0.000696
updated,taxonomy,parse_mmseqs_easy_taxonomy_SILVA,1.0.2,209.0,./microbial/210615_391_A1_S1.0.2/mmseqs/splits/209/nuc/parse_mmseqs_easy_taxonomy_SILVA.benchmark.txt,2,2.08,1.24,238.59,0.596154,2.0,0.001156,0.004651,5.9e-05,0.00471,2.0,0.00471
updated,taxonomy,mmseqs_easy_taxonomy_vs_SILVA,1.0.2,209.0,./microbial/210615_391_A1_S1.0.2/mmseqs/splits/209/nuc/mmseqs_easy_taxonomy_vs_SILVA.benchmark.txt,10,261.33,2188.93,11179.74,8.376114,10.0,0.725917,2.921815,0.34765,3.269465,10.0,3.269465
updated,taxonomy,mmseqs_bestmatch_db,1.0.2,162.0,./microbial/210615_391_A1_S1.0.2/mmseqs/splits/162/mmseqs_bestmatch_db.benchmark.txt,1,0.82,0.49,192.29,0.597561,1.0,0.000228,0.000917,1.9e-05,0.000936,1.0,0.000936
updated,taxonomy,parse_mmseqs_easy_taxonomy_SILVA,1.0.2,162.0,./microbial/210615_391_A1_S1.0.2/mmseqs/splits/162/nuc/parse_mmseqs_easy_taxonomy_SILVA.benchmark.txt,2,1.17,0.82,195.27,0.700855,2.0,0.00065,0.002616,2.7e-05,0.002643,2.0,0.002643
updated,taxonomy,mmseqs_easy_taxonomy_vs_SILVA,1.0.2,162.0,./microbial/210615_391_A1_S1.0.2/mmseqs/splits/162/nuc/mmseqs_easy_taxonomy_vs_SILVA.benchmark.txt,10,322.96,2820.49,11195.75,8.733249,10.0,0.897111,3.610872,0.430253,4.041125,10.0,4.041125
updated,taxonomy,mmseqs_bestmatch_db,1.0.2,147.0,./microbial/210615_391_A1_S1.0.2/mmseqs/splits/147/mmseqs_bestmatch_db.benchmark.txt,1,0.64,0.09,37.22,0.140625,1.0,0.000178,0.000716,3e-06,0.000718,1.0,0.000718
updated,taxonomy,parse_mmseqs_easy_taxonomy_SILVA,1.0.2,147.0,./microbial/210615_391_A1_S1.0.2/mmseqs/splits/147/nuc/parse_mmseqs_easy_taxonomy_SILVA.benchmark.txt,2,0.99,0.73,207.1,0.737374,2.0,0.00055,0.002214,2.4e-05,0.002238,2.0,0.002238
updated,taxonomy,mmseqs_easy_taxonomy_vs_SILVA,1.0.2,147.0,./microbial/210615_391_A1_S1.0.2/mmseqs/splits/147/nuc/mmseqs_easy_taxonomy_vs_SILVA.benchmark.txt,10,298.9,2793.55,11188.58,9.346102,10.0,0.830278,3.341868,0.397944,3.739813,10.0,3.739813
updated,taxonomy,mmseqs_bestmatch_db,1.0.2,237.0,./microbial/210615_391_A1_S1.0.2/mmseqs/splits/237/mmseqs_bestmatch_db.benchmark.txt,1,1.86,0.72,169.36,0.387097,1.0,0.000517,0.00208,3.7e-05,0.002117,1.0,0.002117
updated,taxonomy,parse_mmseqs_easy_taxonomy_SILVA,1.0.2,237.0,./microbial/210615_391_A1_S1.0.2/mmseqs/splits/237/nuc/parse_mmseqs_easy_taxonomy_SILVA.benchmark.txt,2,0.91,0.91,225.71,1.0,2.0,0.000506,0.002035,2.4e-05,0.002059,2.0,0.002059
updated,taxonomy,mmseqs_easy_taxonomy_vs_SILVA,1.0.2,237.0,./microbial/210615_391_A1_S1.0.2/mmseqs/splits/237/nuc/mmseqs_easy_taxonomy_vs_SILVA.benchmark.txt,10,360.74,3380.43,11189.41,9.370821,10.0,1.002056,4.033274,0.480312,4.513585,10.0,4.513585
updated,taxonomy,mmseqs_bestmatch_db,1.0.2,165.0,./microbial/210615_391_A1_S1.0.2/mmseqs/splits/165/mmseqs_bestmatch_db.benchmark.txt,1,0.93,0.23,83.97,0.247312,1.0,0.000258,0.00104,9e-06,0.001049,1.0,0.001049
updated,taxonomy,parse_mmseqs_easy_taxonomy_SILVA,1.0.2,165.0,./microbial/210615_391_A1_S1.0.2/mmseqs/splits/165/nuc/parse_mmseqs_easy_taxonomy_SILVA.benchmark.txt,2,0.91,0.89,228.93,0.978022,2.0,0.000506,0.002035,2.5e-05,0.00206,2.0,0.00206
updated,taxonomy,mmseqs_easy_taxonomy_vs_SILVA,1.0.2,165.0,./microbial/210615_391_A1_S1.0.2/mmseqs/splits/165/nuc/mmseqs_easy_taxonomy_vs_SILVA.benchmark.txt,10,340.78,3102.52,11191.06,9.104173,10.0,0.946611,3.81011,0.453803,4.263912,10.0,4.263912
updated,taxonomy,mmseqs_bestmatch_db,1.0.2,27.0,./microbial/210615_391_A1_S1.0.2/mmseqs/splits/027/mmseqs_bestmatch_db.benchmark.txt,1,0.86,0.54,165.91,0.627907,1.0,0.000239,0.000962,1.7e-05,0.000979,1.0,0.000979
updated,taxonomy,parse_mmseqs_easy_taxonomy_SILVA,1.0.2,27.0,./microbial/210615_391_A1_S1.0.2/mmseqs/splits/027/nuc/parse_mmseqs_easy_taxonomy_SILVA.benchmark.txt,2,0.88,1.01,231.88,1.147727,2.0,0.000489,0.001968,2.4e-05,0.001992,2.0,0.001992
updated,taxonomy,mmseqs_easy_taxonomy_vs_SILVA,1.0.2,27.0,./microbial/210615_391_A1_S1.0.2/mmseqs/splits/027/nuc/mmseqs_easy_taxonomy_vs_SILVA.benchmark.txt,10,335.6,3141.87,11131.34,9.361949,10.0,0.932222,3.752194,0.44452,4.196714,10.0,4.196714
updated,taxonomy,mmseqs_bestmatch_db,1.0.2,73.0,./microbial/210615_391_A1_S1.0.2/mmseqs/splits/073/mmseqs_bestmatch_db.benchmark.txt,1,0.9,0.29,103.5,0.322222,1.0,0.00025,0.001006,1.1e-05,0.001017,1.0,0.001017
updated,taxonomy,parse_mmseqs_easy_taxonomy_SILVA,1.0.2,73.0,./microbial/210615_391_A1_S1.0.2/mmseqs/splits/073/nuc/parse_mmseqs_easy_taxonomy_SILVA.benchmark.txt,2,0.98,0.73,205.48,0.744898,2.0,0.000544,0.002191,2.4e-05,0.002215,2.0,0.002215
updated,taxonomy,mmseqs_easy_taxonomy_vs_SILVA,1.0.2,73.0,./microbial/210615_391_A1_S1.0.2/mmseqs/splits/073/nuc/mmseqs_easy_taxonomy_vs_SILVA.benchmark.txt,10,350.92,3124.77,11135.11,8.904508,10.0,0.974778,3.923481,0.464969,4.38845,10.0,4.38845
updated,taxonomy,mmseqs_bestmatch_db,1.0.2,181.0,./microbial/210615_391_A1_S1.0.2/mmseqs/splits/181/mmseqs_bestmatch_db.benchmark.txt,1,0.81,0.52,176.11,0.641975,1.0,0.000225,0.000906,1.7e-05,0.000923,1.0,0.000923
updated,taxonomy,parse_mmseqs_easy_taxonomy_SILVA,1.0.2,181.0,./microbial/210615_391_A1_S1.0.2/mmseqs/splits/181/nuc/parse_mmseqs_easy_taxonomy_SILVA.benchmark.txt,2,0.96,0.79,206.2,0.822917,2.0,0.000533,0.002147,2.4e-05,0.00217,2.0,0.00217
updated,taxonomy,mmseqs_easy_taxonomy_vs_SILVA,1.0.2,181.0,./microbial/210615_391_A1_S1.0.2/mmseqs/splits/181/nuc/mmseqs_easy_taxonomy_vs_SILVA.benchmark.txt,10,355.0,3124.78,11212.06,8.802197,10.0,0.986111,3.969097,0.473626,4.442723,10.0,4.442723
updated,taxonomy,mmseqs_bestmatch_db,1.0.2,120.0,./microbial/210615_391_A1_S1.0.2/mmseqs/splits/120/mmseqs_bestmatch_db.benchmark.txt,1,0.75,0.55,184.52,0.733333,1.0,0.000208,0.000839,1.6e-05,0.000855,1.0,0.000855
updated,taxonomy,parse_mmseqs_easy_taxonomy_SILVA,1.0.2,120.0,./microbial/210615_391_A1_S1.0.2/mmseqs/splits/120/nuc/parse_mmseqs_easy_taxonomy_SILVA.benchmark.txt,2,1.06,0.83,206.43,0.783019,2.0,0.000589,0.00237,2.6e-05,0.002396,2.0,0.002396
updated,taxonomy,mmseqs_easy_taxonomy_vs_SILVA,1.0.2,120.0,./microbial/210615_391_A1_S1.0.2/mmseqs/splits/120/nuc/mmseqs_easy_taxonomy_vs_SILVA.benchmark.txt,10,271.67,2522.72,11147.7,9.285972,10.0,0.754639,3.037422,0.36037,3.397791,10.0,3.397791
updated,taxonomy,mmseqs_bestmatch_db,1.0.2,125.0,./microbial/210615_391_A1_S1.0.2/mmseqs/splits/125/mmseqs_bestmatch_db.benchmark.txt,1,0.77,0.54,177.64,0.701299,1.0,0.000214,0.000861,1.6e-05,0.000877,1.0,0.000877
updated,taxonomy,parse_mmseqs_easy_taxonomy_SILVA,1.0.2,125.0,./microbial/210615_391_A1_S1.0.2/mmseqs/splits/125/nuc/parse_mmseqs_easy_taxonomy_SILVA.benchmark.txt,2,7.3,1.31,218.34,0.179452,2.0,0.004056,0.016324,0.00019,0.016513,2.0,0.016513
updated,taxonomy,mmseqs_easy_taxonomy_vs_SILVA,1.0.2,125.0,./microbial/210615_391_A1_S1.0.2/mmseqs/splits/125/nuc/mmseqs_easy_taxonomy_vs_SILVA.benchmark.txt,10,388.88,3415.63,11175.07,8.783249,10.0,1.080222,4.347894,0.517115,4.86501,10.0,4.86501
updated,taxonomy,mmseqs_bestmatch_db,1.0.2,229.0,./microbial/210615_391_A1_S1.0.2/mmseqs/splits/229/mmseqs_bestmatch_db.benchmark.txt,1,0.81,0.61,177.5,0.753086,1.0,0.000225,0.000906,1.7e-05,0.000923,1.0,0.000923
updated,taxonomy,parse_mmseqs_easy_taxonomy_SILVA,1.0.2,229.0,./microbial/210615_391_A1_S1.0.2/mmseqs/splits/229/nuc/parse_mmseqs_easy_taxonomy_SILVA.benchmark.txt,2,1.06,0.43,182.99,0.40566,2.0,0.000589,0.00237,2.3e-05,0.002393,2.0,0.002393
updated,taxonomy,mmseqs_easy_taxonomy_vs_SILVA,1.0.2,229.0,./microbial/210615_391_A1_S1.0.2/mmseqs/splits/229/nuc/mmseqs_easy_taxonomy_vs_SILVA.benchmark.txt,10,279.17,2384.2,11168.83,8.540316,10.0,0.775472,3.121276,0.371021,3.492296,10.0,3.492296
updated,taxonomy,mmseqs_bestmatch_db,1.0.2,18.0,./microbial/210615_391_A1_S1.0.2/mmseqs/splits/018/mmseqs_bestmatch_db.benchmark.txt,1,0.72,0.09,37.95,0.125,1.0,0.0002,0.000805,3e-06,0.000808,1.0,0.000808
updated,taxonomy,parse_mmseqs_easy_taxonomy_SILVA,1.0.2,18.0,./microbial/210615_391_A1_S1.0.2/mmseqs/splits/018/nuc/parse_mmseqs_easy_taxonomy_SILVA.benchmark.txt,2,0.87,0.8,222.48,0.91954,2.0,0.000483,0.001945,2.3e-05,0.001968,2.0,0.001968
updated,taxonomy,mmseqs_easy_taxonomy_vs_SILVA,1.0.2,18.0,./microbial/210615_391_A1_S1.0.2/mmseqs/splits/018/nuc/mmseqs_easy_taxonomy_vs_SILVA.benchmark.txt,10,323.79,2916.59,11170.07,9.007659,10.0,0.899417,3.620152,0.430369,4.050521,10.0,4.050521
updated,taxonomy,mmseqs_bestmatch_db,1.0.2,191.0,./microbial/210615_391_A1_S1.0.2/mmseqs/splits/191/mmseqs_bestmatch_db.benchmark.txt,1,0.67,0.1,41.56,0.149254,1.0,0.000186,0.000749,3e-06,0.000752,1.0,0.000752
updated,taxonomy,parse_mmseqs_easy_taxonomy_SILVA,1.0.2,191.0,./microbial/210615_391_A1_S1.0.2/mmseqs/splits/191/nuc/parse_mmseqs_easy_taxonomy_SILVA.benchmark.txt,2,1.01,0.64,196.4,0.633663,2.0,0.000561,0.002258,2.4e-05,0.002282,2.0,0.002282
updated,taxonomy,mmseqs_easy_taxonomy_vs_SILVA,1.0.2,191.0,./microbial/210615_391_A1_S1.0.2/mmseqs/splits/191/nuc/mmseqs_easy_taxonomy_vs_SILVA.benchmark.txt,10,272.94,2528.56,11175.01,9.264161,10.0,0.758167,3.051621,0.362942,3.414562,10.0,3.414562
updated,taxonomy,mmseqs_bestmatch_db,1.0.2,59.0,./microbial/210615_391_A1_S1.0.2/mmseqs/splits/059/mmseqs_bestmatch_db.benchmark.txt,1,0.85,0.69,178.62,0.811765,1.0,0.000236,0.00095,1.8e-05,0.000968,1.0,0.000968
updated,taxonomy,parse_mmseqs_easy_taxonomy_SILVA,1.0.2,59.0,./microbial/210615_391_A1_S1.0.2/mmseqs/splits/059/nuc/parse_mmseqs_easy_taxonomy_SILVA.benchmark.txt,2,0.92,0.93,227.25,1.01087,2.0,0.000511,0.002057,2.5e-05,0.002082,2.0,0.002082
updated,taxonomy,mmseqs_easy_taxonomy_vs_SILVA,1.0.2,59.0,./microbial/210615_391_A1_S1.0.2/mmseqs/splits/059/nuc/mmseqs_easy_taxonomy_vs_SILVA.benchmark.txt,10,295.75,2525.42,11172.29,8.539036,10.0,0.821528,3.306649,0.393177,3.699827,10.0,3.699827
updated,taxonomy,mmseqs_bestmatch_db,1.0.2,176.0,./microbial/210615_391_A1_S1.0.2/mmseqs/splits/176/mmseqs_bestmatch_db.benchmark.txt,1,2.42,0.57,172.0,0.235537,1.0,0.000672,0.002706,5e-05,0.002755,1.0,0.002755
updated,taxonomy,parse_mmseqs_easy_taxonomy_SILVA,1.0.2,176.0,./microbial/210615_391_A1_S1.0.2/mmseqs/splits/176/nuc/parse_mmseqs_easy_taxonomy_SILVA.benchmark.txt,2,3.11,0.27,89.46,0.086817,2.0,0.001728,0.006954,3.3e-05,0.006987,2.0,0.006987
updated,taxonomy,mmseqs_easy_taxonomy_vs_SILVA,1.0.2,176.0,./microbial/210615_391_A1_S1.0.2/mmseqs/splits/176/nuc/mmseqs_easy_taxonomy_vs_SILVA.benchmark.txt,10,328.47,2765.56,11165.21,8.419521,10.0,0.912417,3.672477,0.436399,4.108877,10.0,4.108877
updated,taxonomy,mmseqs_bestmatch_db,1.0.2,183.0,./microbial/210615_391_A1_S1.0.2/mmseqs/splits/183/mmseqs_bestmatch_db.benchmark.txt,1,1.53,0.44,167.9,0.287582,1.0,0.000425,0.001711,3.1e-05,0.001741,1.0,0.001741
updated,taxonomy,parse_mmseqs_easy_taxonomy_SILVA,1.0.2,183.0,./microbial/210615_391_A1_S1.0.2/mmseqs/splits/183/nuc/parse_mmseqs_easy_taxonomy_SILVA.benchmark.txt,2,0.96,0.78,215.68,0.8125,2.0,0.000533,0.002147,2.5e-05,0.002171,2.0,0.002171
updated,taxonomy,mmseqs_easy_taxonomy_vs_SILVA,1.0.2,183.0,./microbial/210615_391_A1_S1.0.2/mmseqs/splits/183/nuc/mmseqs_easy_taxonomy_vs_SILVA.benchmark.txt,10,274.56,2530.76,11171.68,9.217512,10.0,0.762667,3.069733,0.364987,3.43472,10.0,3.43472
updated,taxonomy,mmseqs_bestmatch_db,1.0.2,154.0,./microbial/210615_391_A1_S1.0.2/mmseqs/splits/154/mmseqs_bestmatch_db.benchmark.txt,1,0.91,0.53,167.89,0.582418,1.0,0.000253,0.001017,1.8e-05,0.001036,1.0,0.001036
updated,taxonomy,parse_mmseqs_easy_taxonomy_SILVA,1.0.2,154.0,./microbial/210615_391_A1_S1.0.2/mmseqs/splits/154/nuc/parse_mmseqs_easy_taxonomy_SILVA.benchmark.txt,2,0.91,0.76,210.44,0.835165,2.0,0.000506,0.002035,2.3e-05,0.002058,2.0,0.002058
updated,taxonomy,mmseqs_easy_taxonomy_vs_SILVA,1.0.2,154.0,./microbial/210615_391_A1_S1.0.2/mmseqs/splits/154/nuc/mmseqs_easy_taxonomy_vs_SILVA.benchmark.txt,10,394.16,3719.85,11140.81,9.437411,10.0,1.094889,4.406928,0.52253,4.929457,10.0,4.929457
updated,taxonomy,mmseqs_bestmatch_db,1.0.2,214.0,./microbial/210615_391_A1_S1.0.2/mmseqs/splits/214/mmseqs_bestmatch_db.benchmark.txt,1,2.78,0.67,169.85,0.241007,1.0,0.000772,0.003108,5.6e-05,0.003164,1.0,0.003164
updated,taxonomy,parse_mmseqs_easy_taxonomy_SILVA,1.0.2,214.0,./microbial/210615_391_A1_S1.0.2/mmseqs/splits/214/nuc/parse_mmseqs_easy_taxonomy_SILVA.benchmark.txt,2,0.88,0.84,230.14,0.954545,2.0,0.000489,0.001968,2.4e-05,0.001992,2.0,0.001992
updated,taxonomy,mmseqs_easy_taxonomy_vs_SILVA,1.0.2,214.0,./microbial/210615_391_A1_S1.0.2/mmseqs/splits/214/nuc/mmseqs_easy_taxonomy_vs_SILVA.benchmark.txt,10,274.05,2512.24,11152.1,9.167086,10.0,0.76125,3.064031,0.363671,3.427702,10.0,3.427702
updated,taxonomy,mmseqs_bestmatch_db,1.0.2,6.0,./microbial/210615_391_A1_S1.0.2/mmseqs/splits/006/mmseqs_bestmatch_db.benchmark.txt,1,1.01,0.89,202.56,0.881188,1.0,0.000281,0.001129,2.4e-05,0.001154,1.0,0.001154
updated,taxonomy,parse_mmseqs_easy_taxonomy_SILVA,1.0.2,6.0,./microbial/210615_391_A1_S1.0.2/mmseqs/splits/006/nuc/parse_mmseqs_easy_taxonomy_SILVA.benchmark.txt,2,1.33,0.84,150.8,0.631579,2.0,0.000739,0.002974,2.4e-05,0.002998,2.0,0.002998
updated,taxonomy,mmseqs_easy_taxonomy_vs_SILVA,1.0.2,6.0,./microbial/210615_391_A1_S1.0.2/mmseqs/splits/006/nuc/mmseqs_easy_taxonomy_vs_SILVA.benchmark.txt,10,310.34,2819.57,11161.06,9.085422,10.0,0.862056,3.469774,0.412159,3.881933,10.0,3.881933
updated,taxonomy,mmseqs_bestmatch_db,1.0.2,149.0,./microbial/210615_391_A1_S1.0.2/mmseqs/splits/149/mmseqs_bestmatch_db.benchmark.txt,1,0.8,0.64,188.81,0.8,1.0,0.000222,0.000894,1.8e-05,0.000912,1.0,0.000912
updated,taxonomy,parse_mmseqs_easy_taxonomy_SILVA,1.0.2,149.0,./microbial/210615_391_A1_S1.0.2/mmseqs/splits/149/nuc/parse_mmseqs_easy_taxonomy_SILVA.benchmark.txt,2,0.87,0.93,237.64,1.068966,2.0,0.000483,0.001945,2.5e-05,0.00197,2.0,0.00197
updated,taxonomy,mmseqs_easy_taxonomy_vs_SILVA,1.0.2,149.0,./microbial/210615_391_A1_S1.0.2/mmseqs/splits/149/nuc/mmseqs_easy_taxonomy_vs_SILVA.benchmark.txt,10,337.69,3067.91,11149.21,9.084989,10.0,0.938028,3.775562,0.448006,4.223568,10.0,4.223568
updated,taxonomy,mmseqs_bestmatch_db,1.0.2,115.0,./microbial/210615_391_A1_S1.0.2/mmseqs/splits/115/mmseqs_bestmatch_db.benchmark.txt,1,0.66,0.09,37.47,0.136364,1.0,0.000183,0.000738,3e-06,0.000741,1.0,0.000741
updated,taxonomy,parse_mmseqs_easy_taxonomy_SILVA,1.0.2,115.0,./microbial/210615_391_A1_S1.0.2/mmseqs/splits/115/nuc/parse_mmseqs_easy_taxonomy_SILVA.benchmark.txt,2,1.07,0.88,199.64,0.82243,2.0,0.000594,0.002393,2.5e-05,0.002418,2.0,0.002418
updated,taxonomy,mmseqs_easy_taxonomy_vs_SILVA,1.0.2,115.0,./microbial/210615_391_A1_S1.0.2/mmseqs/splits/115/nuc/mmseqs_easy_taxonomy_vs_SILVA.benchmark.txt,10,312.98,2825.65,11187.54,9.028213,10.0,0.869389,3.49929,0.416651,3.915942,10.0,3.915942
updated,taxonomy,mmseqs_bestmatch_db,1.0.2,72.0,./microbial/210615_391_A1_S1.0.2/mmseqs/splits/072/mmseqs_bestmatch_db.benchmark.txt,1,1.62,0.58,169.16,0.358025,1.0,0.00045,0.001811,3.3e-05,0.001844,1.0,0.001844
updated,taxonomy,parse_mmseqs_easy_taxonomy_SILVA,1.0.2,72.0,./microbial/210615_391_A1_S1.0.2/mmseqs/splits/072/nuc/parse_mmseqs_easy_taxonomy_SILVA.benchmark.txt,2,0.93,0.79,220.5,0.849462,2.0,0.000517,0.00208,2.4e-05,0.002104,2.0,0.002104
updated,taxonomy,mmseqs_easy_taxonomy_vs_SILVA,1.0.2,72.0,./microbial/210615_391_A1_S1.0.2/mmseqs/splits/072/nuc/mmseqs_easy_taxonomy_vs_SILVA.benchmark.txt,10,329.27,2776.5,11153.89,8.43229,10.0,0.914639,3.681422,0.437019,4.11844,10.0,4.11844
updated,taxonomy,mmseqs_bestmatch_db,1.0.2,246.0,./microbial/210615_391_A1_S1.0.2/mmseqs/splits/246/mmseqs_bestmatch_db.benchmark.txt,1,0.76,0.58,179.51,0.763158,1.0,0.000211,0.00085,1.6e-05,0.000866,1.0,0.000866
updated,taxonomy,parse_mmseqs_easy_taxonomy_SILVA,1.0.2,246.0,./microbial/210615_391_A1_S1.0.2/mmseqs/splits/246/nuc/parse_mmseqs_easy_taxonomy_SILVA.benchmark.txt,2,0.97,0.93,231.52,0.958763,2.0,0.000539,0.002169,2.7e-05,0.002196,2.0,0.002196
updated,taxonomy,mmseqs_easy_taxonomy_vs_SILVA,1.0.2,246.0,./microbial/210615_391_A1_S1.0.2/mmseqs/splits/246/nuc/mmseqs_easy_taxonomy_vs_SILVA.benchmark.txt,10,272.5,2491.87,11157.03,9.144477,10.0,0.756944,3.046701,0.361773,3.408475,10.0,3.408475
updated,taxonomy,mmseqs_bestmatch_db,1.0.2,103.0,./microbial/210615_391_A1_S1.0.2/mmseqs/splits/103/mmseqs_bestmatch_db.benchmark.txt,1,0.97,0.59,170.38,0.608247,1.0,0.000269,0.001085,2e-05,0.001104,1.0,0.001104
updated,taxonomy,parse_mmseqs_easy_taxonomy_SILVA,1.0.2,103.0,./microbial/210615_391_A1_S1.0.2/mmseqs/splits/103/nuc/parse_mmseqs_easy_taxonomy_SILVA.benchmark.txt,2,1.09,0.82,195.41,0.752294,2.0,0.000606,0.002437,2.5e-05,0.002463,2.0,0.002463
updated,taxonomy,mmseqs_easy_taxonomy_vs_SILVA,1.0.2,103.0,./microbial/210615_391_A1_S1.0.2/mmseqs/splits/103/nuc/mmseqs_easy_taxonomy_vs_SILVA.benchmark.txt,10,274.03,2517.0,11215.12,9.185126,10.0,0.761194,3.063808,0.365699,3.429507,10.0,3.429507
updated,taxonomy,mmseqs_bestmatch_db,1.0.2,99.0,./microbial/210615_391_A1_S1.0.2/mmseqs/splits/099/mmseqs_bestmatch_db.benchmark.txt,1,0.87,0.67,172.2,0.770115,1.0,0.000242,0.000973,1.8e-05,0.000991,1.0,0.000991
updated,taxonomy,parse_mmseqs_easy_taxonomy_SILVA,1.0.2,99.0,./microbial/210615_391_A1_S1.0.2/mmseqs/splits/099/nuc/parse_mmseqs_easy_taxonomy_SILVA.benchmark.txt,2,1.18,0.75,190.22,0.635593,2.0,0.000656,0.002639,2.7e-05,0.002665,2.0,0.002665
updated,taxonomy,mmseqs_easy_taxonomy_vs_SILVA,1.0.2,99.0,./microbial/210615_391_A1_S1.0.2/mmseqs/splits/099/nuc/mmseqs_easy_taxonomy_vs_SILVA.benchmark.txt,10,268.54,2488.08,11166.32,9.265212,10.0,0.745944,3.002426,0.356813,3.359239,10.0,3.359239
updated,taxonomy,mmseqs_bestmatch_db,1.0.2,126.0,./microbial/210615_391_A1_S1.0.2/mmseqs/splits/126/mmseqs_bestmatch_db.benchmark.txt,1,0.74,0.7,179.2,0.945946,1.0,0.000206,0.000827,1.6e-05,0.000843,1.0,0.000843
updated,taxonomy,parse_mmseqs_easy_taxonomy_SILVA,1.0.2,126.0,./microbial/210615_391_A1_S1.0.2/mmseqs/splits/126/nuc/parse_mmseqs_easy_taxonomy_SILVA.benchmark.txt,2,0.97,0.85,227.33,0.876289,2.0,0.000539,0.002169,2.6e-05,0.002195,2.0,0.002195
updated,taxonomy,mmseqs_easy_taxonomy_vs_SILVA,1.0.2,126.0,./microbial/210615_391_A1_S1.0.2/mmseqs/splits/126/nuc/mmseqs_easy_taxonomy_vs_SILVA.benchmark.txt,10,274.18,2531.28,11136.96,9.232183,10.0,0.761611,3.065485,0.363349,3.428834,10.0,3.428834
updated,taxonomy,mmseqs_bestmatch_db,1.0.2,94.0,./microbial/210615_391_A1_S1.0.2/mmseqs/splits/094/mmseqs_bestmatch_db.benchmark.txt,1,0.88,0.37,105.05,0.420455,1.0,0.000244,0.000984,1.1e-05,0.000995,1.0,0.000995
updated,taxonomy,parse_mmseqs_easy_taxonomy_SILVA,1.0.2,94.0,./microbial/210615_391_A1_S1.0.2/mmseqs/splits/094/nuc/parse_mmseqs_easy_taxonomy_SILVA.benchmark.txt,2,1.01,0.8,214.39,0.792079,2.0,0.000561,0.002258,2.6e-05,0.002284,2.0,0.002284
updated,taxonomy,mmseqs_easy_taxonomy_vs_SILVA,1.0.2,94.0,./microbial/210615_391_A1_S1.0.2/mmseqs/splits/094/nuc/mmseqs_easy_taxonomy_vs_SILVA.benchmark.txt,10,286.4,2498.22,11209.95,8.722835,10.0,0.795556,3.202111,0.382031,3.584142,10.0,3.584142
updated,taxonomy,mmseqs_bestmatch_db,1.0.2,28.0,./microbial/210615_391_A1_S1.0.2/mmseqs/splits/028/mmseqs_bestmatch_db.benchmark.txt,1,0.68,0.09,37.87,0.132353,1.0,0.000189,0.00076,3e-06,0.000763,1.0,0.000763
updated,taxonomy,parse_mmseqs_easy_taxonomy_SILVA,1.0.2,28.0,./microbial/210615_391_A1_S1.0.2/mmseqs/splits/028/nuc/parse_mmseqs_easy_taxonomy_SILVA.benchmark.txt,2,0.81,0.33,113.99,0.407407,2.0,0.00045,0.001811,1.1e-05,0.001822,2.0,0.001822
updated,taxonomy,mmseqs_easy_taxonomy_vs_SILVA,1.0.2,28.0,./microbial/210615_391_A1_S1.0.2/mmseqs/splits/028/nuc/mmseqs_easy_taxonomy_vs_SILVA.benchmark.txt,10,342.08,3116.7,11144.76,9.111027,10.0,0.950222,3.824644,0.453649,4.278294,10.0,4.278294
updated,taxonomy,mmseqs_bestmatch_db,1.0.2,179.0,./microbial/210615_391_A1_S1.0.2/mmseqs/splits/179/mmseqs_bestmatch_db.benchmark.txt,1,1.33,0.64,174.75,0.481203,1.0,0.000369,0.001487,2.8e-05,0.001515,1.0,0.001515
updated,taxonomy,parse_mmseqs_easy_taxonomy_SILVA,1.0.2,179.0,./microbial/210615_391_A1_S1.0.2/mmseqs/splits/179/nuc/parse_mmseqs_easy_taxonomy_SILVA.benchmark.txt,2,3.11,0.91,178.23,0.292605,2.0,0.001728,0.006954,6.6e-05,0.00702,2.0,0.00702
updated,taxonomy,mmseqs_easy_taxonomy_vs_SILVA,1.0.2,179.0,./microbial/210615_391_A1_S1.0.2/mmseqs/splits/179/nuc/mmseqs_easy_taxonomy_vs_SILVA.benchmark.txt,10,271.35,2299.12,11176.85,8.472895,10.0,0.75375,3.033844,0.360887,3.39473,10.0,3.39473
updated,taxonomy,mmseqs_bestmatch_db,1.0.2,151.0,./microbial/210615_391_A1_S1.0.2/mmseqs/splits/151/mmseqs_bestmatch_db.benchmark.txt,1,2.21,0.59,179.24,0.266968,1.0,0.000614,0.002471,4.7e-05,0.002518,1.0,0.002518
updated,taxonomy,parse_mmseqs_easy_taxonomy_SILVA,1.0.2,151.0,./microbial/210615_391_A1_S1.0.2/mmseqs/splits/151/nuc/parse_mmseqs_easy_taxonomy_SILVA.benchmark.txt,2,0.97,0.83,219.33,0.85567,2.0,0.000539,0.002169,2.5e-05,0.002194,2.0,0.002194
updated,taxonomy,mmseqs_easy_taxonomy_vs_SILVA,1.0.2,151.0,./microbial/210615_391_A1_S1.0.2/mmseqs/splits/151/nuc/mmseqs_easy_taxonomy_vs_SILVA.benchmark.txt,10,280.53,2509.25,11178.64,8.944676,10.0,0.77925,3.136481,0.373156,3.509637,10.0,3.509637
updated,taxonomy,mmseqs_bestmatch_db,1.0.2,137.0,./microbial/210615_391_A1_S1.0.2/mmseqs/splits/137/mmseqs_bestmatch_db.benchmark.txt,1,1.41,0.72,179.18,0.510638,1.0,0.000392,0.001576,3e-05,0.001607,1.0,0.001607
updated,taxonomy,parse_mmseqs_easy_taxonomy_SILVA,1.0.2,137.0,./microbial/210615_391_A1_S1.0.2/mmseqs/splits/137/nuc/parse_mmseqs_easy_taxonomy_SILVA.benchmark.txt,2,0.83,0.09,38.19,0.108434,2.0,0.000461,0.001856,4e-06,0.00186,2.0,0.00186
updated,taxonomy,mmseqs_easy_taxonomy_vs_SILVA,1.0.2,137.0,./microbial/210615_391_A1_S1.0.2/mmseqs/splits/137/nuc/mmseqs_easy_taxonomy_vs_SILVA.benchmark.txt,10,298.39,2812.13,11178.48,9.424344,10.0,0.828861,3.336166,0.396907,3.733073,10.0,3.733073
updated,taxonomy,mmseqs_bestmatch_db,1.0.2,22.0,./microbial/210615_391_A1_S1.0.2/mmseqs/splits/022/mmseqs_bestmatch_db.benchmark.txt,1,0.72,0.09,40.51,0.125,1.0,0.0002,0.000805,3e-06,0.000808,1.0,0.000808
updated,taxonomy,parse_mmseqs_easy_taxonomy_SILVA,1.0.2,22.0,./microbial/210615_391_A1_S1.0.2/mmseqs/splits/022/nuc/parse_mmseqs_easy_taxonomy_SILVA.benchmark.txt,2,1.12,1.0,216.86,0.892857,2.0,0.000622,0.002504,2.9e-05,0.002533,2.0,0.002533
updated,taxonomy,mmseqs_easy_taxonomy_vs_SILVA,1.0.2,22.0,./microbial/210615_391_A1_S1.0.2/mmseqs/splits/022/nuc/mmseqs_easy_taxonomy_vs_SILVA.benchmark.txt,10,375.98,3536.74,11150.05,9.406724,10.0,1.044389,4.203665,0.498842,4.702507,10.0,4.702507
updated,taxonomy,mmseqs_bestmatch_db,1.0.2,182.0,./microbial/210615_391_A1_S1.0.2/mmseqs/splits/182/mmseqs_bestmatch_db.benchmark.txt,1,0.94,0.75,183.98,0.797872,1.0,0.000261,0.001051,2.1e-05,0.001072,1.0,0.001072
updated,taxonomy,parse_mmseqs_easy_taxonomy_SILVA,1.0.2,182.0,./microbial/210615_391_A1_S1.0.2/mmseqs/splits/182/nuc/parse_mmseqs_easy_taxonomy_SILVA.benchmark.txt,2,0.93,0.94,228.43,1.010753,2.0,0.000517,0.00208,2.5e-05,0.002105,2.0,0.002105
updated,taxonomy,mmseqs_easy_taxonomy_vs_SILVA,1.0.2,182.0,./microbial/210615_391_A1_S1.0.2/mmseqs/splits/182/nuc/mmseqs_easy_taxonomy_vs_SILVA.benchmark.txt,10,342.42,3064.15,11134.76,8.948514,10.0,0.951167,3.828446,0.453693,4.282138,10.0,4.282138
updated,taxonomy,mmseqs_bestmatch_db,1.0.2,215.0,./microbial/210615_391_A1_S1.0.2/mmseqs/splits/215/mmseqs_bestmatch_db.benchmark.txt,1,0.8,0.6,186.39,0.75,1.0,0.000222,0.000894,1.8e-05,0.000912,1.0,0.000912
updated,taxonomy,parse_mmseqs_easy_taxonomy_SILVA,1.0.2,215.0,./microbial/210615_391_A1_S1.0.2/mmseqs/splits/215/nuc/parse_mmseqs_easy_taxonomy_SILVA.benchmark.txt,2,0.99,0.84,209.69,0.848485,2.0,0.00055,0.002214,2.5e-05,0.002238,2.0,0.002238
updated,taxonomy,mmseqs_easy_taxonomy_vs_SILVA,1.0.2,215.0,./microbial/210615_391_A1_S1.0.2/mmseqs/splits/215/nuc/mmseqs_easy_taxonomy_vs_SILVA.benchmark.txt,10,326.5,2789.78,11170.13,8.544502,10.0,0.906944,3.650451,0.433973,4.084425,10.0,4.084425
updated,taxonomy,mmseqs_bestmatch_db,1.0.2,140.0,./microbial/210615_391_A1_S1.0.2/mmseqs/splits/140/mmseqs_bestmatch_db.benchmark.txt,1,1.85,0.65,174.13,0.351351,1.0,0.000514,0.002068,3.8e-05,0.002107,1.0,0.002107
updated,taxonomy,parse_mmseqs_easy_taxonomy_SILVA,1.0.2,140.0,./microbial/210615_391_A1_S1.0.2/mmseqs/splits/140/nuc/parse_mmseqs_easy_taxonomy_SILVA.benchmark.txt,2,0.95,0.91,230.83,0.957895,2.0,0.000528,0.002124,2.6e-05,0.00215,2.0,0.00215
updated,taxonomy,mmseqs_easy_taxonomy_vs_SILVA,1.0.2,140.0,./microbial/210615_391_A1_S1.0.2/mmseqs/splits/140/nuc/mmseqs_easy_taxonomy_vs_SILVA.benchmark.txt,10,351.24,2904.68,11187.02,8.269787,10.0,0.975667,3.927058,0.467563,4.394621,10.0,4.394621
updated,taxonomy,mmseqs_bestmatch_db,1.0.2,133.0,./microbial/210615_391_A1_S1.0.2/mmseqs/splits/133/mmseqs_bestmatch_db.benchmark.txt,1,2.16,0.6,174.75,0.277778,1.0,0.0006,0.002415,4.5e-05,0.00246,1.0,0.00246
updated,taxonomy,parse_mmseqs_easy_taxonomy_SILVA,1.0.2,133.0,./microbial/210615_391_A1_S1.0.2/mmseqs/splits/133/nuc/parse_mmseqs_easy_taxonomy_SILVA.benchmark.txt,2,0.9,0.84,227.13,0.933333,2.0,0.0005,0.002012,2.4e-05,0.002037,2.0,0.002037
updated,taxonomy,mmseqs_easy_taxonomy_vs_SILVA,1.0.2,133.0,./microbial/210615_391_A1_S1.0.2/mmseqs/splits/133/nuc/mmseqs_easy_taxonomy_vs_SILVA.benchmark.txt,10,347.32,3129.54,11144.74,9.010538,10.0,0.964778,3.883231,0.460597,4.343828,10.0,4.343828
updated,taxonomy,mmseqs_bestmatch_db,1.0.2,76.0,./microbial/210615_391_A1_S1.0.2/mmseqs/splits/076/mmseqs_bestmatch_db.benchmark.txt,1,0.73,0.59,179.69,0.808219,1.0,0.000203,0.000816,1.6e-05,0.000832,1.0,0.000832
updated,taxonomy,parse_mmseqs_easy_taxonomy_SILVA,1.0.2,76.0,./microbial/210615_391_A1_S1.0.2/mmseqs/splits/076/nuc/parse_mmseqs_easy_taxonomy_SILVA.benchmark.txt,2,1.06,0.88,213.14,0.830189,2.0,0.000589,0.00237,2.7e-05,0.002397,2.0,0.002397
updated,taxonomy,mmseqs_easy_taxonomy_vs_SILVA,1.0.2,76.0,./microbial/210615_391_A1_S1.0.2/mmseqs/splits/076/nuc/mmseqs_easy_taxonomy_vs_SILVA.benchmark.txt,10,270.99,2515.41,11179.41,9.282298,10.0,0.75275,3.029819,0.36049,3.390309,10.0,3.390309
updated,taxonomy,mmseqs_bestmatch_db,1.0.2,75.0,./microbial/210615_391_A1_S1.0.2/mmseqs/splits/075/mmseqs_bestmatch_db.benchmark.txt,1,0.69,0.09,37.52,0.130435,1.0,0.000192,0.000771,3e-06,0.000775,1.0,0.000775
updated,taxonomy,parse_mmseqs_easy_taxonomy_SILVA,1.0.2,75.0,./microbial/210615_391_A1_S1.0.2/mmseqs/splits/075/nuc/parse_mmseqs_easy_taxonomy_SILVA.benchmark.txt,2,2.14,0.37,91.17,0.172897,2.0,0.001189,0.004785,2.3e-05,0.004808,2.0,0.004808
updated,taxonomy,mmseqs_easy_taxonomy_vs_SILVA,1.0.2,75.0,./microbial/210615_391_A1_S1.0.2/mmseqs/splits/075/nuc/mmseqs_easy_taxonomy_vs_SILVA.benchmark.txt,10,323.09,2805.23,11129.48,8.682503,10.0,0.897472,3.612326,0.427878,4.040204,10.0,4.040204
updated,taxonomy,mmseqs_bestmatch_db,1.0.2,108.0,./microbial/210615_391_A1_S1.0.2/mmseqs/splits/108/mmseqs_bestmatch_db.benchmark.txt,1,0.93,0.73,178.63,0.784946,1.0,0.000258,0.00104,2e-05,0.00106,1.0,0.00106
updated,taxonomy,parse_mmseqs_easy_taxonomy_SILVA,1.0.2,108.0,./microbial/210615_391_A1_S1.0.2/mmseqs/splits/108/nuc/parse_mmseqs_easy_taxonomy_SILVA.benchmark.txt,2,0.92,0.87,223.75,0.945652,2.0,0.000511,0.002057,2.4e-05,0.002082,2.0,0.002082
updated,taxonomy,mmseqs_easy_taxonomy_vs_SILVA,1.0.2,108.0,./microbial/210615_391_A1_S1.0.2/mmseqs/splits/108/nuc/mmseqs_easy_taxonomy_vs_SILVA.benchmark.txt,10,297.74,2513.95,11183.76,8.443441,10.0,0.827056,3.328899,0.396229,3.725128,10.0,3.725128
updated,taxonomy,mmseqs_bestmatch_db,1.0.2,9.0,./microbial/210615_391_A1_S1.0.2/mmseqs/splits/009/mmseqs_bestmatch_db.benchmark.txt,1,1.31,0.2,66.53,0.152672,1.0,0.000364,0.001465,1e-05,0.001475,1.0,0.001475
updated,taxonomy,parse_mmseqs_easy_taxonomy_SILVA,1.0.2,9.0,./microbial/210615_391_A1_S1.0.2/mmseqs/splits/009/nuc/parse_mmseqs_easy_taxonomy_SILVA.benchmark.txt,2,1.23,0.68,182.17,0.552846,2.0,0.000683,0.00275,2.7e-05,0.002777,2.0,0.002777
updated,taxonomy,mmseqs_easy_taxonomy_vs_SILVA,1.0.2,9.0,./microbial/210615_391_A1_S1.0.2/mmseqs/splits/009/nuc/mmseqs_easy_taxonomy_vs_SILVA.benchmark.txt,10,299.16,2829.07,11126.97,9.456712,10.0,0.831,3.344775,0.396097,3.740872,10.0,3.740872
updated,taxonomy,mmseqs_bestmatch_db,1.0.2,198.0,./microbial/210615_391_A1_S1.0.2/mmseqs/splits/198/mmseqs_bestmatch_db.benchmark.txt,1,1.98,0.65,181.69,0.328283,1.0,0.00055,0.002214,4.3e-05,0.002257,1.0,0.002257
updated,taxonomy,parse_mmseqs_easy_taxonomy_SILVA,1.0.2,198.0,./microbial/210615_391_A1_S1.0.2/mmseqs/splits/198/nuc/parse_mmseqs_easy_taxonomy_SILVA.benchmark.txt,2,1.13,0.88,222.25,0.778761,2.0,0.000628,0.002527,3e-05,0.002557,2.0,0.002557
updated,taxonomy,mmseqs_easy_taxonomy_vs_SILVA,1.0.2,198.0,./microbial/210615_391_A1_S1.0.2/mmseqs/splits/198/nuc/mmseqs_easy_taxonomy_vs_SILVA.benchmark.txt,10,293.91,2515.5,11133.36,8.558742,10.0,0.816417,3.286077,0.38937,3.675447,10.0,3.675447
updated,taxonomy,mmseqs_bestmatch_db,1.0.2,208.0,./microbial/210615_391_A1_S1.0.2/mmseqs/splits/208/mmseqs_bestmatch_db.benchmark.txt,1,0.59,0.08,36.89,0.135593,1.0,0.000164,0.00066,3e-06,0.000662,1.0,0.000662
updated,taxonomy,parse_mmseqs_easy_taxonomy_SILVA,1.0.2,208.0,./microbial/210615_391_A1_S1.0.2/mmseqs/splits/208/nuc/parse_mmseqs_easy_taxonomy_SILVA.benchmark.txt,2,3.9,1.17,227.87,0.3,2.0,0.002167,0.008721,0.000106,0.008827,2.0,0.008827
updated,taxonomy,mmseqs_easy_taxonomy_vs_SILVA,1.0.2,208.0,./microbial/210615_391_A1_S1.0.2/mmseqs/splits/208/nuc/mmseqs_easy_taxonomy_vs_SILVA.benchmark.txt,10,302.26,2565.35,11129.8,8.48723,10.0,0.839611,3.379435,0.400304,3.779738,10.0,3.779738
updated,taxonomy,mmseqs_bestmatch_db,1.0.2,193.0,./microbial/210615_391_A1_S1.0.2/mmseqs/splits/193/mmseqs_bestmatch_db.benchmark.txt,1,1.14,0.53,157.54,0.464912,1.0,0.000317,0.001275,2.1e-05,0.001296,1.0,0.001296
updated,taxonomy,parse_mmseqs_easy_taxonomy_SILVA,1.0.2,193.0,./microbial/210615_391_A1_S1.0.2/mmseqs/splits/193/nuc/parse_mmseqs_easy_taxonomy_SILVA.benchmark.txt,2,0.98,0.83,226.33,0.846939,2.0,0.000544,0.002191,2.6e-05,0.002218,2.0,0.002218
updated,taxonomy,mmseqs_easy_taxonomy_vs_SILVA,1.0.2,193.0,./microbial/210615_391_A1_S1.0.2/mmseqs/splits/193/nuc/mmseqs_easy_taxonomy_vs_SILVA.benchmark.txt,10,326.57,2801.57,11150.39,8.578773,10.0,0.907139,3.651234,0.433299,4.084533,10.0,4.084533
updated,taxonomy,mmseqs_bestmatch_db,1.0.2,87.0,./microbial/210615_391_A1_S1.0.2/mmseqs/splits/087/mmseqs_bestmatch_db.benchmark.txt,1,0.6,0.1,39.03,0.166667,1.0,0.000167,0.000671,3e-06,0.000674,1.0,0.000674
updated,taxonomy,parse_mmseqs_easy_taxonomy_SILVA,1.0.2,87.0,./microbial/210615_391_A1_S1.0.2/mmseqs/splits/087/nuc/parse_mmseqs_easy_taxonomy_SILVA.benchmark.txt,2,2.7,1.3,190.35,0.481481,2.0,0.0015,0.006038,6.1e-05,0.006099,2.0,0.006099
updated,taxonomy,mmseqs_easy_taxonomy_vs_SILVA,1.0.2,87.0,./microbial/210615_391_A1_S1.0.2/mmseqs/splits/087/nuc/mmseqs_easy_taxonomy_vs_SILVA.benchmark.txt,10,285.48,2485.61,11170.46,8.706775,10.0,0.793,3.191825,0.379462,3.571287,10.0,3.571287
updated,taxonomy,mmseqs_bestmatch_db,1.0.2,201.0,./microbial/210615_391_A1_S1.0.2/mmseqs/splits/201/mmseqs_bestmatch_db.benchmark.txt,1,0.68,0.08,36.25,0.117647,1.0,0.000189,0.00076,3e-06,0.000763,1.0,0.000763
updated,taxonomy,parse_mmseqs_easy_taxonomy_SILVA,1.0.2,201.0,./microbial/210615_391_A1_S1.0.2/mmseqs/splits/201/nuc/parse_mmseqs_easy_taxonomy_SILVA.benchmark.txt,2,0.9,0.91,228.79,1.011111,2.0,0.0005,0.002012,2.5e-05,0.002037,2.0,0.002037
updated,taxonomy,mmseqs_easy_taxonomy_vs_SILVA,1.0.2,201.0,./microbial/210615_391_A1_S1.0.2/mmseqs/splits/201/nuc/mmseqs_easy_taxonomy_vs_SILVA.benchmark.txt,10,281.93,2517.43,11140.18,8.929273,10.0,0.783139,3.152134,0.373728,3.525862,10.0,3.525862
updated,taxonomy,mmseqs_bestmatch_db,1.0.2,167.0,./microbial/210615_391_A1_S1.0.2/mmseqs/splits/167/mmseqs_bestmatch_db.benchmark.txt,1,0.88,0.65,177.96,0.738636,1.0,0.000244,0.000984,1.9e-05,0.001003,1.0,0.001003
updated,taxonomy,parse_mmseqs_easy_taxonomy_SILVA,1.0.2,167.0,./microbial/210615_391_A1_S1.0.2/mmseqs/splits/167/nuc/parse_mmseqs_easy_taxonomy_SILVA.benchmark.txt,2,1.02,0.85,205.33,0.833333,2.0,0.000567,0.002281,2.5e-05,0.002306,2.0,0.002306
updated,taxonomy,mmseqs_easy_taxonomy_vs_SILVA,1.0.2,167.0,./microbial/210615_391_A1_S1.0.2/mmseqs/splits/167/nuc/mmseqs_easy_taxonomy_vs_SILVA.benchmark.txt,10,310.64,2828.51,11167.47,9.105428,10.0,0.862889,3.473128,0.412794,3.885922,10.0,3.885922
updated,taxonomy,mmseqs_bestmatch_db,1.0.2,212.0,./microbial/210615_391_A1_S1.0.2/mmseqs/splits/212/mmseqs_bestmatch_db.benchmark.txt,1,0.74,0.58,178.43,0.783784,1.0,0.000206,0.000827,1.6e-05,0.000843,1.0,0.000843
updated,taxonomy,parse_mmseqs_easy_taxonomy_SILVA,1.0.2,212.0,./microbial/210615_391_A1_S1.0.2/mmseqs/splits/212/nuc/parse_mmseqs_easy_taxonomy_SILVA.benchmark.txt,2,1.13,0.79,200.65,0.699115,2.0,0.000628,0.002527,2.7e-05,0.002554,2.0,0.002554
updated,taxonomy,mmseqs_easy_taxonomy_vs_SILVA,1.0.2,212.0,./microbial/210615_391_A1_S1.0.2/mmseqs/splits/212/nuc/mmseqs_easy_taxonomy_vs_SILVA.benchmark.txt,10,293.2,2533.63,11151.19,8.641303,10.0,0.814444,3.278139,0.389051,3.66719,10.0,3.66719
updated,taxonomy,mmseqs_bestmatch_db,1.0.2,11.0,./microbial/210615_391_A1_S1.0.2/mmseqs/splits/011/mmseqs_bestmatch_db.benchmark.txt,1,0.93,0.6,181.04,0.645161,1.0,0.000258,0.00104,2e-05,0.00106,1.0,0.00106
updated,taxonomy,parse_mmseqs_easy_taxonomy_SILVA,1.0.2,11.0,./microbial/210615_391_A1_S1.0.2/mmseqs/splits/011/nuc/parse_mmseqs_easy_taxonomy_SILVA.benchmark.txt,2,0.87,0.87,223.81,1.0,2.0,0.000483,0.001945,2.3e-05,0.001969,2.0,0.001969
updated,taxonomy,mmseqs_easy_taxonomy_vs_SILVA,1.0.2,11.0,./microbial/210615_391_A1_S1.0.2/mmseqs/splits/011/nuc/mmseqs_easy_taxonomy_vs_SILVA.benchmark.txt,10,370.7,3411.75,11120.81,9.203534,10.0,1.029722,4.144632,0.490547,4.635179,10.0,4.635179
updated,taxonomy,mmseqs_bestmatch_db,1.0.2,53.0,./microbial/210615_391_A1_S1.0.2/mmseqs/splits/053/mmseqs_bestmatch_db.benchmark.txt,1,0.76,0.61,181.47,0.802632,1.0,0.000211,0.00085,1.6e-05,0.000866,1.0,0.000866
updated,taxonomy,parse_mmseqs_easy_taxonomy_SILVA,1.0.2,53.0,./microbial/210615_391_A1_S1.0.2/mmseqs/splits/053/nuc/parse_mmseqs_easy_taxonomy_SILVA.benchmark.txt,2,0.91,0.95,229.69,1.043956,2.0,0.000506,0.002035,2.5e-05,0.00206,2.0,0.00206
updated,taxonomy,mmseqs_easy_taxonomy_vs_SILVA,1.0.2,53.0,./microbial/210615_391_A1_S1.0.2/mmseqs/splits/053/nuc/mmseqs_easy_taxonomy_vs_SILVA.benchmark.txt,10,270.83,2530.83,11169.36,9.344718,10.0,0.752306,3.02803,0.359954,3.387984,10.0,3.387984
updated,taxonomy,mmseqs_bestmatch_db,1.0.2,230.0,./microbial/210615_391_A1_S1.0.2/mmseqs/splits/230/mmseqs_bestmatch_db.benchmark.txt,1,0.8,0.79,185.15,0.9875,1.0,0.000222,0.000894,1.8e-05,0.000912,1.0,0.000912
updated,taxonomy,parse_mmseqs_easy_taxonomy_SILVA,1.0.2,230.0,./microbial/210615_391_A1_S1.0.2/mmseqs/splits/230/nuc/parse_mmseqs_easy_taxonomy_SILVA.benchmark.txt,2,1.21,0.74,201.09,0.61157,2.0,0.000672,0.002706,2.9e-05,0.002735,2.0,0.002735
updated,taxonomy,mmseqs_easy_taxonomy_vs_SILVA,1.0.2,230.0,./microbial/210615_391_A1_S1.0.2/mmseqs/splits/230/nuc/mmseqs_easy_taxonomy_vs_SILVA.benchmark.txt,10,305.66,2701.62,11175.62,8.838644,10.0,0.849056,3.417449,0.406473,3.823922,10.0,3.823922
updated,taxonomy,mmseqs_bestmatch_db,1.0.2,195.0,./microbial/210615_391_A1_S1.0.2/mmseqs/splits/195/mmseqs_bestmatch_db.benchmark.txt,1,0.86,0.58,169.48,0.674419,1.0,0.000239,0.000962,1.7e-05,0.000979,1.0,0.000979
updated,taxonomy,parse_mmseqs_easy_taxonomy_SILVA,1.0.2,195.0,./microbial/210615_391_A1_S1.0.2/mmseqs/splits/195/nuc/parse_mmseqs_easy_taxonomy_SILVA.benchmark.txt,2,2.3,0.24,96.47,0.104348,2.0,0.001278,0.005143,2.6e-05,0.005169,2.0,0.005169
updated,taxonomy,mmseqs_easy_taxonomy_vs_SILVA,1.0.2,195.0,./microbial/210615_391_A1_S1.0.2/mmseqs/splits/195/nuc/mmseqs_easy_taxonomy_vs_SILVA.benchmark.txt,10,286.04,2510.84,11161.05,8.777933,10.0,0.794556,3.198086,0.379886,3.577972,10.0,3.577972
updated,taxonomy,mmseqs_bestmatch_db,1.0.2,244.0,./microbial/210615_391_A1_S1.0.2/mmseqs/splits/244/mmseqs_bestmatch_db.benchmark.txt,1,0.74,0.61,185.1,0.824324,1.0,0.000206,0.000827,1.6e-05,0.000844,1.0,0.000844
updated,taxonomy,parse_mmseqs_easy_taxonomy_SILVA,1.0.2,244.0,./microbial/210615_391_A1_S1.0.2/mmseqs/splits/244/nuc/parse_mmseqs_easy_taxonomy_SILVA.benchmark.txt,2,0.94,0.83,211.42,0.882979,2.0,0.000522,0.002102,2.4e-05,0.002126,2.0,0.002126
updated,taxonomy,mmseqs_easy_taxonomy_vs_SILVA,1.0.2,244.0,./microbial/210615_391_A1_S1.0.2/mmseqs/splits/244/nuc/mmseqs_easy_taxonomy_vs_SILVA.benchmark.txt,10,310.35,2797.66,11161.09,9.014532,10.0,0.862083,3.469885,0.412173,3.882059,10.0,3.882059
updated,taxonomy,mmseqs_bestmatch_db,1.0.2,178.0,./microbial/210615_391_A1_S1.0.2/mmseqs/splits/178/mmseqs_bestmatch_db.benchmark.txt,1,0.83,0.42,162.95,0.506024,1.0,0.000231,0.000928,1.6e-05,0.000944,1.0,0.000944
updated,taxonomy,parse_mmseqs_easy_taxonomy_SILVA,1.0.2,178.0,./microbial/210615_391_A1_S1.0.2/mmseqs/splits/178/nuc/parse_mmseqs_easy_taxonomy_SILVA.benchmark.txt,2,0.99,0.76,202.31,0.767677,2.0,0.00055,0.002214,2.4e-05,0.002238,2.0,0.002238
updated,taxonomy,mmseqs_easy_taxonomy_vs_SILVA,1.0.2,178.0,./microbial/210615_391_A1_S1.0.2/mmseqs/splits/178/nuc/mmseqs_easy_taxonomy_vs_SILVA.benchmark.txt,10,331.31,2833.52,11131.65,8.552474,10.0,0.920306,3.70423,0.43885,4.143079,10.0,4.143079
updated,taxonomy,mmseqs_bestmatch_db,1.0.2,112.0,./microbial/210615_391_A1_S1.0.2/mmseqs/splits/112/mmseqs_bestmatch_db.benchmark.txt,1,0.89,0.46,168.32,0.516854,1.0,0.000247,0.000995,1.8e-05,0.001013,1.0,0.001013
updated,taxonomy,parse_mmseqs_easy_taxonomy_SILVA,1.0.2,112.0,./microbial/210615_391_A1_S1.0.2/mmseqs/splits/112/nuc/parse_mmseqs_easy_taxonomy_SILVA.benchmark.txt,2,0.97,0.75,209.27,0.773196,2.0,0.000539,0.002169,2.4e-05,0.002193,2.0,0.002193
updated,taxonomy,mmseqs_easy_taxonomy_vs_SILVA,1.0.2,112.0,./microbial/210615_391_A1_S1.0.2/mmseqs/splits/112/nuc/mmseqs_easy_taxonomy_vs_SILVA.benchmark.txt,10,411.44,3705.6,11168.89,9.006416,10.0,1.142889,4.600128,0.546812,5.14694,10.0,5.14694
updated,taxonomy,mmseqs_bestmatch_db,1.0.2,235.0,./microbial/210615_391_A1_S1.0.2/mmseqs/splits/235/mmseqs_bestmatch_db.benchmark.txt,1,0.96,0.56,186.73,0.583333,1.0,0.000267,0.001073,2.1e-05,0.001095,1.0,0.001095
updated,taxonomy,parse_mmseqs_easy_taxonomy_SILVA,1.0.2,235.0,./microbial/210615_391_A1_S1.0.2/mmseqs/splits/235/nuc/parse_mmseqs_easy_taxonomy_SILVA.benchmark.txt,2,0.95,0.86,230.71,0.905263,2.0,0.000528,0.002124,2.6e-05,0.00215,2.0,0.00215
updated,taxonomy,mmseqs_easy_taxonomy_vs_SILVA,1.0.2,235.0,./microbial/210615_391_A1_S1.0.2/mmseqs/splits/235/nuc/mmseqs_easy_taxonomy_vs_SILVA.benchmark.txt,10,329.53,2751.81,11158.15,8.350712,10.0,0.915361,3.684328,0.437531,4.121859,10.0,4.121859
updated,taxonomy,mmseqs_bestmatch_db,1.0.2,206.0,./microbial/210615_391_A1_S1.0.2/mmseqs/splits/206/mmseqs_bestmatch_db.benchmark.txt,1,0.57,0.08,37.09,0.140351,1.0,0.000158,0.000637,3e-06,0.00064,1.0,0.00064
updated,taxonomy,parse_mmseqs_easy_taxonomy_SILVA,1.0.2,206.0,./microbial/210615_391_A1_S1.0.2/mmseqs/splits/206/nuc/parse_mmseqs_easy_taxonomy_SILVA.benchmark.txt,2,1.09,0.76,207.22,0.697248,2.0,0.000606,0.002437,2.7e-05,0.002464,2.0,0.002464
updated,taxonomy,mmseqs_easy_taxonomy_vs_SILVA,1.0.2,206.0,./microbial/210615_391_A1_S1.0.2/mmseqs/splits/206/nuc/mmseqs_easy_taxonomy_vs_SILVA.benchmark.txt,10,341.8,3109.68,11144.37,9.097952,10.0,0.949444,3.821514,0.453262,4.274776,10.0,4.274776
updated,taxonomy,mmseqs_bestmatch_db,1.0.2,129.0,./microbial/210615_391_A1_S1.0.2/mmseqs/splits/129/mmseqs_bestmatch_db.benchmark.txt,1,0.88,0.49,164.86,0.556818,1.0,0.000244,0.000984,1.7e-05,0.001001,1.0,0.001001
updated,taxonomy,parse_mmseqs_easy_taxonomy_SILVA,1.0.2,129.0,./microbial/210615_391_A1_S1.0.2/mmseqs/splits/129/nuc/parse_mmseqs_easy_taxonomy_SILVA.benchmark.txt,2,0.92,0.76,209.43,0.826087,2.0,0.000511,0.002057,2.3e-05,0.00208,2.0,0.00208
updated,taxonomy,mmseqs_easy_taxonomy_vs_SILVA,1.0.2,129.0,./microbial/210615_391_A1_S1.0.2/mmseqs/splits/129/nuc/mmseqs_easy_taxonomy_vs_SILVA.benchmark.txt,10,317.17,2818.83,11180.29,8.887442,10.0,0.881028,3.546137,0.421956,3.968092,10.0,3.968092
updated,taxonomy,mmseqs_bestmatch_db,1.0.2,245.0,./microbial/210615_391_A1_S1.0.2/mmseqs/splits/245/mmseqs_bestmatch_db.benchmark.txt,1,0.92,0.54,188.26,0.586957,1.0,0.000256,0.001029,2.1e-05,0.001049,1.0,0.001049
updated,taxonomy,parse_mmseqs_easy_taxonomy_SILVA,1.0.2,245.0,./microbial/210615_391_A1_S1.0.2/mmseqs/splits/245/nuc/parse_mmseqs_easy_taxonomy_SILVA.benchmark.txt,2,1.15,0.76,196.57,0.66087,2.0,0.000639,0.002572,2.7e-05,0.002598,2.0,0.002598
updated,taxonomy,mmseqs_easy_taxonomy_vs_SILVA,1.0.2,245.0,./microbial/210615_391_A1_S1.0.2/mmseqs/splits/245/nuc/mmseqs_easy_taxonomy_vs_SILVA.benchmark.txt,10,259.04,2163.47,11196.9,8.351876,10.0,0.719556,2.896211,0.345133,3.241344,10.0,3.241344
updated,taxonomy,mmseqs_bestmatch_db,1.0.2,241.0,./microbial/210615_391_A1_S1.0.2/mmseqs/splits/241/mmseqs_bestmatch_db.benchmark.txt,1,0.8,0.48,182.1,0.6,1.0,0.000222,0.000894,1.7e-05,0.000912,1.0,0.000912
updated,taxonomy,parse_mmseqs_easy_taxonomy_SILVA,1.0.2,241.0,./microbial/210615_391_A1_S1.0.2/mmseqs/splits/241/nuc/parse_mmseqs_easy_taxonomy_SILVA.benchmark.txt,2,1.16,0.7,201.08,0.603448,2.0,0.000644,0.002594,2.8e-05,0.002622,2.0,0.002622
updated,taxonomy,mmseqs_easy_taxonomy_vs_SILVA,1.0.2,241.0,./microbial/210615_391_A1_S1.0.2/mmseqs/splits/241/nuc/mmseqs_easy_taxonomy_vs_SILVA.benchmark.txt,10,304.3,2475.58,11159.51,8.135327,10.0,0.845278,3.402243,0.404081,3.806324,10.0,3.806324
updated,taxonomy,mmseqs_bestmatch_db,1.0.2,190.0,./microbial/210615_391_A1_S1.0.2/mmseqs/splits/190/mmseqs_bestmatch_db.benchmark.txt,1,0.68,0.1,37.54,0.147059,1.0,0.000189,0.00076,3e-06,0.000763,1.0,0.000763
updated,taxonomy,parse_mmseqs_easy_taxonomy_SILVA,1.0.2,190.0,./microbial/210615_391_A1_S1.0.2/mmseqs/splits/190/nuc/parse_mmseqs_easy_taxonomy_SILVA.benchmark.txt,2,0.94,0.8,221.86,0.851064,2.0,0.000522,0.002102,2.5e-05,0.002127,2.0,0.002127
updated,taxonomy,mmseqs_easy_taxonomy_vs_SILVA,1.0.2,190.0,./microbial/210615_391_A1_S1.0.2/mmseqs/splits/190/nuc/mmseqs_easy_taxonomy_vs_SILVA.benchmark.txt,10,293.2,2489.84,11124.65,8.491951,10.0,0.814444,3.278139,0.388125,3.666264,10.0,3.666264
updated,taxonomy,mmseqs_bestmatch_db,1.0.2,66.0,./microbial/210615_391_A1_S1.0.2/mmseqs/splits/066/mmseqs_bestmatch_db.benchmark.txt,1,0.9,0.7,174.55,0.777778,1.0,0.00025,0.001006,1.9e-05,0.001025,1.0,0.001025
updated,taxonomy,parse_mmseqs_easy_taxonomy_SILVA,1.0.2,66.0,./microbial/210615_391_A1_S1.0.2/mmseqs/splits/066/nuc/parse_mmseqs_easy_taxonomy_SILVA.benchmark.txt,2,0.95,0.93,227.59,0.978947,2.0,0.000528,0.002124,2.6e-05,0.00215,2.0,0.00215
updated,taxonomy,mmseqs_easy_taxonomy_vs_SILVA,1.0.2,66.0,./microbial/210615_391_A1_S1.0.2/mmseqs/splits/066/nuc/mmseqs_easy_taxonomy_vs_SILVA.benchmark.txt,10,308.23,2839.39,11131.76,9.21192,10.0,0.856194,3.446183,0.408282,3.854465,10.0,3.854465
updated,taxonomy,mmseqs_bestmatch_db,1.0.2,25.0,./microbial/210615_391_A1_S1.0.2/mmseqs/splits/025/mmseqs_bestmatch_db.benchmark.txt,1,1.33,0.73,185.67,0.548872,1.0,0.000369,0.001487,2.9e-05,0.001516,1.0,0.001516
updated,taxonomy,parse_mmseqs_easy_taxonomy_SILVA,1.0.2,25.0,./microbial/210615_391_A1_S1.0.2/mmseqs/splits/025/nuc/parse_mmseqs_easy_taxonomy_SILVA.benchmark.txt,2,1.05,1.17,221.95,1.114286,2.0,0.000583,0.002348,2.8e-05,0.002376,2.0,0.002376
updated,taxonomy,mmseqs_easy_taxonomy_vs_SILVA,1.0.2,25.0,./microbial/210615_391_A1_S1.0.2/mmseqs/splits/025/nuc/mmseqs_easy_taxonomy_vs_SILVA.benchmark.txt,10,276.5,2500.67,11173.59,9.044014,10.0,0.768056,3.091424,0.367629,3.459052,10.0,3.459052
updated,taxonomy,mmseqs_bestmatch_db,1.0.2,122.0,./microbial/210615_391_A1_S1.0.2/mmseqs/splits/122/mmseqs_bestmatch_db.benchmark.txt,1,0.8,0.57,179.5,0.7125,1.0,0.000222,0.000894,1.7e-05,0.000912,1.0,0.000912
updated,taxonomy,parse_mmseqs_easy_taxonomy_SILVA,1.0.2,122.0,./microbial/210615_391_A1_S1.0.2/mmseqs/splits/122/nuc/parse_mmseqs_easy_taxonomy_SILVA.benchmark.txt,2,5.29,0.78,206.18,0.147448,2.0,0.002939,0.011829,0.00013,0.011959,2.0,0.011959
updated,taxonomy,mmseqs_easy_taxonomy_vs_SILVA,1.0.2,122.0,./microbial/210615_391_A1_S1.0.2/mmseqs/splits/122/nuc/mmseqs_easy_taxonomy_vs_SILVA.benchmark.txt,10,291.83,2530.13,11142.22,8.669876,10.0,0.810639,3.262822,0.386922,3.649743,10.0,3.649743
updated,taxonomy,mmseqs_bestmatch_db,1.0.2,104.0,./microbial/210615_391_A1_S1.0.2/mmseqs/splits/104/mmseqs_bestmatch_db.benchmark.txt,1,2.04,0.71,169.77,0.348039,1.0,0.000567,0.002281,4.1e-05,0.002322,1.0,0.002322
updated,taxonomy,parse_mmseqs_easy_taxonomy_SILVA,1.0.2,104.0,./microbial/210615_391_A1_S1.0.2/mmseqs/splits/104/nuc/parse_mmseqs_easy_taxonomy_SILVA.benchmark.txt,2,0.92,0.81,218.48,0.880435,2.0,0.000511,0.002057,2.4e-05,0.002081,2.0,0.002081
updated,taxonomy,mmseqs_easy_taxonomy_vs_SILVA,1.0.2,104.0,./microbial/210615_391_A1_S1.0.2/mmseqs/splits/104/nuc/mmseqs_easy_taxonomy_vs_SILVA.benchmark.txt,10,339.98,3105.48,11179.84,9.134302,10.0,0.944389,3.801165,0.452283,4.253449,10.0,4.253449
updated,taxonomy,mmseqs_bestmatch_db,1.0.2,7.0,./microbial/210615_391_A1_S1.0.2/mmseqs/splits/007/mmseqs_bestmatch_db.benchmark.txt,1,0.86,0.76,187.44,0.883721,1.0,0.000239,0.000962,1.9e-05,0.000981,1.0,0.000981
updated,taxonomy,parse_mmseqs_easy_taxonomy_SILVA,1.0.2,7.0,./microbial/210615_391_A1_S1.0.2/mmseqs/splits/007/nuc/parse_mmseqs_easy_taxonomy_SILVA.benchmark.txt,2,1.02,0.78,191.26,0.764706,2.0,0.000567,0.002281,2.3e-05,0.002304,2.0,0.002304
updated,taxonomy,mmseqs_easy_taxonomy_vs_SILVA,1.0.2,7.0,./microbial/210615_391_A1_S1.0.2/mmseqs/splits/007/nuc/mmseqs_easy_taxonomy_vs_SILVA.benchmark.txt,10,307.03,2805.53,11185.2,9.137641,10.0,0.852861,3.432766,0.408645,3.841411,10.0,3.841411
updated,taxonomy,mmseqs_bestmatch_db,1.0.2,14.0,./microbial/210615_391_A1_S1.0.2/mmseqs/splits/014/mmseqs_bestmatch_db.benchmark.txt,1,0.85,0.61,193.18,0.717647,1.0,0.000236,0.00095,2e-05,0.00097,1.0,0.00097
updated,taxonomy,parse_mmseqs_easy_taxonomy_SILVA,1.0.2,14.0,./microbial/210615_391_A1_S1.0.2/mmseqs/splits/014/nuc/parse_mmseqs_easy_taxonomy_SILVA.benchmark.txt,2,0.86,0.86,231.61,1.0,2.0,0.000478,0.001923,2.4e-05,0.001947,2.0,0.001947
updated,taxonomy,mmseqs_easy_taxonomy_vs_SILVA,1.0.2,14.0,./microbial/210615_391_A1_S1.0.2/mmseqs/splits/014/nuc/mmseqs_easy_taxonomy_vs_SILVA.benchmark.txt,10,364.2,3426.92,11168.41,9.409445,10.0,1.011667,4.071958,0.484008,4.555967,10.0,4.555967
updated,taxonomy,mmseqs_bestmatch_db,1.0.2,239.0,./microbial/210615_391_A1_S1.0.2/mmseqs/splits/239/mmseqs_bestmatch_db.benchmark.txt,1,0.8,0.47,167.77,0.5875,1.0,0.000222,0.000894,1.6e-05,0.00091,1.0,0.00091
updated,taxonomy,parse_mmseqs_easy_taxonomy_SILVA,1.0.2,239.0,./microbial/210615_391_A1_S1.0.2/mmseqs/splits/239/nuc/parse_mmseqs_easy_taxonomy_SILVA.benchmark.txt,2,0.9,0.79,228.54,0.877778,2.0,0.0005,0.002012,2.4e-05,0.002037,2.0,0.002037
updated,taxonomy,mmseqs_easy_taxonomy_vs_SILVA,1.0.2,239.0,./microbial/210615_391_A1_S1.0.2/mmseqs/splits/239/nuc/mmseqs_easy_taxonomy_vs_SILVA.benchmark.txt,10,279.54,2483.14,11168.48,8.882951,10.0,0.7765,3.125412,0.371501,3.496913,10.0,3.496913
updated,taxonomy,mmseqs_bestmatch_db,1.0.2,90.0,./microbial/210615_391_A1_S1.0.2/mmseqs/splits/090/mmseqs_bestmatch_db.benchmark.txt,1,0.73,0.09,37.64,0.123288,1.0,0.000203,0.000816,3e-06,0.000819,1.0,0.000819
updated,taxonomy,parse_mmseqs_easy_taxonomy_SILVA,1.0.2,90.0,./microbial/210615_391_A1_S1.0.2/mmseqs/splits/090/nuc/parse_mmseqs_easy_taxonomy_SILVA.benchmark.txt,2,0.94,0.89,218.68,0.946809,2.0,0.000522,0.002102,2.4e-05,0.002126,2.0,0.002126
updated,taxonomy,mmseqs_easy_taxonomy_vs_SILVA,1.0.2,90.0,./microbial/210615_391_A1_S1.0.2/mmseqs/splits/090/nuc/mmseqs_easy_taxonomy_vs_SILVA.benchmark.txt,10,336.12,3127.58,11153.34,9.304951,10.0,0.933667,3.758008,0.446088,4.204097,10.0,4.204097
updated,taxonomy,mmseqs_bestmatch_db,1.0.2,196.0,./microbial/210615_391_A1_S1.0.2/mmseqs/splits/196/mmseqs_bestmatch_db.benchmark.txt,1,0.73,0.57,171.51,0.780822,1.0,0.000203,0.000816,1.5e-05,0.000831,1.0,0.000831
updated,taxonomy,parse_mmseqs_easy_taxonomy_SILVA,1.0.2,196.0,./microbial/210615_391_A1_S1.0.2/mmseqs/splits/196/nuc/parse_mmseqs_easy_taxonomy_SILVA.benchmark.txt,2,2.42,0.69,192.53,0.285124,2.0,0.001344,0.005411,5.5e-05,0.005467,2.0,0.005467
updated,taxonomy,mmseqs_easy_taxonomy_vs_SILVA,1.0.2,196.0,./microbial/210615_391_A1_S1.0.2/mmseqs/splits/196/nuc/mmseqs_easy_taxonomy_vs_SILVA.benchmark.txt,10,278.47,2499.39,11172.15,8.975437,10.0,0.773528,3.113449,0.3702,3.48365,10.0,3.48365
updated,taxonomy,mmseqs_bestmatch_db,1.0.2,158.0,./microbial/210615_391_A1_S1.0.2/mmseqs/splits/158/mmseqs_bestmatch_db.benchmark.txt,1,1.14,0.25,79.84,0.219298,1.0,0.000317,0.001275,1.1e-05,0.001285,1.0,0.001285
updated,taxonomy,parse_mmseqs_easy_taxonomy_SILVA,1.0.2,158.0,./microbial/210615_391_A1_S1.0.2/mmseqs/splits/158/nuc/parse_mmseqs_easy_taxonomy_SILVA.benchmark.txt,2,1.08,0.75,204.39,0.694444,2.0,0.0006,0.002415,2.6e-05,0.002441,2.0,0.002441
updated,taxonomy,mmseqs_easy_taxonomy_vs_SILVA,1.0.2,158.0,./microbial/210615_391_A1_S1.0.2/mmseqs/splits/158/nuc/mmseqs_easy_taxonomy_vs_SILVA.benchmark.txt,10,365.05,3123.83,11158.3,8.557266,10.0,1.014028,4.081462,0.484699,4.566161,10.0,4.566161
updated,taxonomy,mmseqs_bestmatch_db,1.0.2,48.0,./microbial/210615_391_A1_S1.0.2/mmseqs/splits/048/mmseqs_bestmatch_db.benchmark.txt,1,0.87,0.56,171.12,0.643678,1.0,0.000242,0.000973,1.8e-05,0.00099,1.0,0.00099
updated,taxonomy,parse_mmseqs_easy_taxonomy_SILVA,1.0.2,48.0,./microbial/210615_391_A1_S1.0.2/mmseqs/splits/048/nuc/parse_mmseqs_easy_taxonomy_SILVA.benchmark.txt,2,0.81,1.02,230.06,1.259259,2.0,0.00045,0.001811,2.2e-05,0.001833,2.0,0.001833
updated,taxonomy,mmseqs_easy_taxonomy_vs_SILVA,1.0.2,48.0,./microbial/210615_391_A1_S1.0.2/mmseqs/splits/048/nuc/mmseqs_easy_taxonomy_vs_SILVA.benchmark.txt,10,333.05,3140.78,11154.32,9.430356,10.0,0.925139,3.723684,0.442053,4.165737,10.0,4.165737
updated,taxonomy,mmseqs_bestmatch_db,1.0.2,38.0,./microbial/210615_391_A1_S1.0.2/mmseqs/splits/038/mmseqs_bestmatch_db.benchmark.txt,1,0.72,0.1,37.61,0.138889,1.0,0.0002,0.000805,3e-06,0.000808,1.0,0.000808
updated,taxonomy,parse_mmseqs_easy_taxonomy_SILVA,1.0.2,38.0,./microbial/210615_391_A1_S1.0.2/mmseqs/splits/038/nuc/parse_mmseqs_easy_taxonomy_SILVA.benchmark.txt,2,1.09,0.84,205.27,0.770642,2.0,0.000606,0.002437,2.7e-05,0.002464,2.0,0.002464
updated,taxonomy,mmseqs_easy_taxonomy_vs_SILVA,1.0.2,38.0,./microbial/210615_391_A1_S1.0.2/mmseqs/splits/038/nuc/mmseqs_easy_taxonomy_vs_SILVA.benchmark.txt,10,264.52,2208.51,11202.71,8.349123,10.0,0.734778,2.957481,0.352617,3.310098,10.0,3.310098
updated,taxonomy,mmseqs_bestmatch_db,1.0.2,70.0,./microbial/210615_391_A1_S1.0.2/mmseqs/splits/070/mmseqs_bestmatch_db.benchmark.txt,1,0.82,0.45,177.45,0.54878,1.0,0.000228,0.000917,1.7e-05,0.000934,1.0,0.000934
updated,taxonomy,parse_mmseqs_easy_taxonomy_SILVA,1.0.2,70.0,./microbial/210615_391_A1_S1.0.2/mmseqs/splits/070/nuc/parse_mmseqs_easy_taxonomy_SILVA.benchmark.txt,2,0.95,0.84,225.42,0.884211,2.0,0.000528,0.002124,2.5e-05,0.00215,2.0,0.00215
updated,taxonomy,mmseqs_easy_taxonomy_vs_SILVA,1.0.2,70.0,./microbial/210615_391_A1_S1.0.2/mmseqs/splits/070/nuc/mmseqs_easy_taxonomy_vs_SILVA.benchmark.txt,10,363.53,3131.05,11154.82,8.612907,10.0,1.009806,4.064467,0.48253,4.546997,10.0,4.546997
updated,taxonomy,mmseqs_bestmatch_db,1.0.2,50.0,./microbial/210615_391_A1_S1.0.2/mmseqs/splits/050/mmseqs_bestmatch_db.benchmark.txt,1,0.78,0.58,182.2,0.74359,1.0,0.000217,0.000872,1.7e-05,0.000889,1.0,0.000889
updated,taxonomy,parse_mmseqs_easy_taxonomy_SILVA,1.0.2,50.0,./microbial/210615_391_A1_S1.0.2/mmseqs/splits/050/nuc/parse_mmseqs_easy_taxonomy_SILVA.benchmark.txt,2,0.97,0.94,219.78,0.969072,2.0,0.000539,0.002169,2.5e-05,0.002194,2.0,0.002194
updated,taxonomy,mmseqs_easy_taxonomy_vs_SILVA,1.0.2,50.0,./microbial/210615_391_A1_S1.0.2/mmseqs/splits/050/nuc/mmseqs_easy_taxonomy_vs_SILVA.benchmark.txt,10,297.76,2515.6,11189.04,8.448415,10.0,0.827111,3.329122,0.396443,3.725565,10.0,3.725565
updated,taxonomy,mmseqs_bestmatch_db,1.0.2,2.0,./microbial/210615_391_A1_S1.0.2/mmseqs/splits/002/mmseqs_bestmatch_db.benchmark.txt,1,0.87,0.55,204.06,0.632184,1.0,0.000242,0.000973,2.1e-05,0.000994,1.0,0.000994
updated,taxonomy,parse_mmseqs_easy_taxonomy_SILVA,1.0.2,2.0,./microbial/210615_391_A1_S1.0.2/mmseqs/splits/002/nuc/parse_mmseqs_easy_taxonomy_SILVA.benchmark.txt,2,1.2,0.93,182.82,0.775,2.0,0.000667,0.002683,2.6e-05,0.002709,2.0,0.002709
updated,taxonomy,mmseqs_easy_taxonomy_vs_SILVA,1.0.2,2.0,./microbial/210615_391_A1_S1.0.2/mmseqs/splits/002/nuc/mmseqs_easy_taxonomy_vs_SILVA.benchmark.txt,10,367.74,3473.25,11168.73,9.444852,10.0,1.0215,4.111538,0.488727,4.600264,10.0,4.600264
updated,taxonomy,mmseqs_bestmatch_db,1.0.2,113.0,./microbial/210615_391_A1_S1.0.2/mmseqs/splits/113/mmseqs_bestmatch_db.benchmark.txt,1,0.8,0.62,182.66,0.775,1.0,0.000222,0.000894,1.7e-05,0.000912,1.0,0.000912
updated,taxonomy,parse_mmseqs_easy_taxonomy_SILVA,1.0.2,113.0,./microbial/210615_391_A1_S1.0.2/mmseqs/splits/113/nuc/parse_mmseqs_easy_taxonomy_SILVA.benchmark.txt,2,0.89,0.85,223.29,0.955056,2.0,0.000494,0.00199,2.4e-05,0.002014,2.0,0.002014
updated,taxonomy,mmseqs_easy_taxonomy_vs_SILVA,1.0.2,113.0,./microbial/210615_391_A1_S1.0.2/mmseqs/splits/113/nuc/mmseqs_easy_taxonomy_vs_SILVA.benchmark.txt,10,301.33,2533.18,11136.34,8.406664,10.0,0.837028,3.369037,0.399307,3.768343,10.0,3.768343
updated,taxonomy,mmseqs_bestmatch_db,1.0.2,118.0,./microbial/210615_391_A1_S1.0.2/mmseqs/splits/118/mmseqs_bestmatch_db.benchmark.txt,1,0.87,0.41,174.38,0.471264,1.0,0.000242,0.000973,1.8e-05,0.000991,1.0,0.000991
updated,taxonomy,parse_mmseqs_easy_taxonomy_SILVA,1.0.2,118.0,./microbial/210615_391_A1_S1.0.2/mmseqs/splits/118/nuc/parse_mmseqs_easy_taxonomy_SILVA.benchmark.txt,2,0.96,0.79,212.79,0.822917,2.0,0.000533,0.002147,2.4e-05,0.002171,2.0,0.002171
updated,taxonomy,mmseqs_easy_taxonomy_vs_SILVA,1.0.2,118.0,./microbial/210615_391_A1_S1.0.2/mmseqs/splits/118/nuc/mmseqs_easy_taxonomy_vs_SILVA.benchmark.txt,10,298.34,2806.34,11168.91,9.406516,10.0,0.828722,3.335607,0.396501,3.732108,10.0,3.732108
updated,taxonomy,mmseqs_bestmatch_db,1.0.2,219.0,./microbial/210615_391_A1_S1.0.2/mmseqs/splits/219/mmseqs_bestmatch_db.benchmark.txt,1,1.04,0.26,79.45,0.25,1.0,0.000289,0.001163,1e-05,0.001173,1.0,0.001173
updated,taxonomy,parse_mmseqs_easy_taxonomy_SILVA,1.0.2,219.0,./microbial/210615_391_A1_S1.0.2/mmseqs/splits/219/nuc/parse_mmseqs_easy_taxonomy_SILVA.benchmark.txt,2,0.9,0.93,234.5,1.033333,2.0,0.0005,0.002012,2.5e-05,0.002038,2.0,0.002038
updated,taxonomy,mmseqs_easy_taxonomy_vs_SILVA,1.0.2,219.0,./microbial/210615_391_A1_S1.0.2/mmseqs/splits/219/nuc/mmseqs_easy_taxonomy_vs_SILVA.benchmark.txt,10,390.17,3429.86,11125.49,8.790681,10.0,1.083806,4.362317,0.516529,4.878846,10.0,4.878846
updated,taxonomy,mmseqs_bestmatch_db,1.0.2,8.0,./microbial/210615_391_A1_S1.0.2/mmseqs/splits/008/mmseqs_bestmatch_db.benchmark.txt,1,0.91,0.66,188.15,0.725275,1.0,0.000253,0.001017,2e-05,0.001038,1.0,0.001038
updated,taxonomy,parse_mmseqs_easy_taxonomy_SILVA,1.0.2,8.0,./microbial/210615_391_A1_S1.0.2/mmseqs/splits/008/nuc/parse_mmseqs_easy_taxonomy_SILVA.benchmark.txt,2,0.76,0.32,136.55,0.421053,2.0,0.000422,0.001699,1.2e-05,0.001712,2.0,0.001712
updated,taxonomy,mmseqs_easy_taxonomy_vs_SILVA,1.0.2,8.0,./microbial/210615_391_A1_S1.0.2/mmseqs/splits/008/nuc/mmseqs_easy_taxonomy_vs_SILVA.benchmark.txt,10,369.06,3225.4,11207.81,8.7395,10.0,1.025167,4.126296,0.492197,4.618493,10.0,4.618493
updated,taxonomy,mmseqs_bestmatch_db,1.0.2,31.0,./microbial/210615_391_A1_S1.0.2/mmseqs/splits/031/mmseqs_bestmatch_db.benchmark.txt,1,1.81,0.24,74.23,0.132597,1.0,0.000503,0.002024,1.6e-05,0.00204,1.0,0.00204
updated,taxonomy,parse_mmseqs_easy_taxonomy_SILVA,1.0.2,31.0,./microbial/210615_391_A1_S1.0.2/mmseqs/splits/031/nuc/parse_mmseqs_easy_taxonomy_SILVA.benchmark.txt,2,1.03,0.75,207.41,0.728155,2.0,0.000572,0.002303,2.5e-05,0.002329,2.0,0.002329
updated,taxonomy,mmseqs_easy_taxonomy_vs_SILVA,1.0.2,31.0,./microbial/210615_391_A1_S1.0.2/mmseqs/splits/031/nuc/mmseqs_easy_taxonomy_vs_SILVA.benchmark.txt,10,339.31,2848.84,11163.68,8.39598,10.0,0.942528,3.793674,0.45074,4.244414,10.0,4.244414
updated,taxonomy,mmseqs_bestmatch_db,1.0.2,172.0,./microbial/210615_391_A1_S1.0.2/mmseqs/splits/172/mmseqs_bestmatch_db.benchmark.txt,1,1.23,0.2,70.93,0.162602,1.0,0.000342,0.001375,1e-05,0.001386,1.0,0.001386
updated,taxonomy,parse_mmseqs_easy_taxonomy_SILVA,1.0.2,172.0,./microbial/210615_391_A1_S1.0.2/mmseqs/splits/172/nuc/parse_mmseqs_easy_taxonomy_SILVA.benchmark.txt,2,2.37,0.57,125.39,0.240506,2.0,0.001317,0.0053,3.5e-05,0.005335,2.0,0.005335
updated,taxonomy,mmseqs_easy_taxonomy_vs_SILVA,1.0.2,172.0,./microbial/210615_391_A1_S1.0.2/mmseqs/splits/172/nuc/mmseqs_easy_taxonomy_vs_SILVA.benchmark.txt,10,273.31,2527.25,11182.36,9.246826,10.0,0.759194,3.055758,0.363673,3.41943,10.0,3.41943
updated,taxonomy,mmseqs_bestmatch_db,1.0.2,145.0,./microbial/210615_391_A1_S1.0.2/mmseqs/splits/145/mmseqs_bestmatch_db.benchmark.txt,1,0.78,0.53,182.25,0.679487,1.0,0.000217,0.000872,1.7e-05,0.000889,1.0,0.000889
updated,taxonomy,parse_mmseqs_easy_taxonomy_SILVA,1.0.2,145.0,./microbial/210615_391_A1_S1.0.2/mmseqs/splits/145/nuc/parse_mmseqs_easy_taxonomy_SILVA.benchmark.txt,2,1.14,0.76,196.33,0.666667,2.0,0.000633,0.002549,2.7e-05,0.002576,2.0,0.002576
updated,taxonomy,mmseqs_easy_taxonomy_vs_SILVA,1.0.2,145.0,./microbial/210615_391_A1_S1.0.2/mmseqs/splits/145/nuc/mmseqs_easy_taxonomy_vs_SILVA.benchmark.txt,10,264.83,2240.54,11177.57,8.460295,10.0,0.735639,2.960947,0.352238,3.313185,10.0,3.313185
updated,taxonomy,mmseqs_bestmatch_db,1.0.2,42.0,./microbial/210615_391_A1_S1.0.2/mmseqs/splits/042/mmseqs_bestmatch_db.benchmark.txt,1,0.81,0.49,182.58,0.604938,1.0,0.000225,0.000906,1.8e-05,0.000923,1.0,0.000923
updated,taxonomy,parse_mmseqs_easy_taxonomy_SILVA,1.0.2,42.0,./microbial/210615_391_A1_S1.0.2/mmseqs/splits/042/nuc/parse_mmseqs_easy_taxonomy_SILVA.benchmark.txt,2,1.64,0.68,196.45,0.414634,2.0,0.000911,0.003667,3.8e-05,0.003706,2.0,0.003706
updated,taxonomy,mmseqs_easy_taxonomy_vs_SILVA,1.0.2,42.0,./microbial/210615_391_A1_S1.0.2/mmseqs/splits/042/nuc/mmseqs_easy_taxonomy_vs_SILVA.benchmark.txt,10,278.35,2511.46,11211.18,9.022669,10.0,0.773194,3.112108,0.371334,3.483441,10.0,3.483441
updated,taxonomy,mmseqs_bestmatch_db,1.0.2,33.0,./microbial/210615_391_A1_S1.0.2/mmseqs/splits/033/mmseqs_bestmatch_db.benchmark.txt,1,1.08,0.22,77.87,0.203704,1.0,0.0003,0.001208,1e-05,0.001218,1.0,0.001218
updated,taxonomy,parse_mmseqs_easy_taxonomy_SILVA,1.0.2,33.0,./microbial/210615_391_A1_S1.0.2/mmseqs/splits/033/nuc/parse_mmseqs_easy_taxonomy_SILVA.benchmark.txt,2,0.92,0.88,225.73,0.956522,2.0,0.000511,0.002057,2.5e-05,0.002082,2.0,0.002082
updated,taxonomy,mmseqs_easy_taxonomy_vs_SILVA,1.0.2,33.0,./microbial/210615_391_A1_S1.0.2/mmseqs/splits/033/nuc/mmseqs_easy_taxonomy_vs_SILVA.benchmark.txt,10,334.41,3121.9,11127.18,9.335546,10.0,0.928917,3.73889,0.442778,4.181668,10.0,4.181668
updated,taxonomy,mmseqs_bestmatch_db,1.0.2,228.0,./microbial/210615_391_A1_S1.0.2/mmseqs/splits/228/mmseqs_bestmatch_db.benchmark.txt,1,0.68,0.09,37.6,0.132353,1.0,0.000189,0.00076,3e-06,0.000763,1.0,0.000763
updated,taxonomy,parse_mmseqs_easy_taxonomy_SILVA,1.0.2,228.0,./microbial/210615_391_A1_S1.0.2/mmseqs/splits/228/nuc/parse_mmseqs_easy_taxonomy_SILVA.benchmark.txt,2,1.76,0.66,187.79,0.375,2.0,0.000978,0.003936,3.9e-05,0.003975,2.0,0.003975
updated,taxonomy,mmseqs_easy_taxonomy_vs_SILVA,1.0.2,228.0,./microbial/210615_391_A1_S1.0.2/mmseqs/splits/228/nuc/mmseqs_easy_taxonomy_vs_SILVA.benchmark.txt,10,292.89,2528.37,11194.45,8.63249,10.0,0.813583,3.274673,0.390148,3.664821,10.0,3.664821
updated,taxonomy,mmseqs_bestmatch_db,1.0.2,124.0,./microbial/210615_391_A1_S1.0.2/mmseqs/splits/124/mmseqs_bestmatch_db.benchmark.txt,1,0.78,0.62,176.91,0.794872,1.0,0.000217,0.000872,1.6e-05,0.000889,1.0,0.000889
updated,taxonomy,parse_mmseqs_easy_taxonomy_SILVA,1.0.2,124.0,./microbial/210615_391_A1_S1.0.2/mmseqs/splits/124/nuc/parse_mmseqs_easy_taxonomy_SILVA.benchmark.txt,2,1.01,0.69,198.13,0.683168,2.0,0.000561,0.002258,2.4e-05,0.002282,2.0,0.002282
updated,taxonomy,mmseqs_easy_taxonomy_vs_SILVA,1.0.2,124.0,./microbial/210615_391_A1_S1.0.2/mmseqs/splits/124/nuc/mmseqs_easy_taxonomy_vs_SILVA.benchmark.txt,10,338.98,3150.07,11132.87,9.29279,10.0,0.941611,3.789985,0.449058,4.239043,10.0,4.239043
updated,taxonomy,mmseqs_bestmatch_db,1.0.2,242.0,./microbial/210615_391_A1_S1.0.2/mmseqs/splits/242/mmseqs_bestmatch_db.benchmark.txt,1,0.85,0.54,175.7,0.635294,1.0,0.000236,0.00095,1.8e-05,0.000968,1.0,0.000968
updated,taxonomy,parse_mmseqs_easy_taxonomy_SILVA,1.0.2,242.0,./microbial/210615_391_A1_S1.0.2/mmseqs/splits/242/nuc/parse_mmseqs_easy_taxonomy_SILVA.benchmark.txt,2,0.92,0.86,223.3,0.934783,2.0,0.000511,0.002057,2.4e-05,0.002082,2.0,0.002082
updated,taxonomy,mmseqs_easy_taxonomy_vs_SILVA,1.0.2,242.0,./microbial/210615_391_A1_S1.0.2/mmseqs/splits/242/nuc/mmseqs_easy_taxonomy_vs_SILVA.benchmark.txt,10,335.57,2793.66,11159.34,8.325118,10.0,0.932139,3.751859,0.445598,4.197457,10.0,4.197457
updated,taxonomy,mmseqs_bestmatch_db,1.0.2,111.0,./microbial/210615_391_A1_S1.0.2/mmseqs/splits/111/mmseqs_bestmatch_db.benchmark.txt,1,0.77,0.69,180.89,0.896104,1.0,0.000214,0.000861,1.7e-05,0.000877,1.0,0.000877
updated,taxonomy,parse_mmseqs_easy_taxonomy_SILVA,1.0.2,111.0,./microbial/210615_391_A1_S1.0.2/mmseqs/splits/111/nuc/parse_mmseqs_easy_taxonomy_SILVA.benchmark.txt,2,0.88,0.87,222.84,0.988636,2.0,0.000489,0.001968,2.3e-05,0.001991,2.0,0.001991
updated,taxonomy,mmseqs_easy_taxonomy_vs_SILVA,1.0.2,111.0,./microbial/210615_391_A1_S1.0.2/mmseqs/splits/111/nuc/mmseqs_easy_taxonomy_vs_SILVA.benchmark.txt,10,273.34,2528.47,11145.27,9.250274,10.0,0.759278,3.056093,0.362506,3.418599,10.0,3.418599
updated,taxonomy,mmseqs_bestmatch_db,1.0.2,69.0,./microbial/210615_391_A1_S1.0.2/mmseqs/splits/069/mmseqs_bestmatch_db.benchmark.txt,1,0.63,0.09,40.62,0.142857,1.0,0.000175,0.000704,3e-06,0.000707,1.0,0.000707
updated,taxonomy,parse_mmseqs_easy_taxonomy_SILVA,1.0.2,69.0,./microbial/210615_391_A1_S1.0.2/mmseqs/splits/069/nuc/parse_mmseqs_easy_taxonomy_SILVA.benchmark.txt,2,0.89,0.87,223.13,0.977528,2.0,0.000494,0.00199,2.4e-05,0.002014,2.0,0.002014
updated,taxonomy,mmseqs_easy_taxonomy_vs_SILVA,1.0.2,69.0,./microbial/210615_391_A1_S1.0.2/mmseqs/splits/069/nuc/mmseqs_easy_taxonomy_vs_SILVA.benchmark.txt,10,385.79,3353.27,11183.65,8.691957,10.0,1.071639,4.313347,0.5134,4.826747,10.0,4.826747
updated,taxonomy,mmseqs_bestmatch_db,1.0.2,194.0,./microbial/210615_391_A1_S1.0.2/mmseqs/splits/194/mmseqs_bestmatch_db.benchmark.txt,1,0.64,0.08,36.76,0.125,1.0,0.000178,0.000716,3e-06,0.000718,1.0,0.000718
updated,taxonomy,parse_mmseqs_easy_taxonomy_SILVA,1.0.2,194.0,./microbial/210615_391_A1_S1.0.2/mmseqs/splits/194/nuc/parse_mmseqs_easy_taxonomy_SILVA.benchmark.txt,2,1.11,0.77,195.29,0.693694,2.0,0.000617,0.002482,2.6e-05,0.002508,2.0,0.002508
updated,taxonomy,mmseqs_easy_taxonomy_vs_SILVA,1.0.2,194.0,./microbial/210615_391_A1_S1.0.2/mmseqs/splits/194/nuc/mmseqs_easy_taxonomy_vs_SILVA.benchmark.txt,10,283.43,2525.99,11153.26,8.912218,10.0,0.787306,3.168905,0.376157,3.545062,10.0,3.545062
updated,taxonomy,mmseqs_bestmatch_db,1.0.2,96.0,./microbial/210615_391_A1_S1.0.2/mmseqs/splits/096/mmseqs_bestmatch_db.benchmark.txt,1,0.91,0.71,170.2,0.78022,1.0,0.000253,0.001017,1.8e-05,0.001036,1.0,0.001036
updated,taxonomy,parse_mmseqs_easy_taxonomy_SILVA,1.0.2,96.0,./microbial/210615_391_A1_S1.0.2/mmseqs/splits/096/nuc/parse_mmseqs_easy_taxonomy_SILVA.benchmark.txt,2,0.85,0.08,38.05,0.094118,2.0,0.000472,0.001901,4e-06,0.001905,2.0,0.001905
updated,taxonomy,mmseqs_easy_taxonomy_vs_SILVA,1.0.2,96.0,./microbial/210615_391_A1_S1.0.2/mmseqs/splits/096/nuc/mmseqs_easy_taxonomy_vs_SILVA.benchmark.txt,10,341.86,3128.82,11152.81,9.152343,10.0,0.949611,3.822185,0.453685,4.27587,10.0,4.27587
updated,taxonomy,mmseqs_bestmatch_db,1.0.2,84.0,./microbial/210615_391_A1_S1.0.2/mmseqs/splits/084/mmseqs_bestmatch_db.benchmark.txt,1,1.94,0.77,139.71,0.396907,1.0,0.000539,0.002169,3.2e-05,0.002201,1.0,0.002201
updated,taxonomy,parse_mmseqs_easy_taxonomy_SILVA,1.0.2,84.0,./microbial/210615_391_A1_S1.0.2/mmseqs/splits/084/nuc/parse_mmseqs_easy_taxonomy_SILVA.benchmark.txt,2,0.86,0.08,37.75,0.093023,2.0,0.000478,0.001923,4e-06,0.001927,2.0,0.001927
updated,taxonomy,mmseqs_easy_taxonomy_vs_SILVA,1.0.2,84.0,./microbial/210615_391_A1_S1.0.2/mmseqs/splits/084/nuc/mmseqs_easy_taxonomy_vs_SILVA.benchmark.txt,10,293.07,2505.56,11171.3,8.549357,10.0,0.814083,3.276685,0.38958,3.666265,10.0,3.666265
updated,taxonomy,mmseqs_bestmatch_db,1.0.2,61.0,./microbial/210615_391_A1_S1.0.2/mmseqs/splits/061/mmseqs_bestmatch_db.benchmark.txt,1,0.9,0.35,117.99,0.388889,1.0,0.00025,0.001006,1.3e-05,0.001019,1.0,0.001019
updated,taxonomy,parse_mmseqs_easy_taxonomy_SILVA,1.0.2,61.0,./microbial/210615_391_A1_S1.0.2/mmseqs/splits/061/nuc/parse_mmseqs_easy_taxonomy_SILVA.benchmark.txt,2,0.84,0.08,38.08,0.095238,2.0,0.000467,0.001878,4e-06,0.001882,2.0,0.001882
updated,taxonomy,mmseqs_easy_taxonomy_vs_SILVA,1.0.2,61.0,./microbial/210615_391_A1_S1.0.2/mmseqs/splits/061/nuc/mmseqs_easy_taxonomy_vs_SILVA.benchmark.txt,10,276.52,2499.66,11181.82,9.039708,10.0,0.768111,3.091647,0.367926,3.459573,10.0,3.459573
updated,taxonomy,mmseqs_bestmatch_db,1.0.2,40.0,./microbial/210615_391_A1_S1.0.2/mmseqs/splits/040/mmseqs_bestmatch_db.benchmark.txt,1,0.85,0.45,166.2,0.529412,1.0,0.000236,0.00095,1.7e-05,0.000967,1.0,0.000967
updated,taxonomy,parse_mmseqs_easy_taxonomy_SILVA,1.0.2,40.0,./microbial/210615_391_A1_S1.0.2/mmseqs/splits/040/nuc/parse_mmseqs_easy_taxonomy_SILVA.benchmark.txt,2,0.92,0.92,234.45,1.0,2.0,0.000511,0.002057,2.6e-05,0.002083,2.0,0.002083
updated,taxonomy,mmseqs_easy_taxonomy_vs_SILVA,1.0.2,40.0,./microbial/210615_391_A1_S1.0.2/mmseqs/splits/040/nuc/mmseqs_easy_taxonomy_vs_SILVA.benchmark.txt,10,278.68,2476.93,11167.39,8.88808,10.0,0.774111,3.115797,0.370322,3.486119,10.0,3.486119
updated,taxonomy,mmseqs_bestmatch_db,1.0.2,233.0,./microbial/210615_391_A1_S1.0.2/mmseqs/splits/233/mmseqs_bestmatch_db.benchmark.txt,1,0.87,0.48,187.35,0.551724,1.0,0.000242,0.000973,1.9e-05,0.000992,1.0,0.000992
updated,taxonomy,parse_mmseqs_easy_taxonomy_SILVA,1.0.2,233.0,./microbial/210615_391_A1_S1.0.2/mmseqs/splits/233/nuc/parse_mmseqs_easy_taxonomy_SILVA.benchmark.txt,2,1.53,0.46,116.38,0.300654,2.0,0.00085,0.003421,2.1e-05,0.003442,2.0,0.003442
updated,taxonomy,mmseqs_easy_taxonomy_vs_SILVA,1.0.2,233.0,./microbial/210615_391_A1_S1.0.2/mmseqs/splits/233/nuc/mmseqs_easy_taxonomy_vs_SILVA.benchmark.txt,10,360.23,3129.56,11131.66,8.687672,10.0,1.000639,4.027572,0.477157,4.504729,10.0,4.504729
updated,taxonomy,mmseqs_bestmatch_db,1.0.2,45.0,./microbial/210615_391_A1_S1.0.2/mmseqs/splits/045/mmseqs_bestmatch_db.benchmark.txt,1,0.64,0.09,38.19,0.140625,1.0,0.000178,0.000716,3e-06,0.000718,1.0,0.000718
updated,taxonomy,parse_mmseqs_easy_taxonomy_SILVA,1.0.2,45.0,./microbial/210615_391_A1_S1.0.2/mmseqs/splits/045/nuc/parse_mmseqs_easy_taxonomy_SILVA.benchmark.txt,2,1.57,0.78,214.94,0.496815,2.0,0.000872,0.003511,4e-05,0.003551,2.0,0.003551
updated,taxonomy,mmseqs_easy_taxonomy_vs_SILVA,1.0.2,45.0,./microbial/210615_391_A1_S1.0.2/mmseqs/splits/045/nuc/mmseqs_easy_taxonomy_vs_SILVA.benchmark.txt,10,267.88,2519.2,11176.48,9.404211,10.0,0.744111,2.995047,0.35626,3.351307,10.0,3.351307
updated,taxonomy,mmseqs_bestmatch_db,1.0.2,47.0,./microbial/210615_391_A1_S1.0.2/mmseqs/splits/047/mmseqs_bestmatch_db.benchmark.txt,1,0.64,0.08,36.64,0.125,1.0,0.000178,0.000716,3e-06,0.000718,1.0,0.000718
updated,taxonomy,parse_mmseqs_easy_taxonomy_SILVA,1.0.2,47.0,./microbial/210615_391_A1_S1.0.2/mmseqs/splits/047/nuc/parse_mmseqs_easy_taxonomy_SILVA.benchmark.txt,2,0.9,0.94,232.53,1.044444,2.0,0.0005,0.002012,2.5e-05,0.002037,2.0,0.002037
updated,taxonomy,mmseqs_easy_taxonomy_vs_SILVA,1.0.2,47.0,./microbial/210615_391_A1_S1.0.2/mmseqs/splits/047/nuc/mmseqs_easy_taxonomy_vs_SILVA.benchmark.txt,10,306.1,2832.5,11153.13,9.253512,10.0,0.850278,3.422368,0.406239,3.828607,10.0,3.828607
updated,taxonomy,mmseqs_bestmatch_db,1.0.2,216.0,./microbial/210615_391_A1_S1.0.2/mmseqs/splits/216/mmseqs_bestmatch_db.benchmark.txt,1,0.8,0.54,173.74,0.675,1.0,0.000222,0.000894,1.7e-05,0.000911,1.0,0.000911
updated,taxonomy,parse_mmseqs_easy_taxonomy_SILVA,1.0.2,216.0,./microbial/210615_391_A1_S1.0.2/mmseqs/splits/216/nuc/parse_mmseqs_easy_taxonomy_SILVA.benchmark.txt,2,1.01,0.8,221.55,0.792079,2.0,0.000561,0.002258,2.7e-05,0.002285,2.0,0.002285
updated,taxonomy,mmseqs_easy_taxonomy_vs_SILVA,1.0.2,216.0,./microbial/210615_391_A1_S1.0.2/mmseqs/splits/216/nuc/mmseqs_easy_taxonomy_vs_SILVA.benchmark.txt,10,308.44,2784.39,11183.27,9.027331,10.0,0.856778,3.448531,0.410451,3.858981,10.0,3.858981
updated,taxonomy,mmseqs_bestmatch_db,1.0.2,17.0,./microbial/210615_391_A1_S1.0.2/mmseqs/splits/017/mmseqs_bestmatch_db.benchmark.txt,1,0.8,0.5,188.01,0.625,1.0,0.000222,0.000894,1.8e-05,0.000912,1.0,0.000912
updated,taxonomy,parse_mmseqs_easy_taxonomy_SILVA,1.0.2,17.0,./microbial/210615_391_A1_S1.0.2/mmseqs/splits/017/nuc/parse_mmseqs_easy_taxonomy_SILVA.benchmark.txt,2,0.88,0.77,218.79,0.875,2.0,0.000489,0.001968,2.3e-05,0.001991,2.0,0.001991
updated,taxonomy,mmseqs_easy_taxonomy_vs_SILVA,1.0.2,17.0,./microbial/210615_391_A1_S1.0.2/mmseqs/splits/017/nuc/mmseqs_easy_taxonomy_vs_SILVA.benchmark.txt,10,298.33,2532.67,11135.55,8.489492,10.0,0.828694,3.335495,0.395303,3.730798,10.0,3.730798
updated,taxonomy,mmseqs_bestmatch_db,1.0.2,226.0,./microbial/210615_391_A1_S1.0.2/mmseqs/splits/226/mmseqs_bestmatch_db.benchmark.txt,1,0.78,0.55,169.38,0.705128,1.0,0.000217,0.000872,1.6e-05,0.000888,1.0,0.000888
updated,taxonomy,parse_mmseqs_easy_taxonomy_SILVA,1.0.2,226.0,./microbial/210615_391_A1_S1.0.2/mmseqs/splits/226/nuc/parse_mmseqs_easy_taxonomy_SILVA.benchmark.txt,2,1.01,0.76,205.48,0.752475,2.0,0.000561,0.002258,2.5e-05,0.002283,2.0,0.002283
updated,taxonomy,mmseqs_easy_taxonomy_vs_SILVA,1.0.2,226.0,./microbial/210615_391_A1_S1.0.2/mmseqs/splits/226/nuc/mmseqs_easy_taxonomy_vs_SILVA.benchmark.txt,10,289.37,2473.62,11169.01,8.548295,10.0,0.803806,3.235317,0.384583,3.6199,10.0,3.6199
updated,taxonomy,mmseqs_bestmatch_db,1.0.2,234.0,./microbial/210615_391_A1_S1.0.2/mmseqs/splits/234/mmseqs_bestmatch_db.benchmark.txt,1,0.75,0.11,37.33,0.146667,1.0,0.000208,0.000839,3e-06,0.000842,1.0,0.000842
updated,taxonomy,parse_mmseqs_easy_taxonomy_SILVA,1.0.2,234.0,./microbial/210615_391_A1_S1.0.2/mmseqs/splits/234/nuc/parse_mmseqs_easy_taxonomy_SILVA.benchmark.txt,2,1.64,0.98,216.95,0.597561,2.0,0.000911,0.003667,4.2e-05,0.00371,2.0,0.00371
updated,taxonomy,mmseqs_easy_taxonomy_vs_SILVA,1.0.2,234.0,./microbial/210615_391_A1_S1.0.2/mmseqs/splits/234/nuc/mmseqs_easy_taxonomy_vs_SILVA.benchmark.txt,10,290.01,2498.15,11169.71,8.614013,10.0,0.805583,3.242473,0.385457,3.62793,10.0,3.62793
updated,taxonomy,mmseqs_bestmatch_db,1.0.2,132.0,./microbial/210615_391_A1_S1.0.2/mmseqs/splits/132/mmseqs_bestmatch_db.benchmark.txt,1,0.71,0.09,37.26,0.126761,1.0,0.000197,0.000794,3e-06,0.000797,1.0,0.000797
updated,taxonomy,parse_mmseqs_easy_taxonomy_SILVA,1.0.2,132.0,./microbial/210615_391_A1_S1.0.2/mmseqs/splits/132/nuc/parse_mmseqs_easy_taxonomy_SILVA.benchmark.txt,2,0.94,0.75,203.1,0.797872,2.0,0.000522,0.002102,2.3e-05,0.002125,2.0,0.002125
updated,taxonomy,mmseqs_easy_taxonomy_vs_SILVA,1.0.2,132.0,./microbial/210615_391_A1_S1.0.2/mmseqs/splits/132/nuc/mmseqs_easy_taxonomy_vs_SILVA.benchmark.txt,10,280.98,2531.41,11202.05,9.009218,10.0,0.7805,3.141512,0.374537,3.516049,10.0,3.516049
updated,taxonomy,mmseqs_bestmatch_db,1.0.2,168.0,./microbial/210615_391_A1_S1.0.2/mmseqs/splits/168/mmseqs_bestmatch_db.benchmark.txt,1,0.75,0.54,183.4,0.72,1.0,0.000208,0.000839,1.6e-05,0.000855,1.0,0.000855
updated,taxonomy,parse_mmseqs_easy_taxonomy_SILVA,1.0.2,168.0,./microbial/210615_391_A1_S1.0.2/mmseqs/splits/168/nuc/parse_mmseqs_easy_taxonomy_SILVA.benchmark.txt,2,0.93,0.86,222.73,0.924731,2.0,0.000517,0.00208,2.5e-05,0.002104,2.0,0.002104
updated,taxonomy,mmseqs_easy_taxonomy_vs_SILVA,1.0.2,168.0,./microbial/210615_391_A1_S1.0.2/mmseqs/splits/168/nuc/mmseqs_easy_taxonomy_vs_SILVA.benchmark.txt,10,335.46,3076.44,11195.03,9.17081,10.0,0.931833,3.750629,0.446877,4.197506,10.0,4.197506
updated,taxonomy,mmseqs_bestmatch_db,1.0.2,169.0,./microbial/210615_391_A1_S1.0.2/mmseqs/splits/169/mmseqs_bestmatch_db.benchmark.txt,1,1.35,0.62,192.64,0.459259,1.0,0.000375,0.001509,3.1e-05,0.00154,1.0,0.00154
updated,taxonomy,parse_mmseqs_easy_taxonomy_SILVA,1.0.2,169.0,./microbial/210615_391_A1_S1.0.2/mmseqs/splits/169/nuc/parse_mmseqs_easy_taxonomy_SILVA.benchmark.txt,2,1.31,0.8,200.14,0.610687,2.0,0.000728,0.002929,3.1e-05,0.002961,2.0,0.002961
updated,taxonomy,mmseqs_easy_taxonomy_vs_SILVA,1.0.2,169.0,./microbial/210615_391_A1_S1.0.2/mmseqs/splits/169/nuc/mmseqs_easy_taxonomy_vs_SILVA.benchmark.txt,10,316.72,2807.23,11150.17,8.863444,10.0,0.879778,3.541106,0.420222,3.961327,10.0,3.961327
updated,taxonomy,mmseqs_bestmatch_db,1.0.2,188.0,./microbial/210615_391_A1_S1.0.2/mmseqs/splits/188/mmseqs_bestmatch_db.benchmark.txt,1,0.7,0.1,37.7,0.142857,1.0,0.000194,0.000783,3e-06,0.000786,1.0,0.000786
updated,taxonomy,parse_mmseqs_easy_taxonomy_SILVA,1.0.2,188.0,./microbial/210615_391_A1_S1.0.2/mmseqs/splits/188/nuc/parse_mmseqs_easy_taxonomy_SILVA.benchmark.txt,2,1.4,0.49,175.41,0.35,2.0,0.000778,0.003131,2.9e-05,0.00316,2.0,0.00316
updated,taxonomy,mmseqs_easy_taxonomy_vs_SILVA,1.0.2,188.0,./microbial/210615_391_A1_S1.0.2/mmseqs/splits/188/nuc/mmseqs_easy_taxonomy_vs_SILVA.benchmark.txt,10,295.0,2503.17,11181.62,8.485322,10.0,0.819444,3.298264,0.392508,3.690772,10.0,3.690772
updated,taxonomy,mmseqs_bestmatch_db,1.0.2,210.0,./microbial/210615_391_A1_S1.0.2/mmseqs/splits/210/mmseqs_bestmatch_db.benchmark.txt,1,1.69,0.83,168.39,0.491124,1.0,0.000469,0.00189,3.4e-05,0.001923,1.0,0.001923
updated,taxonomy,parse_mmseqs_easy_taxonomy_SILVA,1.0.2,210.0,./microbial/210615_391_A1_S1.0.2/mmseqs/splits/210/nuc/parse_mmseqs_easy_taxonomy_SILVA.benchmark.txt,2,1.03,0.46,181.13,0.446602,2.0,0.000572,0.002303,2.2e-05,0.002325,2.0,0.002325
updated,taxonomy,mmseqs_easy_taxonomy_vs_SILVA,1.0.2,210.0,./microbial/210615_391_A1_S1.0.2/mmseqs/splits/210/nuc/mmseqs_easy_taxonomy_vs_SILVA.benchmark.txt,10,285.17,2443.18,11207.38,8.567451,10.0,0.792139,3.188359,0.380303,3.568662,10.0,3.568662
updated,taxonomy,mmseqs_bestmatch_db,1.0.2,127.0,./microbial/210615_391_A1_S1.0.2/mmseqs/splits/127/mmseqs_bestmatch_db.benchmark.txt,1,0.92,0.47,182.09,0.51087,1.0,0.000256,0.001029,2e-05,0.001049,1.0,0.001049
updated,taxonomy,parse_mmseqs_easy_taxonomy_SILVA,1.0.2,127.0,./microbial/210615_391_A1_S1.0.2/mmseqs/splits/127/nuc/parse_mmseqs_easy_taxonomy_SILVA.benchmark.txt,2,1.0,0.94,220.4,0.94,2.0,0.000556,0.002236,2.6e-05,0.002262,2.0,0.002262
updated,taxonomy,mmseqs_easy_taxonomy_vs_SILVA,1.0.2,127.0,./microbial/210615_391_A1_S1.0.2/mmseqs/splits/127/nuc/mmseqs_easy_taxonomy_vs_SILVA.benchmark.txt,10,316.45,2756.62,11182.04,8.711076,10.0,0.879028,3.538087,0.421064,3.95915,10.0,3.95915
updated,taxonomy,mmseqs_bestmatch_db,1.0.2,13.0,./microbial/210615_391_A1_S1.0.2/mmseqs/splits/013/mmseqs_bestmatch_db.benchmark.txt,1,1.8,0.23,64.64,0.127778,1.0,0.0005,0.002012,1.4e-05,0.002026,1.0,0.002026
updated,taxonomy,parse_mmseqs_easy_taxonomy_SILVA,1.0.2,13.0,./microbial/210615_391_A1_S1.0.2/mmseqs/splits/013/nuc/parse_mmseqs_easy_taxonomy_SILVA.benchmark.txt,2,0.89,0.93,222.86,1.044944,2.0,0.000494,0.00199,2.4e-05,0.002014,2.0,0.002014
updated,taxonomy,mmseqs_easy_taxonomy_vs_SILVA,1.0.2,13.0,./microbial/210615_391_A1_S1.0.2/mmseqs/splits/013/nuc/mmseqs_easy_taxonomy_vs_SILVA.benchmark.txt,10,294.0,2542.6,11131.95,8.648299,10.0,0.816667,3.287083,0.38944,3.676523,10.0,3.676523
updated,taxonomy,mmseqs_bestmatch_db,1.0.2,186.0,./microbial/210615_391_A1_S1.0.2/mmseqs/splits/186/mmseqs_bestmatch_db.benchmark.txt,1,1.13,0.31,99.8,0.274336,1.0,0.000314,0.001263,1.3e-05,0.001277,1.0,0.001277
updated,taxonomy,parse_mmseqs_easy_taxonomy_SILVA,1.0.2,186.0,./microbial/210615_391_A1_S1.0.2/mmseqs/splits/186/nuc/parse_mmseqs_easy_taxonomy_SILVA.benchmark.txt,2,0.98,0.94,227.09,0.959184,2.0,0.000544,0.002191,2.6e-05,0.002218,2.0,0.002218
updated,taxonomy,mmseqs_easy_taxonomy_vs_SILVA,1.0.2,186.0,./microbial/210615_391_A1_S1.0.2/mmseqs/splits/186/nuc/mmseqs_easy_taxonomy_vs_SILVA.benchmark.txt,10,293.12,2518.46,11197.5,8.591908,10.0,0.814222,3.277244,0.39056,3.667805,10.0,3.667805
updated,taxonomy,mmseqs_bestmatch_db,1.0.2,92.0,./microbial/210615_391_A1_S1.0.2/mmseqs/splits/092/mmseqs_bestmatch_db.benchmark.txt,1,1.52,0.6,183.69,0.394737,1.0,0.000422,0.001699,3.3e-05,0.001733,1.0,0.001733
updated,taxonomy,parse_mmseqs_easy_taxonomy_SILVA,1.0.2,92.0,./microbial/210615_391_A1_S1.0.2/mmseqs/splits/092/nuc/parse_mmseqs_easy_taxonomy_SILVA.benchmark.txt,2,0.9,0.95,229.78,1.055556,2.0,0.0005,0.002012,2.5e-05,0.002037,2.0,0.002037
updated,taxonomy,mmseqs_easy_taxonomy_vs_SILVA,1.0.2,92.0,./microbial/210615_391_A1_S1.0.2/mmseqs/splits/092/nuc/mmseqs_easy_taxonomy_vs_SILVA.benchmark.txt,10,284.15,2530.24,11138.67,8.904593,10.0,0.789306,3.176955,0.376619,3.553574,10.0,3.553574
updated,taxonomy,mmseqs_bestmatch_db,1.0.2,189.0,./microbial/210615_391_A1_S1.0.2/mmseqs/splits/189/mmseqs_bestmatch_db.benchmark.txt,1,0.83,0.6,188.86,0.722892,1.0,0.000231,0.000928,1.9e-05,0.000947,1.0,0.000947
updated,taxonomy,parse_mmseqs_easy_taxonomy_SILVA,1.0.2,189.0,./microbial/210615_391_A1_S1.0.2/mmseqs/splits/189/nuc/parse_mmseqs_easy_taxonomy_SILVA.benchmark.txt,2,0.93,0.93,224.4,1.0,2.0,0.000517,0.00208,2.5e-05,0.002104,2.0,0.002104
updated,taxonomy,mmseqs_easy_taxonomy_vs_SILVA,1.0.2,189.0,./microbial/210615_391_A1_S1.0.2/mmseqs/splits/189/nuc/mmseqs_easy_taxonomy_vs_SILVA.benchmark.txt,10,275.42,2509.12,11143.73,9.110159,10.0,0.765056,3.079349,0.365214,3.444563,10.0,3.444563
updated,taxonomy,mmseqs_bestmatch_db,1.0.2,199.0,./microbial/210615_391_A1_S1.0.2/mmseqs/splits/199/mmseqs_bestmatch_db.benchmark.txt,1,0.71,0.11,40.04,0.15493,1.0,0.000197,0.000794,3e-06,0.000797,1.0,0.000797
updated,taxonomy,parse_mmseqs_easy_taxonomy_SILVA,1.0.2,199.0,./microbial/210615_391_A1_S1.0.2/mmseqs/splits/199/nuc/parse_mmseqs_easy_taxonomy_SILVA.benchmark.txt,2,1.13,0.8,193.55,0.707965,2.0,0.000628,0.002527,2.6e-05,0.002553,2.0,0.002553
updated,taxonomy,mmseqs_easy_taxonomy_vs_SILVA,1.0.2,199.0,./microbial/210615_391_A1_S1.0.2/mmseqs/splits/199/nuc/mmseqs_easy_taxonomy_vs_SILVA.benchmark.txt,10,266.59,2228.41,11138.58,8.358941,10.0,0.740528,2.980624,0.353342,3.333966,10.0,3.333966
updated,taxonomy,mmseqs_bestmatch_db,1.0.2,207.0,./microbial/210615_391_A1_S1.0.2/mmseqs/splits/207/mmseqs_bestmatch_db.benchmark.txt,1,0.8,0.65,177.43,0.8125,1.0,0.000222,0.000894,1.7e-05,0.000911,1.0,0.000911
updated,taxonomy,parse_mmseqs_easy_taxonomy_SILVA,1.0.2,207.0,./microbial/210615_391_A1_S1.0.2/mmseqs/splits/207/nuc/parse_mmseqs_easy_taxonomy_SILVA.benchmark.txt,2,0.87,0.96,231.14,1.103448,2.0,0.000483,0.001945,2.4e-05,0.001969,2.0,0.001969
updated,taxonomy,mmseqs_easy_taxonomy_vs_SILVA,1.0.2,207.0,./microbial/210615_391_A1_S1.0.2/mmseqs/splits/207/nuc/mmseqs_easy_taxonomy_vs_SILVA.benchmark.txt,10,351.01,2753.34,11169.25,7.84405,10.0,0.975028,3.924487,0.466514,4.391001,10.0,4.391001
updated,taxonomy,mmseqs_bestmatch_db,1.0.2,79.0,./microbial/210615_391_A1_S1.0.2/mmseqs/splits/079/mmseqs_bestmatch_db.benchmark.txt,1,0.75,0.57,183.2,0.76,1.0,0.000208,0.000839,1.6e-05,0.000855,1.0,0.000855
updated,taxonomy,parse_mmseqs_easy_taxonomy_SILVA,1.0.2,79.0,./microbial/210615_391_A1_S1.0.2/mmseqs/splits/079/nuc/parse_mmseqs_easy_taxonomy_SILVA.benchmark.txt,2,0.87,0.88,219.45,1.011494,2.0,0.000483,0.001945,2.3e-05,0.001968,2.0,0.001968
updated,taxonomy,mmseqs_easy_taxonomy_vs_SILVA,1.0.2,79.0,./microbial/210615_391_A1_S1.0.2/mmseqs/splits/079/nuc/mmseqs_easy_taxonomy_vs_SILVA.benchmark.txt,10,306.74,2801.7,11142.94,9.133794,10.0,0.852056,3.429524,0.406717,3.83624,10.0,3.83624
updated,taxonomy,mmseqs_bestmatch_db,1.0.2,26.0,./microbial/210615_391_A1_S1.0.2/mmseqs/splits/026/mmseqs_bestmatch_db.benchmark.txt,1,0.72,0.09,38.17,0.125,1.0,0.0002,0.000805,3e-06,0.000808,1.0,0.000808
updated,taxonomy,parse_mmseqs_easy_taxonomy_SILVA,1.0.2,26.0,./microbial/210615_391_A1_S1.0.2/mmseqs/splits/026/nuc/parse_mmseqs_easy_taxonomy_SILVA.benchmark.txt,2,1.03,0.58,191.54,0.563107,2.0,0.000572,0.002303,2.3e-05,0.002327,2.0,0.002327
updated,taxonomy,mmseqs_easy_taxonomy_vs_SILVA,1.0.2,26.0,./microbial/210615_391_A1_S1.0.2/mmseqs/splits/026/nuc/mmseqs_easy_taxonomy_vs_SILVA.benchmark.txt,10,264.65,2233.24,11180.66,8.438466,10.0,0.735139,2.958934,0.352096,3.31103,10.0,3.31103
updated,taxonomy,mmseqs_bestmatch_db,1.0.2,161.0,./microbial/210615_391_A1_S1.0.2/mmseqs/splits/161/mmseqs_bestmatch_db.benchmark.txt,1,0.95,0.46,182.11,0.484211,1.0,0.000264,0.001062,2.1e-05,0.001083,1.0,0.001083
updated,taxonomy,parse_mmseqs_easy_taxonomy_SILVA,1.0.2,161.0,./microbial/210615_391_A1_S1.0.2/mmseqs/splits/161/nuc/parse_mmseqs_easy_taxonomy_SILVA.benchmark.txt,2,0.87,0.94,233.04,1.08046,2.0,0.000483,0.001945,2.4e-05,0.00197,2.0,0.00197
updated,taxonomy,mmseqs_easy_taxonomy_vs_SILVA,1.0.2,161.0,./microbial/210615_391_A1_S1.0.2/mmseqs/splits/161/nuc/mmseqs_easy_taxonomy_vs_SILVA.benchmark.txt,10,325.95,2756.15,11129.06,8.455745,10.0,0.905417,3.644302,0.431649,4.075951,10.0,4.075951
updated,taxonomy,mmseqs_bestmatch_db,1.0.2,213.0,./microbial/210615_391_A1_S1.0.2/mmseqs/splits/213/mmseqs_bestmatch_db.benchmark.txt,1,0.84,0.58,184.75,0.690476,1.0,0.000233,0.000939,1.8e-05,0.000958,1.0,0.000958
updated,taxonomy,parse_mmseqs_easy_taxonomy_SILVA,1.0.2,213.0,./microbial/210615_391_A1_S1.0.2/mmseqs/splits/213/nuc/parse_mmseqs_easy_taxonomy_SILVA.benchmark.txt,2,2.58,1.08,181.69,0.418605,2.0,0.001433,0.005769,5.6e-05,0.005825,2.0,0.005825
updated,taxonomy,mmseqs_easy_taxonomy_vs_SILVA,1.0.2,213.0,./microbial/210615_391_A1_S1.0.2/mmseqs/splits/213/nuc/mmseqs_easy_taxonomy_vs_SILVA.benchmark.txt,10,299.54,2540.44,11139.35,8.481138,10.0,0.832056,3.349024,0.397042,3.746065,10.0,3.746065
updated,taxonomy,mmseqs_bestmatch_db,1.0.2,55.0,./microbial/210615_391_A1_S1.0.2/mmseqs/splits/055/mmseqs_bestmatch_db.benchmark.txt,1,0.86,0.38,163.34,0.44186,1.0,0.000239,0.000962,1.7e-05,0.000978,1.0,0.000978
updated,taxonomy,parse_mmseqs_easy_taxonomy_SILVA,1.0.2,55.0,./microbial/210615_391_A1_S1.0.2/mmseqs/splits/055/nuc/parse_mmseqs_easy_taxonomy_SILVA.benchmark.txt,2,0.9,0.84,219.48,0.933333,2.0,0.0005,0.002012,2.4e-05,0.002036,2.0,0.002036
updated,taxonomy,mmseqs_easy_taxonomy_vs_SILVA,1.0.2,55.0,./microbial/210615_391_A1_S1.0.2/mmseqs/splits/055/nuc/mmseqs_easy_taxonomy_vs_SILVA.benchmark.txt,10,299.64,2510.59,11143.7,8.378688,10.0,0.832333,3.350142,0.39733,3.747471,10.0,3.747471
updated,taxonomy,mmseqs_bestmatch_db,1.0.2,240.0,./microbial/210615_391_A1_S1.0.2/mmseqs/splits/240/mmseqs_bestmatch_db.benchmark.txt,1,0.77,0.53,183.69,0.688312,1.0,0.000214,0.000861,1.7e-05,0.000878,1.0,0.000878
updated,taxonomy,parse_mmseqs_easy_taxonomy_SILVA,1.0.2,240.0,./microbial/210615_391_A1_S1.0.2/mmseqs/splits/240/nuc/parse_mmseqs_easy_taxonomy_SILVA.benchmark.txt,2,1.44,0.92,180.42,0.638889,2.0,0.0008,0.00322,3.1e-05,0.003251,2.0,0.003251
updated,taxonomy,mmseqs_easy_taxonomy_vs_SILVA,1.0.2,240.0,./microbial/210615_391_A1_S1.0.2/mmseqs/splits/240/nuc/mmseqs_easy_taxonomy_vs_SILVA.benchmark.txt,10,332.13,2844.61,11120.32,8.564749,10.0,0.922583,3.713398,0.439488,4.152886,10.0,4.152886
updated,taxonomy,mmseqs_bestmatch_db,1.0.2,121.0,./microbial/210615_391_A1_S1.0.2/mmseqs/splits/121/mmseqs_bestmatch_db.benchmark.txt,1,0.84,0.77,189.41,0.916667,1.0,0.000233,0.000939,1.9e-05,0.000958,1.0,0.000958
updated,taxonomy,parse_mmseqs_easy_taxonomy_SILVA,1.0.2,121.0,./microbial/210615_391_A1_S1.0.2/mmseqs/splits/121/nuc/parse_mmseqs_easy_taxonomy_SILVA.benchmark.txt,2,1.21,0.78,191.05,0.644628,2.0,0.000672,0.002706,2.8e-05,0.002733,2.0,0.002733
updated,taxonomy,mmseqs_easy_taxonomy_vs_SILVA,1.0.2,121.0,./microbial/210615_391_A1_S1.0.2/mmseqs/splits/121/nuc/mmseqs_easy_taxonomy_vs_SILVA.benchmark.txt,10,314.14,2807.41,11175.16,8.936812,10.0,0.872611,3.51226,0.417733,3.929993,10.0,3.929993
updated,taxonomy,mmseqs_bestmatch_db,1.0.2,58.0,./microbial/210615_391_A1_S1.0.2/mmseqs/splits/058/mmseqs_bestmatch_db.benchmark.txt,1,1.85,0.34,84.45,0.183784,1.0,0.000514,0.002068,1.9e-05,0.002087,1.0,0.002087
updated,taxonomy,parse_mmseqs_easy_taxonomy_SILVA,1.0.2,58.0,./microbial/210615_391_A1_S1.0.2/mmseqs/splits/058/nuc/parse_mmseqs_easy_taxonomy_SILVA.benchmark.txt,2,1.04,1.05,226.33,1.009615,2.0,0.000578,0.002326,2.8e-05,0.002354,2.0,0.002354
updated,taxonomy,mmseqs_easy_taxonomy_vs_SILVA,1.0.2,58.0,./microbial/210615_391_A1_S1.0.2/mmseqs/splits/058/nuc/mmseqs_easy_taxonomy_vs_SILVA.benchmark.txt,10,266.85,2501.93,11193.43,9.375792,10.0,0.74125,2.983531,0.355428,3.33896,10.0,3.33896
updated,taxonomy,mmseqs_bestmatch_db,1.0.2,49.0,./microbial/210615_391_A1_S1.0.2/mmseqs/splits/049/mmseqs_bestmatch_db.benchmark.txt,1,0.61,0.09,36.87,0.147541,1.0,0.000169,0.000682,3e-06,0.000685,1.0,0.000685
updated,taxonomy,parse_mmseqs_easy_taxonomy_SILVA,1.0.2,49.0,./microbial/210615_391_A1_S1.0.2/mmseqs/splits/049/nuc/parse_mmseqs_easy_taxonomy_SILVA.benchmark.txt,2,0.95,0.96,229.55,1.010526,2.0,0.000528,0.002124,2.6e-05,0.00215,2.0,0.00215
updated,taxonomy,mmseqs_easy_taxonomy_vs_SILVA,1.0.2,49.0,./microbial/210615_391_A1_S1.0.2/mmseqs/splits/049/nuc/mmseqs_easy_taxonomy_vs_SILVA.benchmark.txt,10,269.5,2523.33,11173.99,9.363006,10.0,0.748611,3.01316,0.358335,3.371494,10.0,3.371494
updated,taxonomy,mmseqs_bestmatch_db,1.0.2,157.0,./microbial/210615_391_A1_S1.0.2/mmseqs/splits/157/mmseqs_bestmatch_db.benchmark.txt,1,0.73,0.58,186.52,0.794521,1.0,0.000203,0.000816,1.6e-05,0.000832,1.0,0.000832
updated,taxonomy,parse_mmseqs_easy_taxonomy_SILVA,1.0.2,157.0,./microbial/210615_391_A1_S1.0.2/mmseqs/splits/157/nuc/parse_mmseqs_easy_taxonomy_SILVA.benchmark.txt,2,1.14,0.22,95.31,0.192982,2.0,0.000633,0.002549,1.3e-05,0.002562,2.0,0.002562
updated,taxonomy,mmseqs_easy_taxonomy_vs_SILVA,1.0.2,157.0,./microbial/210615_391_A1_S1.0.2/mmseqs/splits/157/nuc/mmseqs_easy_taxonomy_vs_SILVA.benchmark.txt,10,291.27,2355.84,11161.4,8.088166,10.0,0.809083,3.25656,0.386844,3.643405,10.0,3.643405
updated,taxonomy,mmseqs_bestmatch_db,1.0.2,16.0,./microbial/210615_391_A1_S1.0.2/mmseqs/splits/016/mmseqs_bestmatch_db.benchmark.txt,1,1.02,0.41,121.71,0.401961,1.0,0.000283,0.00114,1.5e-05,0.001155,1.0,0.001155
updated,taxonomy,parse_mmseqs_easy_taxonomy_SILVA,1.0.2,16.0,./microbial/210615_391_A1_S1.0.2/mmseqs/splits/016/nuc/parse_mmseqs_easy_taxonomy_SILVA.benchmark.txt,2,1.02,0.9,212.34,0.882353,2.0,0.000567,0.002281,2.6e-05,0.002307,2.0,0.002307
updated,taxonomy,mmseqs_easy_taxonomy_vs_SILVA,1.0.2,16.0,./microbial/210615_391_A1_S1.0.2/mmseqs/splits/016/nuc/mmseqs_easy_taxonomy_vs_SILVA.benchmark.txt,10,290.93,2517.31,11184.96,8.652631,10.0,0.808139,3.252759,0.387208,3.639967,10.0,3.639967
updated,taxonomy,mmseqs_bestmatch_db,1.0.2,62.0,./microbial/210615_391_A1_S1.0.2/mmseqs/splits/062/mmseqs_bestmatch_db.benchmark.txt,1,0.68,0.09,37.49,0.132353,1.0,0.000189,0.00076,3e-06,0.000763,1.0,0.000763
updated,taxonomy,parse_mmseqs_easy_taxonomy_SILVA,1.0.2,62.0,./microbial/210615_391_A1_S1.0.2/mmseqs/splits/062/nuc/parse_mmseqs_easy_taxonomy_SILVA.benchmark.txt,2,0.95,0.87,227.67,0.915789,2.0,0.000528,0.002124,2.6e-05,0.00215,2.0,0.00215
updated,taxonomy,mmseqs_easy_taxonomy_vs_SILVA,1.0.2,62.0,./microbial/210615_391_A1_S1.0.2/mmseqs/splits/062/nuc/mmseqs_easy_taxonomy_vs_SILVA.benchmark.txt,10,324.35,2834.73,11157.01,8.739726,10.0,0.900972,3.626413,0.430609,4.057022,10.0,4.057022
updated,taxonomy,mmseqs_bestmatch_db,1.0.2,32.0,./microbial/210615_391_A1_S1.0.2/mmseqs/splits/032/mmseqs_bestmatch_db.benchmark.txt,1,0.78,0.52,178.57,0.666667,1.0,0.000217,0.000872,1.7e-05,0.000889,1.0,0.000889
updated,taxonomy,parse_mmseqs_easy_taxonomy_SILVA,1.0.2,32.0,./microbial/210615_391_A1_S1.0.2/mmseqs/splits/032/nuc/parse_mmseqs_easy_taxonomy_SILVA.benchmark.txt,2,1.05,0.75,205.1,0.714286,2.0,0.000583,0.002348,2.6e-05,0.002374,2.0,0.002374
updated,taxonomy,mmseqs_easy_taxonomy_vs_SILVA,1.0.2,32.0,./microbial/210615_391_A1_S1.0.2/mmseqs/splits/032/nuc/mmseqs_easy_taxonomy_vs_SILVA.benchmark.txt,10,344.42,3134.88,11140.07,9.10191,10.0,0.956722,3.850807,0.45656,4.307367,10.0,4.307367
updated,taxonomy,mmseqs_bestmatch_db,1.0.2,249.0,./microbial/210615_391_A1_S1.0.2/mmseqs/splits/249/mmseqs_bestmatch_db.benchmark.txt,1,0.67,0.09,36.83,0.134328,1.0,0.000186,0.000749,3e-06,0.000752,1.0,0.000752
updated,taxonomy,parse_mmseqs_easy_taxonomy_SILVA,1.0.2,249.0,./microbial/210615_391_A1_S1.0.2/mmseqs/splits/249/nuc/parse_mmseqs_easy_taxonomy_SILVA.benchmark.txt,2,0.87,0.96,231.8,1.103448,2.0,0.000483,0.001945,2.4e-05,0.001969,2.0,0.001969
updated,taxonomy,mmseqs_easy_taxonomy_vs_SILVA,1.0.2,249.0,./microbial/210615_391_A1_S1.0.2/mmseqs/splits/249/nuc/mmseqs_easy_taxonomy_vs_SILVA.benchmark.txt,10,301.28,2788.49,11176.79,9.255477,10.0,0.836889,3.368478,0.40069,3.769168,10.0,3.769168
updated,taxonomy,mmseqs_bestmatch_db,1.0.2,3.0,./microbial/210615_391_A1_S1.0.2/mmseqs/splits/003/mmseqs_bestmatch_db.benchmark.txt,1,0.75,0.71,212.13,0.946667,1.0,0.000208,0.000839,1.9e-05,0.000857,1.0,0.000857
updated,taxonomy,parse_mmseqs_easy_taxonomy_SILVA,1.0.2,3.0,./microbial/210615_391_A1_S1.0.2/mmseqs/splits/003/nuc/parse_mmseqs_easy_taxonomy_SILVA.benchmark.txt,2,0.92,1.02,220.24,1.108696,2.0,0.000511,0.002057,2.4e-05,0.002081,2.0,0.002081
updated,taxonomy,mmseqs_easy_taxonomy_vs_SILVA,1.0.2,3.0,./microbial/210615_391_A1_S1.0.2/mmseqs/splits/003/nuc/mmseqs_easy_taxonomy_vs_SILVA.benchmark.txt,10,335.52,3089.29,11177.93,9.207469,10.0,0.932,3.7513,0.446274,4.197574,10.0,4.197574
updated,taxonomy,mmseqs_bestmatch_db,1.0.2,20.0,./microbial/210615_391_A1_S1.0.2/mmseqs/splits/020/mmseqs_bestmatch_db.benchmark.txt,1,0.69,0.1,37.09,0.144928,1.0,0.000192,0.000771,3e-06,0.000775,1.0,0.000775
updated,taxonomy,parse_mmseqs_easy_taxonomy_SILVA,1.0.2,20.0,./microbial/210615_391_A1_S1.0.2/mmseqs/splits/020/nuc/parse_mmseqs_easy_taxonomy_SILVA.benchmark.txt,2,0.96,0.83,212.77,0.864583,2.0,0.000533,0.002147,2.4e-05,0.002171,2.0,0.002171
updated,taxonomy,mmseqs_easy_taxonomy_vs_SILVA,1.0.2,20.0,./microbial/210615_391_A1_S1.0.2/mmseqs/splits/020/nuc/mmseqs_easy_taxonomy_vs_SILVA.benchmark.txt,10,369.13,3290.08,11163.02,8.913066,10.0,1.025361,4.127078,0.490323,4.617402,10.0,4.617402
updated,taxonomy,mmseqs_bestmatch_db,1.0.2,173.0,./microbial/210615_391_A1_S1.0.2/mmseqs/splits/173/mmseqs_bestmatch_db.benchmark.txt,1,0.61,0.09,37.8,0.147541,1.0,0.000169,0.000682,3e-06,0.000685,1.0,0.000685
updated,taxonomy,parse_mmseqs_easy_taxonomy_SILVA,1.0.2,173.0,./microbial/210615_391_A1_S1.0.2/mmseqs/splits/173/nuc/parse_mmseqs_easy_taxonomy_SILVA.benchmark.txt,2,1.0,0.71,200.67,0.71,2.0,0.000556,0.002236,2.4e-05,0.00226,2.0,0.00226
updated,taxonomy,mmseqs_easy_taxonomy_vs_SILVA,1.0.2,173.0,./microbial/210615_391_A1_S1.0.2/mmseqs/splits/173/nuc/mmseqs_easy_taxonomy_vs_SILVA.benchmark.txt,10,315.88,2799.38,11155.82,8.862163,10.0,0.877444,3.531714,0.41932,3.951034,10.0,3.951034
updated,taxonomy,mmseqs_bestmatch_db,1.0.2,222.0,./microbial/210615_391_A1_S1.0.2/mmseqs/splits/222/mmseqs_bestmatch_db.benchmark.txt,1,0.84,0.59,188.62,0.702381,1.0,0.000233,0.000939,1.9e-05,0.000958,1.0,0.000958
updated,taxonomy,parse_mmseqs_easy_taxonomy_SILVA,1.0.2,222.0,./microbial/210615_391_A1_S1.0.2/mmseqs/splits/222/nuc/parse_mmseqs_easy_taxonomy_SILVA.benchmark.txt,2,1.27,1.04,194.09,0.818898,2.0,0.000706,0.00284,2.9e-05,0.002869,2.0,0.002869
updated,taxonomy,mmseqs_easy_taxonomy_vs_SILVA,1.0.2,222.0,./microbial/210615_391_A1_S1.0.2/mmseqs/splits/222/nuc/mmseqs_easy_taxonomy_vs_SILVA.benchmark.txt,10,293.41,2530.39,11133.54,8.624076,10.0,0.815028,3.280487,0.388714,3.6692,10.0,3.6692
updated,taxonomy,mmseqs_bestmatch_db,1.0.2,227.0,./microbial/210615_391_A1_S1.0.2/mmseqs/splits/227/mmseqs_bestmatch_db.benchmark.txt,1,0.83,0.57,170.55,0.686747,1.0,0.000231,0.000928,1.7e-05,0.000945,1.0,0.000945
updated,taxonomy,parse_mmseqs_easy_taxonomy_SILVA,1.0.2,227.0,./microbial/210615_391_A1_S1.0.2/mmseqs/splits/227/nuc/parse_mmseqs_easy_taxonomy_SILVA.benchmark.txt,2,0.92,0.93,226.68,1.01087,2.0,0.000511,0.002057,2.5e-05,0.002082,2.0,0.002082
updated,taxonomy,mmseqs_easy_taxonomy_vs_SILVA,1.0.2,227.0,./microbial/210615_391_A1_S1.0.2/mmseqs/splits/227/nuc/mmseqs_easy_taxonomy_vs_SILVA.benchmark.txt,10,275.58,2492.39,11177.0,9.044161,10.0,0.7655,3.081137,0.366517,3.447655,10.0,3.447655
updated,taxonomy,mmseqs_bestmatch_db,1.0.2,180.0,./microbial/210615_391_A1_S1.0.2/mmseqs/splits/180/mmseqs_bestmatch_db.benchmark.txt,1,0.64,0.1,39.11,0.15625,1.0,0.000178,0.000716,3e-06,0.000719,1.0,0.000719
updated,taxonomy,parse_mmseqs_easy_taxonomy_SILVA,1.0.2,180.0,./microbial/210615_391_A1_S1.0.2/mmseqs/splits/180/nuc/parse_mmseqs_easy_taxonomy_SILVA.benchmark.txt,2,2.54,0.76,201.1,0.299213,2.0,0.001411,0.00568,6.1e-05,0.005741,2.0,0.005741
updated,taxonomy,mmseqs_easy_taxonomy_vs_SILVA,1.0.2,180.0,./microbial/210615_391_A1_S1.0.2/mmseqs/splits/180/nuc/mmseqs_easy_taxonomy_vs_SILVA.benchmark.txt,10,324.43,2844.98,11169.52,8.769164,10.0,0.901194,3.627308,0.431198,4.058506,10.0,4.058506
updated,taxonomy,mmseqs_bestmatch_db,1.0.2,35.0,./microbial/210615_391_A1_S1.0.2/mmseqs/splits/035/mmseqs_bestmatch_db.benchmark.txt,1,0.78,0.51,180.14,0.653846,1.0,0.000217,0.000872,1.7e-05,0.000889,1.0,0.000889
updated,taxonomy,parse_mmseqs_easy_taxonomy_SILVA,1.0.2,35.0,./microbial/210615_391_A1_S1.0.2/mmseqs/splits/035/nuc/parse_mmseqs_easy_taxonomy_SILVA.benchmark.txt,2,0.97,0.9,224.19,0.927835,2.0,0.000539,0.002169,2.6e-05,0.002195,2.0,0.002195
updated,taxonomy,mmseqs_easy_taxonomy_vs_SILVA,1.0.2,35.0,./microbial/210615_391_A1_S1.0.2/mmseqs/splits/035/nuc/mmseqs_easy_taxonomy_vs_SILVA.benchmark.txt,10,345.05,3141.12,11129.34,9.103376,10.0,0.958472,3.857851,0.456955,4.314805,10.0,4.314805
updated,taxonomy,mmseqs_bestmatch_db,1.0.2,57.0,./microbial/210615_391_A1_S1.0.2/mmseqs/splits/057/mmseqs_bestmatch_db.benchmark.txt,1,0.83,0.58,177.62,0.698795,1.0,0.000231,0.000928,1.8e-05,0.000946,1.0,0.000946
updated,taxonomy,parse_mmseqs_easy_taxonomy_SILVA,1.0.2,57.0,./microbial/210615_391_A1_S1.0.2/mmseqs/splits/057/nuc/parse_mmseqs_easy_taxonomy_SILVA.benchmark.txt,2,0.87,0.95,231.03,1.091954,2.0,0.000483,0.001945,2.4e-05,0.001969,2.0,0.001969
updated,taxonomy,mmseqs_easy_taxonomy_vs_SILVA,1.0.2,57.0,./microbial/210615_391_A1_S1.0.2/mmseqs/splits/057/nuc/mmseqs_easy_taxonomy_vs_SILVA.benchmark.txt,10,254.84,2218.1,11180.5,8.703893,10.0,0.707889,2.849253,0.33904,3.188292,10.0,3.188292
updated,taxonomy,mmseqs_bestmatch_db,1.0.2,29.0,./microbial/210615_391_A1_S1.0.2/mmseqs/splits/029/mmseqs_bestmatch_db.benchmark.txt,1,0.78,0.51,178.01,0.653846,1.0,0.000217,0.000872,1.7e-05,0.000889,1.0,0.000889
updated,taxonomy,parse_mmseqs_easy_taxonomy_SILVA,1.0.2,29.0,./microbial/210615_391_A1_S1.0.2/mmseqs/splits/029/nuc/parse_mmseqs_easy_taxonomy_SILVA.benchmark.txt,2,0.93,0.82,217.91,0.88172,2.0,0.000517,0.00208,2.4e-05,0.002104,2.0,0.002104
updated,taxonomy,mmseqs_easy_taxonomy_vs_SILVA,1.0.2,29.0,./microbial/210615_391_A1_S1.0.2/mmseqs/splits/029/nuc/mmseqs_easy_taxonomy_vs_SILVA.benchmark.txt,10,272.5,2522.57,11180.51,9.257138,10.0,0.756944,3.046701,0.362535,3.409236,10.0,3.409236
updated,taxonomy,mmseqs_bestmatch_db,1.0.2,202.0,./microbial/210615_391_A1_S1.0.2/mmseqs/splits/202/mmseqs_bestmatch_db.benchmark.txt,1,1.89,0.57,173.24,0.301587,1.0,0.000525,0.002113,3.9e-05,0.002152,1.0,0.002152
updated,taxonomy,parse_mmseqs_easy_taxonomy_SILVA,1.0.2,202.0,./microbial/210615_391_A1_S1.0.2/mmseqs/splits/202/nuc/parse_mmseqs_easy_taxonomy_SILVA.benchmark.txt,2,0.9,0.97,233.62,1.077778,2.0,0.0005,0.002012,2.5e-05,0.002038,2.0,0.002038
updated,taxonomy,mmseqs_easy_taxonomy_vs_SILVA,1.0.2,202.0,./microbial/210615_391_A1_S1.0.2/mmseqs/splits/202/nuc/mmseqs_easy_taxonomy_vs_SILVA.benchmark.txt,10,349.43,2873.49,11130.79,8.223364,10.0,0.970639,3.906822,0.462815,4.369637,10.0,4.369637
updated,taxonomy,mmseqs_bestmatch_db,1.0.2,119.0,./microbial/210615_391_A1_S1.0.2/mmseqs/splits/119/mmseqs_bestmatch_db.benchmark.txt,1,0.69,0.09,37.27,0.130435,1.0,0.000192,0.000771,3e-06,0.000775,1.0,0.000775
updated,taxonomy,parse_mmseqs_easy_taxonomy_SILVA,1.0.2,119.0,./microbial/210615_391_A1_S1.0.2/mmseqs/splits/119/nuc/parse_mmseqs_easy_taxonomy_SILVA.benchmark.txt,2,0.94,0.91,226.95,0.968085,2.0,0.000522,0.002102,2.5e-05,0.002127,2.0,0.002127
updated,taxonomy,mmseqs_easy_taxonomy_vs_SILVA,1.0.2,119.0,./microbial/210615_391_A1_S1.0.2/mmseqs/splits/119/nuc/mmseqs_easy_taxonomy_vs_SILVA.benchmark.txt,10,292.74,2502.9,11186.83,8.549908,10.0,0.813167,3.272996,0.389682,3.662678,10.0,3.662678
updated,taxonomy,mmseqs_bestmatch_db,1.0.2,44.0,./microbial/210615_391_A1_S1.0.2/mmseqs/splits/044/mmseqs_bestmatch_db.benchmark.txt,1,0.68,0.08,37.15,0.117647,1.0,0.000189,0.00076,3e-06,0.000763,1.0,0.000763
updated,taxonomy,parse_mmseqs_easy_taxonomy_SILVA,1.0.2,44.0,./microbial/210615_391_A1_S1.0.2/mmseqs/splits/044/nuc/parse_mmseqs_easy_taxonomy_SILVA.benchmark.txt,2,1.74,0.45,167.06,0.258621,2.0,0.000967,0.003891,3.5e-05,0.003925,2.0,0.003925
updated,taxonomy,mmseqs_easy_taxonomy_vs_SILVA,1.0.2,44.0,./microbial/210615_391_A1_S1.0.2/mmseqs/splits/044/nuc/mmseqs_easy_taxonomy_vs_SILVA.benchmark.txt,10,316.35,2799.91,11189.83,8.850672,10.0,0.87875,3.536969,0.421224,3.958193,10.0,3.958193
updated,taxonomy,mmseqs_bestmatch_db,1.0.2,232.0,./microbial/210615_391_A1_S1.0.2/mmseqs/splits/232/mmseqs_bestmatch_db.benchmark.txt,1,0.75,0.57,173.22,0.76,1.0,0.000208,0.000839,1.5e-05,0.000854,1.0,0.000854
updated,taxonomy,parse_mmseqs_easy_taxonomy_SILVA,1.0.2,232.0,./microbial/210615_391_A1_S1.0.2/mmseqs/splits/232/nuc/parse_mmseqs_easy_taxonomy_SILVA.benchmark.txt,2,0.92,1.05,231.33,1.141304,2.0,0.000511,0.002057,2.5e-05,0.002083,2.0,0.002083
updated,taxonomy,mmseqs_easy_taxonomy_vs_SILVA,1.0.2,232.0,./microbial/210615_391_A1_S1.0.2/mmseqs/splits/232/nuc/mmseqs_easy_taxonomy_vs_SILVA.benchmark.txt,10,344.08,3115.41,11155.62,9.054319,10.0,0.955778,3.847006,0.456746,4.303752,10.0,4.303752
updated,taxonomy,mmseqs_bestmatch_db,1.0.2,135.0,./microbial/210615_391_A1_S1.0.2/mmseqs/splits/135/mmseqs_bestmatch_db.benchmark.txt,1,0.88,0.42,166.84,0.477273,1.0,0.000244,0.000984,1.7e-05,0.001001,1.0,0.001001
updated,taxonomy,parse_mmseqs_easy_taxonomy_SILVA,1.0.2,135.0,./microbial/210615_391_A1_S1.0.2/mmseqs/splits/135/nuc/parse_mmseqs_easy_taxonomy_SILVA.benchmark.txt,2,0.94,0.99,226.36,1.053191,2.0,0.000522,0.002102,2.5e-05,0.002127,2.0,0.002127
updated,taxonomy,mmseqs_easy_taxonomy_vs_SILVA,1.0.2,135.0,./microbial/210615_391_A1_S1.0.2/mmseqs/splits/135/nuc/mmseqs_easy_taxonomy_vs_SILVA.benchmark.txt,10,333.35,2835.66,11156.9,8.506555,10.0,0.925972,3.727038,0.442553,4.169592,10.0,4.169592
updated,taxonomy,mmseqs_bestmatch_db,1.0.2,155.0,./microbial/210615_391_A1_S1.0.2/mmseqs/splits/155/mmseqs_bestmatch_db.benchmark.txt,1,0.72,0.6,175.12,0.833333,1.0,0.0002,0.000805,1.5e-05,0.00082,1.0,0.00082
updated,taxonomy,parse_mmseqs_easy_taxonomy_SILVA,1.0.2,155.0,./microbial/210615_391_A1_S1.0.2/mmseqs/splits/155/nuc/parse_mmseqs_easy_taxonomy_SILVA.benchmark.txt,2,1.05,0.96,208.52,0.914286,2.0,0.000583,0.002348,2.6e-05,0.002374,2.0,0.002374
updated,taxonomy,mmseqs_easy_taxonomy_vs_SILVA,1.0.2,155.0,./microbial/210615_391_A1_S1.0.2/mmseqs/splits/155/nuc/mmseqs_easy_taxonomy_vs_SILVA.benchmark.txt,10,316.04,2794.15,11209.85,8.841128,10.0,0.877889,3.533503,0.421564,3.955067,10.0,3.955067
updated,taxonomy,mmseqs_bestmatch_db,1.0.2,184.0,./microbial/210615_391_A1_S1.0.2/mmseqs/splits/184/mmseqs_bestmatch_db.benchmark.txt,1,1.2,0.4,114.38,0.333333,1.0,0.000333,0.001342,1.6e-05,0.001358,1.0,0.001358
updated,taxonomy,parse_mmseqs_easy_taxonomy_SILVA,1.0.2,184.0,./microbial/210615_391_A1_S1.0.2/mmseqs/splits/184/nuc/parse_mmseqs_easy_taxonomy_SILVA.benchmark.txt,2,1.07,0.87,201.32,0.813084,2.0,0.000594,0.002393,2.6e-05,0.002418,2.0,0.002418
updated,taxonomy,mmseqs_easy_taxonomy_vs_SILVA,1.0.2,184.0,./microbial/210615_391_A1_S1.0.2/mmseqs/splits/184/nuc/mmseqs_easy_taxonomy_vs_SILVA.benchmark.txt,10,340.64,3123.49,11132.54,9.169475,10.0,0.946222,3.808544,0.451244,4.259789,10.0,4.259789
updated,taxonomy,mmseqs_bestmatch_db,1.0.2,159.0,./microbial/210615_391_A1_S1.0.2/mmseqs/splits/159/mmseqs_bestmatch_db.benchmark.txt,1,0.87,0.56,169.12,0.643678,1.0,0.000242,0.000973,1.8e-05,0.00099,1.0,0.00099
updated,taxonomy,parse_mmseqs_easy_taxonomy_SILVA,1.0.2,159.0,./microbial/210615_391_A1_S1.0.2/mmseqs/splits/159/nuc/parse_mmseqs_easy_taxonomy_SILVA.benchmark.txt,2,1.38,0.76,191.94,0.550725,2.0,0.000767,0.003086,3.2e-05,0.003117,2.0,0.003117
updated,taxonomy,mmseqs_easy_taxonomy_vs_SILVA,1.0.2,159.0,./microbial/210615_391_A1_S1.0.2/mmseqs/splits/159/nuc/mmseqs_easy_taxonomy_vs_SILVA.benchmark.txt,10,348.03,3154.39,11135.61,9.063558,10.0,0.96675,3.891169,0.461161,4.352329,10.0,4.352329
updated,taxonomy,mmseqs_bestmatch_db,1.0.2,86.0,./microbial/210615_391_A1_S1.0.2/mmseqs/splits/086/mmseqs_bestmatch_db.benchmark.txt,1,0.85,0.54,177.52,0.635294,1.0,0.000236,0.00095,1.8e-05,0.000968,1.0,0.000968
updated,taxonomy,parse_mmseqs_easy_taxonomy_SILVA,1.0.2,86.0,./microbial/210615_391_A1_S1.0.2/mmseqs/splits/086/nuc/parse_mmseqs_easy_taxonomy_SILVA.benchmark.txt,2,0.96,0.87,218.53,0.90625,2.0,0.000533,0.002147,2.5e-05,0.002172,2.0,0.002172
updated,taxonomy,mmseqs_easy_taxonomy_vs_SILVA,1.0.2,86.0,./microbial/210615_391_A1_S1.0.2/mmseqs/splits/086/nuc/mmseqs_easy_taxonomy_vs_SILVA.benchmark.txt,10,327.99,2768.97,11175.57,8.442239,10.0,0.911083,3.66711,0.436166,4.103277,10.0,4.103277
updated,taxonomy,mmseqs_bestmatch_db,1.0.2,101.0,./microbial/210615_391_A1_S1.0.2/mmseqs/splits/101/mmseqs_bestmatch_db.benchmark.txt,1,0.8,0.62,175.05,0.775,1.0,0.000222,0.000894,1.7e-05,0.000911,1.0,0.000911
updated,taxonomy,parse_mmseqs_easy_taxonomy_SILVA,1.0.2,101.0,./microbial/210615_391_A1_S1.0.2/mmseqs/splits/101/nuc/parse_mmseqs_easy_taxonomy_SILVA.benchmark.txt,2,0.9,0.79,222.77,0.877778,2.0,0.0005,0.002012,2.4e-05,0.002036,2.0,0.002036
updated,taxonomy,mmseqs_easy_taxonomy_vs_SILVA,1.0.2,101.0,./microbial/210615_391_A1_S1.0.2/mmseqs/splits/101/nuc/mmseqs_easy_taxonomy_vs_SILVA.benchmark.txt,10,321.38,2824.43,11175.1,8.788444,10.0,0.892722,3.593207,0.427358,4.020565,10.0,4.020565
updated,taxonomy,mmseqs_bestmatch_db,1.0.2,211.0,./microbial/210615_391_A1_S1.0.2/mmseqs/splits/211/mmseqs_bestmatch_db.benchmark.txt,1,0.71,0.09,39.09,0.126761,1.0,0.000197,0.000794,3e-06,0.000797,1.0,0.000797
updated,taxonomy,parse_mmseqs_easy_taxonomy_SILVA,1.0.2,211.0,./microbial/210615_391_A1_S1.0.2/mmseqs/splits/211/nuc/parse_mmseqs_easy_taxonomy_SILVA.benchmark.txt,2,0.96,0.79,209.39,0.822917,2.0,0.000533,0.002147,2.4e-05,0.002171,2.0,0.002171
updated,taxonomy,mmseqs_easy_taxonomy_vs_SILVA,1.0.2,211.0,./microbial/210615_391_A1_S1.0.2/mmseqs/splits/211/nuc/mmseqs_easy_taxonomy_vs_SILVA.benchmark.txt,10,343.04,3132.35,11136.11,9.131151,10.0,0.952889,3.835378,0.454569,4.289947,10.0,4.289947
updated,taxonomy,mmseqs_bestmatch_db,1.0.2,217.0,./microbial/210615_391_A1_S1.0.2/mmseqs/splits/217/mmseqs_bestmatch_db.benchmark.txt,1,0.82,0.44,186.45,0.536585,1.0,0.000228,0.000917,1.8e-05,0.000935,1.0,0.000935
updated,taxonomy,parse_mmseqs_easy_taxonomy_SILVA,1.0.2,217.0,./microbial/210615_391_A1_S1.0.2/mmseqs/splits/217/nuc/parse_mmseqs_easy_taxonomy_SILVA.benchmark.txt,2,1.01,0.62,194.95,0.613861,2.0,0.000561,0.002258,2.3e-05,0.002282,2.0,0.002282
updated,taxonomy,mmseqs_easy_taxonomy_vs_SILVA,1.0.2,217.0,./microbial/210615_391_A1_S1.0.2/mmseqs/splits/217/nuc/mmseqs_easy_taxonomy_vs_SILVA.benchmark.txt,10,273.15,2512.53,11181.22,9.198353,10.0,0.75875,3.053969,0.363423,3.417391,10.0,3.417391
updated,taxonomy,mmseqs_bestmatch_db,1.0.2,225.0,./microbial/210615_391_A1_S1.0.2/mmseqs/splits/225/mmseqs_bestmatch_db.benchmark.txt,1,0.67,0.09,39.19,0.134328,1.0,0.000186,0.000749,3e-06,0.000752,1.0,0.000752
updated,taxonomy,parse_mmseqs_easy_taxonomy_SILVA,1.0.2,225.0,./microbial/210615_391_A1_S1.0.2/mmseqs/splits/225/nuc/parse_mmseqs_easy_taxonomy_SILVA.benchmark.txt,2,0.85,0.89,233.32,1.047059,2.0,0.000472,0.001901,2.4e-05,0.001924,2.0,0.001924
updated,taxonomy,mmseqs_easy_taxonomy_vs_SILVA,1.0.2,225.0,./microbial/210615_391_A1_S1.0.2/mmseqs/splits/225/nuc/mmseqs_easy_taxonomy_vs_SILVA.benchmark.txt,10,288.29,2455.31,11175.63,8.516806,10.0,0.800806,3.223242,0.383374,3.606617,10.0,3.606617
updated,taxonomy,mmseqs_bestmatch_db,1.0.2,19.0,./microbial/210615_391_A1_S1.0.2/mmseqs/splits/019/mmseqs_bestmatch_db.benchmark.txt,1,0.63,0.09,37.61,0.142857,1.0,0.000175,0.000704,3e-06,0.000707,1.0,0.000707
updated,taxonomy,parse_mmseqs_easy_taxonomy_SILVA,1.0.2,19.0,./microbial/210615_391_A1_S1.0.2/mmseqs/splits/019/nuc/parse_mmseqs_easy_taxonomy_SILVA.benchmark.txt,2,1.0,0.97,229.5,0.97,2.0,0.000556,0.002236,2.7e-05,0.002263,2.0,0.002263
updated,taxonomy,mmseqs_easy_taxonomy_vs_SILVA,1.0.2,19.0,./microbial/210615_391_A1_S1.0.2/mmseqs/splits/019/nuc/mmseqs_easy_taxonomy_vs_SILVA.benchmark.txt,10,339.04,3102.93,11166.16,9.152106,10.0,0.941778,3.790656,0.450481,4.241136,10.0,4.241136
updated,taxonomy,mmseqs_bestmatch_db,1.0.2,123.0,./microbial/210615_391_A1_S1.0.2/mmseqs/splits/123/mmseqs_bestmatch_db.benchmark.txt,1,0.89,0.59,171.09,0.662921,1.0,0.000247,0.000995,1.8e-05,0.001013,1.0,0.001013
updated,taxonomy,parse_mmseqs_easy_taxonomy_SILVA,1.0.2,123.0,./microbial/210615_391_A1_S1.0.2/mmseqs/splits/123/nuc/parse_mmseqs_easy_taxonomy_SILVA.benchmark.txt,2,2.43,0.52,133.96,0.213992,2.0,0.00135,0.005434,3.9e-05,0.005472,2.0,0.005472
updated,taxonomy,mmseqs_easy_taxonomy_vs_SILVA,1.0.2,123.0,./microbial/210615_391_A1_S1.0.2/mmseqs/splits/123/nuc/mmseqs_easy_taxonomy_vs_SILVA.benchmark.txt,10,324.04,2807.0,11174.69,8.662511,10.0,0.900111,3.622947,0.430879,4.053827,10.0,4.053827
updated,taxonomy,mmseqs_bestmatch_db,1.0.2,52.0,./microbial/210615_391_A1_S1.0.2/mmseqs/splits/052/mmseqs_bestmatch_db.benchmark.txt,1,0.71,0.09,37.73,0.126761,1.0,0.000197,0.000794,3e-06,0.000797,1.0,0.000797
updated,taxonomy,parse_mmseqs_easy_taxonomy_SILVA,1.0.2,52.0,./microbial/210615_391_A1_S1.0.2/mmseqs/splits/052/nuc/parse_mmseqs_easy_taxonomy_SILVA.benchmark.txt,2,1.45,1.12,231.02,0.772414,2.0,0.000806,0.003242,4e-05,0.003282,2.0,0.003282
updated,taxonomy,mmseqs_easy_taxonomy_vs_SILVA,1.0.2,52.0,./microbial/210615_391_A1_S1.0.2/mmseqs/splits/052/nuc/mmseqs_easy_taxonomy_vs_SILVA.benchmark.txt,10,272.33,2512.83,11168.45,9.227151,10.0,0.756472,3.044801,0.361918,3.406719,10.0,3.406719
updated,taxonomy,mmseqs_bestmatch_db,1.0.2,203.0,./microbial/210615_391_A1_S1.0.2/mmseqs/splits/203/mmseqs_bestmatch_db.benchmark.txt,1,1.85,0.62,170.93,0.335135,1.0,0.000514,0.002068,3.8e-05,0.002106,1.0,0.002106
updated,taxonomy,parse_mmseqs_easy_taxonomy_SILVA,1.0.2,203.0,./microbial/210615_391_A1_S1.0.2/mmseqs/splits/203/nuc/parse_mmseqs_easy_taxonomy_SILVA.benchmark.txt,2,0.96,0.79,221.96,0.822917,2.0,0.000533,0.002147,2.5e-05,0.002172,2.0,0.002172
updated,taxonomy,mmseqs_easy_taxonomy_vs_SILVA,1.0.2,203.0,./microbial/210615_391_A1_S1.0.2/mmseqs/splits/203/nuc/mmseqs_easy_taxonomy_vs_SILVA.benchmark.txt,10,267.8,2200.09,11162.4,8.215422,10.0,0.743889,2.994153,0.355705,3.349858,10.0,3.349858
updated,taxonomy,mmseqs_bestmatch_db,1.0.2,106.0,./microbial/210615_391_A1_S1.0.2/mmseqs/splits/106/mmseqs_bestmatch_db.benchmark.txt,1,0.83,0.45,183.36,0.542169,1.0,0.000231,0.000928,1.8e-05,0.000946,1.0,0.000946
updated,taxonomy,parse_mmseqs_easy_taxonomy_SILVA,1.0.2,106.0,./microbial/210615_391_A1_S1.0.2/mmseqs/splits/106/nuc/parse_mmseqs_easy_taxonomy_SILVA.benchmark.txt,2,0.86,0.35,113.87,0.406977,2.0,0.000478,0.001923,1.2e-05,0.001935,2.0,0.001935
updated,taxonomy,mmseqs_easy_taxonomy_vs_SILVA,1.0.2,106.0,./microbial/210615_391_A1_S1.0.2/mmseqs/splits/106/nuc/mmseqs_easy_taxonomy_vs_SILVA.benchmark.txt,10,276.04,2521.14,11178.53,9.133242,10.0,0.766778,3.086281,0.367179,3.45346,10.0,3.45346
updated,taxonomy,mmseqs_bestmatch_db,1.0.2,200.0,./microbial/210615_391_A1_S1.0.2/mmseqs/splits/200/mmseqs_bestmatch_db.benchmark.txt,1,0.63,0.09,37.32,0.142857,1.0,0.000175,0.000704,3e-06,0.000707,1.0,0.000707
updated,taxonomy,parse_mmseqs_easy_taxonomy_SILVA,1.0.2,200.0,./microbial/210615_391_A1_S1.0.2/mmseqs/splits/200/nuc/parse_mmseqs_easy_taxonomy_SILVA.benchmark.txt,2,0.94,0.82,214.77,0.87234,2.0,0.000522,0.002102,2.4e-05,0.002126,2.0,0.002126
updated,taxonomy,mmseqs_easy_taxonomy_vs_SILVA,1.0.2,200.0,./microbial/210615_391_A1_S1.0.2/mmseqs/splits/200/nuc/mmseqs_easy_taxonomy_vs_SILVA.benchmark.txt,10,270.3,2520.23,11159.22,9.323825,10.0,0.750833,3.022104,0.358923,3.381027,10.0,3.381027
updated,taxonomy,mmseqs_bestmatch_db,1.0.2,30.0,./microbial/210615_391_A1_S1.0.2/mmseqs/splits/030/mmseqs_bestmatch_db.benchmark.txt,1,0.67,0.09,42.46,0.134328,1.0,0.000186,0.000749,3e-06,0.000752,1.0,0.000752
updated,taxonomy,parse_mmseqs_easy_taxonomy_SILVA,1.0.2,30.0,./microbial/210615_391_A1_S1.0.2/mmseqs/splits/030/nuc/parse_mmseqs_easy_taxonomy_SILVA.benchmark.txt,2,0.98,0.88,223.61,0.897959,2.0,0.000544,0.002191,2.6e-05,0.002217,2.0,0.002217
updated,taxonomy,mmseqs_easy_taxonomy_vs_SILVA,1.0.2,30.0,./microbial/210615_391_A1_S1.0.2/mmseqs/splits/030/nuc/mmseqs_easy_taxonomy_vs_SILVA.benchmark.txt,10,361.47,3115.25,11183.12,8.618281,10.0,1.004083,4.041435,0.481013,4.522448,10.0,4.522448
updated,taxonomy,mmseqs_bestmatch_db,1.0.2,107.0,./microbial/210615_391_A1_S1.0.2/mmseqs/splits/107/mmseqs_bestmatch_db.benchmark.txt,1,0.84,0.43,181.47,0.511905,1.0,0.000233,0.000939,1.8e-05,0.000957,1.0,0.000957
updated,taxonomy,parse_mmseqs_easy_taxonomy_SILVA,1.0.2,107.0,./microbial/210615_391_A1_S1.0.2/mmseqs/splits/107/nuc/parse_mmseqs_easy_taxonomy_SILVA.benchmark.txt,2,0.88,0.83,225.55,0.943182,2.0,0.000489,0.001968,2.4e-05,0.001991,2.0,0.001991
updated,taxonomy,mmseqs_easy_taxonomy_vs_SILVA,1.0.2,107.0,./microbial/210615_391_A1_S1.0.2/mmseqs/splits/107/nuc/mmseqs_easy_taxonomy_vs_SILVA.benchmark.txt,10,343.42,3136.54,11137.46,9.133248,10.0,0.953944,3.839626,0.455128,4.294754,10.0,4.294754
updated,taxonomy,mmseqs_bestmatch_db,1.0.2,91.0,./microbial/210615_391_A1_S1.0.2/mmseqs/splits/091/mmseqs_bestmatch_db.benchmark.txt,1,0.89,0.44,175.95,0.494382,1.0,0.000247,0.000995,1.9e-05,0.001014,1.0,0.001014
updated,taxonomy,parse_mmseqs_easy_taxonomy_SILVA,1.0.2,91.0,./microbial/210615_391_A1_S1.0.2/mmseqs/splits/091/nuc/parse_mmseqs_easy_taxonomy_SILVA.benchmark.txt,2,1.15,0.5,170.28,0.434783,2.0,0.000639,0.002572,2.3e-05,0.002595,2.0,0.002595
updated,taxonomy,mmseqs_easy_taxonomy_vs_SILVA,1.0.2,91.0,./microbial/210615_391_A1_S1.0.2/mmseqs/splits/091/nuc/mmseqs_easy_taxonomy_vs_SILVA.benchmark.txt,10,376.04,3412.96,11182.6,9.076056,10.0,1.044556,4.204336,0.500378,4.704714,10.0,4.704714
updated,taxonomy,mmseqs_bestmatch_db,1.0.2,80.0,./microbial/210615_391_A1_S1.0.2/mmseqs/splits/080/mmseqs_bestmatch_db.benchmark.txt,1,0.82,0.45,196.84,0.54878,1.0,0.000228,0.000917,1.9e-05,0.000936,1.0,0.000936
updated,taxonomy,parse_mmseqs_easy_taxonomy_SILVA,1.0.2,80.0,./microbial/210615_391_A1_S1.0.2/mmseqs/splits/080/nuc/parse_mmseqs_easy_taxonomy_SILVA.benchmark.txt,2,0.99,0.89,220.71,0.89899,2.0,0.00055,0.002214,2.6e-05,0.00224,2.0,0.00224
updated,taxonomy,mmseqs_easy_taxonomy_vs_SILVA,1.0.2,80.0,./microbial/210615_391_A1_S1.0.2/mmseqs/splits/080/nuc/mmseqs_easy_taxonomy_vs_SILVA.benchmark.txt,10,290.3,2516.58,11178.08,8.668894,10.0,0.806389,3.245715,0.386132,3.631847,10.0,3.631847
updated,taxonomy,mmseqs_bestmatch_db,1.0.2,192.0,./microbial/210615_391_A1_S1.0.2/mmseqs/splits/192/mmseqs_bestmatch_db.benchmark.txt,1,0.83,0.66,179.75,0.795181,1.0,0.000231,0.000928,1.8e-05,0.000946,1.0,0.000946
updated,taxonomy,parse_mmseqs_easy_taxonomy_SILVA,1.0.2,192.0,./microbial/210615_391_A1_S1.0.2/mmseqs/splits/192/nuc/parse_mmseqs_easy_taxonomy_SILVA.benchmark.txt,2,1.1,0.52,177.44,0.472727,2.0,0.000611,0.00246,2.3e-05,0.002483,2.0,0.002483
updated,taxonomy,mmseqs_easy_taxonomy_vs_SILVA,1.0.2,192.0,./microbial/210615_391_A1_S1.0.2/mmseqs/splits/192/nuc/mmseqs_easy_taxonomy_vs_SILVA.benchmark.txt,10,317.45,2823.14,11143.66,8.89318,10.0,0.881806,3.549267,0.420944,3.970212,10.0,3.970212
updated,taxonomy,mmseqs_bestmatch_db,1.0.2,1.0,./microbial/210615_391_A1_S1.0.2/mmseqs/splits/001/mmseqs_bestmatch_db.benchmark.txt,1,0.77,0.67,231.0,0.87013,1.0,0.000214,0.000861,2.1e-05,0.000882,1.0,0.000882
updated,taxonomy,parse_mmseqs_easy_taxonomy_SILVA,1.0.2,1.0,./microbial/210615_391_A1_S1.0.2/mmseqs/splits/001/nuc/parse_mmseqs_easy_taxonomy_SILVA.benchmark.txt,2,0.81,0.32,127.6,0.395062,2.0,0.00045,0.001811,1.2e-05,0.001824,2.0,0.001824
updated,taxonomy,mmseqs_easy_taxonomy_vs_SILVA,1.0.2,1.0,./microbial/210615_391_A1_S1.0.2/mmseqs/splits/001/nuc/mmseqs_easy_taxonomy_vs_SILVA.benchmark.txt,10,428.31,4011.76,11168.07,9.366487,10.0,1.18975,4.788744,0.569191,5.357935,10.0,5.357935
updated,taxonomy,mmseqs_bestmatch_db,1.0.2,221.0,./microbial/210615_391_A1_S1.0.2/mmseqs/splits/221/mmseqs_bestmatch_db.benchmark.txt,1,0.98,0.28,106.36,0.285714,1.0,0.000272,0.001096,1.2e-05,0.001108,1.0,0.001108
updated,taxonomy,parse_mmseqs_easy_taxonomy_SILVA,1.0.2,221.0,./microbial/210615_391_A1_S1.0.2/mmseqs/splits/221/nuc/parse_mmseqs_easy_taxonomy_SILVA.benchmark.txt,2,0.91,1.02,231.73,1.120879,2.0,0.000506,0.002035,2.5e-05,0.00206,2.0,0.00206
updated,taxonomy,mmseqs_easy_taxonomy_vs_SILVA,1.0.2,221.0,./microbial/210615_391_A1_S1.0.2/mmseqs/splits/221/nuc/mmseqs_easy_taxonomy_vs_SILVA.benchmark.txt,10,310.53,2800.04,11133.23,9.016971,10.0,0.862583,3.471898,0.411383,3.883281,10.0,3.883281
updated,taxonomy,mmseqs_bestmatch_db,1.0.2,220.0,./microbial/210615_391_A1_S1.0.2/mmseqs/splits/220/mmseqs_bestmatch_db.benchmark.txt,1,0.75,0.57,178.73,0.76,1.0,0.000208,0.000839,1.6e-05,0.000854,1.0,0.000854
updated,taxonomy,parse_mmseqs_easy_taxonomy_SILVA,1.0.2,220.0,./microbial/210615_391_A1_S1.0.2/mmseqs/splits/220/nuc/parse_mmseqs_easy_taxonomy_SILVA.benchmark.txt,2,0.93,0.87,232.27,0.935484,2.0,0.000517,0.00208,2.6e-05,0.002105,2.0,0.002105
updated,taxonomy,mmseqs_easy_taxonomy_vs_SILVA,1.0.2,220.0,./microbial/210615_391_A1_S1.0.2/mmseqs/splits/220/nuc/mmseqs_easy_taxonomy_vs_SILVA.benchmark.txt,10,269.47,2524.31,11175.64,9.367685,10.0,0.748528,3.012824,0.358348,3.371172,10.0,3.371172
updated,taxonomy,mmseqs_bestmatch_db,1.0.2,197.0,./microbial/210615_391_A1_S1.0.2/mmseqs/splits/197/mmseqs_bestmatch_db.benchmark.txt,1,0.62,0.09,37.52,0.145161,1.0,0.000172,0.000693,3e-06,0.000696,1.0,0.000696
updated,taxonomy,parse_mmseqs_easy_taxonomy_SILVA,1.0.2,197.0,./microbial/210615_391_A1_S1.0.2/mmseqs/splits/197/nuc/parse_mmseqs_easy_taxonomy_SILVA.benchmark.txt,2,3.18,0.57,140.02,0.179245,2.0,0.001767,0.007111,5.3e-05,0.007164,2.0,0.007164
updated,taxonomy,mmseqs_easy_taxonomy_vs_SILVA,1.0.2,197.0,./microbial/210615_391_A1_S1.0.2/mmseqs/splits/197/nuc/mmseqs_easy_taxonomy_vs_SILVA.benchmark.txt,10,277.25,2489.71,11146.84,8.980018,10.0,0.770139,3.099809,0.367743,3.467552,10.0,3.467552
updated,taxonomy,mmseqs_bestmatch_db,1.0.2,164.0,./microbial/210615_391_A1_S1.0.2/mmseqs/splits/164/mmseqs_bestmatch_db.benchmark.txt,1,0.8,0.56,179.72,0.7,1.0,0.000222,0.000894,1.7e-05,0.000912,1.0,0.000912
updated,taxonomy,parse_mmseqs_easy_taxonomy_SILVA,1.0.2,164.0,./microbial/210615_391_A1_S1.0.2/mmseqs/splits/164/nuc/parse_mmseqs_easy_taxonomy_SILVA.benchmark.txt,2,0.94,0.92,231.48,0.978723,2.0,0.000522,0.002102,2.6e-05,0.002128,2.0,0.002128
updated,taxonomy,mmseqs_easy_taxonomy_vs_SILVA,1.0.2,164.0,./microbial/210615_391_A1_S1.0.2/mmseqs/splits/164/nuc/mmseqs_easy_taxonomy_vs_SILVA.benchmark.txt,10,334.69,3080.83,11175.98,9.205026,10.0,0.929694,3.74202,0.445092,4.187112,10.0,4.187112
updated,taxonomy,mmseqs_bestmatch_db,1.0.2,95.0,./microbial/210615_391_A1_S1.0.2/mmseqs/splits/095/mmseqs_bestmatch_db.benchmark.txt,1,0.76,0.6,182.59,0.789474,1.0,0.000211,0.00085,1.7e-05,0.000866,1.0,0.000866
updated,taxonomy,parse_mmseqs_easy_taxonomy_SILVA,1.0.2,95.0,./microbial/210615_391_A1_S1.0.2/mmseqs/splits/095/nuc/parse_mmseqs_easy_taxonomy_SILVA.benchmark.txt,2,1.21,0.22,86.51,0.181818,2.0,0.000672,0.002706,1.2e-05,0.002718,2.0,0.002718
updated,taxonomy,mmseqs_easy_taxonomy_vs_SILVA,1.0.2,95.0,./microbial/210615_391_A1_S1.0.2/mmseqs/splits/095/nuc/mmseqs_easy_taxonomy_vs_SILVA.benchmark.txt,10,304.9,2822.6,11152.89,9.257461,10.0,0.846944,3.408951,0.404638,3.813589,10.0,3.813589
updated,taxonomy,mmseqs_bestmatch_db,1.0.2,231.0,./microbial/210615_391_A1_S1.0.2/mmseqs/splits/231/mmseqs_bestmatch_db.benchmark.txt,1,1.02,0.2,78.48,0.196078,1.0,0.000283,0.00114,1e-05,0.00115,1.0,0.00115
updated,taxonomy,parse_mmseqs_easy_taxonomy_SILVA,1.0.2,231.0,./microbial/210615_391_A1_S1.0.2/mmseqs/splits/231/nuc/parse_mmseqs_easy_taxonomy_SILVA.benchmark.txt,2,0.93,0.95,234.72,1.021505,2.0,0.000517,0.00208,2.6e-05,0.002106,2.0,0.002106
updated,taxonomy,mmseqs_easy_taxonomy_vs_SILVA,1.0.2,231.0,./microbial/210615_391_A1_S1.0.2/mmseqs/splits/231/nuc/mmseqs_easy_taxonomy_vs_SILVA.benchmark.txt,10,296.97,2806.68,11179.11,9.451056,10.0,0.824917,3.32029,0.39504,3.71533,10.0,3.71533
updated,taxonomy,mmseqs_bestmatch_db,1.0.2,56.0,./microbial/210615_391_A1_S1.0.2/mmseqs/splits/056/mmseqs_bestmatch_db.benchmark.txt,1,1.21,0.26,85.54,0.214876,1.0,0.000336,0.001353,1.2e-05,0.001365,1.0,0.001365
updated,taxonomy,parse_mmseqs_easy_taxonomy_SILVA,1.0.2,56.0,./microbial/210615_391_A1_S1.0.2/mmseqs/splits/056/nuc/parse_mmseqs_easy_taxonomy_SILVA.benchmark.txt,2,0.94,0.9,221.45,0.957447,2.0,0.000522,0.002102,2.5e-05,0.002127,2.0,0.002127
updated,taxonomy,mmseqs_easy_taxonomy_vs_SILVA,1.0.2,56.0,./microbial/210615_391_A1_S1.0.2/mmseqs/splits/056/nuc/mmseqs_easy_taxonomy_vs_SILVA.benchmark.txt,10,275.74,2529.2,11184.81,9.172409,10.0,0.765944,3.082926,0.366986,3.449913,10.0,3.449913
updated,taxonomy,mmseqs_bestmatch_db,1.0.2,146.0,./microbial/210615_391_A1_S1.0.2/mmseqs/splits/146/mmseqs_bestmatch_db.benchmark.txt,1,0.7,0.1,39.21,0.142857,1.0,0.000194,0.000783,3e-06,0.000786,1.0,0.000786
updated,taxonomy,parse_mmseqs_easy_taxonomy_SILVA,1.0.2,146.0,./microbial/210615_391_A1_S1.0.2/mmseqs/splits/146/nuc/parse_mmseqs_easy_taxonomy_SILVA.benchmark.txt,2,0.96,0.8,215.4,0.833333,2.0,0.000533,0.002147,2.5e-05,0.002171,2.0,0.002171
updated,taxonomy,mmseqs_easy_taxonomy_vs_SILVA,1.0.2,146.0,./microbial/210615_391_A1_S1.0.2/mmseqs/splits/146/nuc/mmseqs_easy_taxonomy_vs_SILVA.benchmark.txt,10,269.89,2524.82,11178.85,9.354996,10.0,0.749694,3.01752,0.359009,3.376529,10.0,3.376529
updated,taxonomy,mmseqs_bestmatch_db,1.0.2,131.0,./microbial/210615_391_A1_S1.0.2/mmseqs/splits/131/mmseqs_bestmatch_db.benchmark.txt,1,0.77,0.56,185.89,0.727273,1.0,0.000214,0.000861,1.7e-05,0.000878,1.0,0.000878
updated,taxonomy,parse_mmseqs_easy_taxonomy_SILVA,1.0.2,131.0,./microbial/210615_391_A1_S1.0.2/mmseqs/splits/131/nuc/parse_mmseqs_easy_taxonomy_SILVA.benchmark.txt,2,1.23,0.84,195.1,0.682927,2.0,0.000683,0.00275,2.9e-05,0.002779,2.0,0.002779
updated,taxonomy,mmseqs_easy_taxonomy_vs_SILVA,1.0.2,131.0,./microbial/210615_391_A1_S1.0.2/mmseqs/splits/131/nuc/mmseqs_easy_taxonomy_vs_SILVA.benchmark.txt,10,256.39,2212.25,11171.04,8.628457,10.0,0.712194,2.866583,0.340813,3.207396,10.0,3.207396
updated,taxonomy,mmseqs_bestmatch_db,1.0.2,185.0,./microbial/210615_391_A1_S1.0.2/mmseqs/splits/185/mmseqs_bestmatch_db.benchmark.txt,1,0.66,0.09,38.41,0.136364,1.0,0.000183,0.000738,3e-06,0.000741,1.0,0.000741
updated,taxonomy,parse_mmseqs_easy_taxonomy_SILVA,1.0.2,185.0,./microbial/210615_391_A1_S1.0.2/mmseqs/splits/185/nuc/parse_mmseqs_easy_taxonomy_SILVA.benchmark.txt,2,0.9,0.85,219.09,0.944444,2.0,0.0005,0.002012,2.3e-05,0.002036,2.0,0.002036
updated,taxonomy,mmseqs_easy_taxonomy_vs_SILVA,1.0.2,185.0,./microbial/210615_391_A1_S1.0.2/mmseqs/splits/185/nuc/mmseqs_easy_taxonomy_vs_SILVA.benchmark.txt,10,375.1,3146.99,11200.89,8.389736,10.0,1.041944,4.193826,0.499944,4.69377,10.0,4.69377
updated,taxonomy,mmseqs_bestmatch_db,1.0.2,68.0,./microbial/210615_391_A1_S1.0.2/mmseqs/splits/068/mmseqs_bestmatch_db.benchmark.txt,1,0.79,0.58,182.86,0.734177,1.0,0.000219,0.000883,1.7e-05,0.0009,1.0,0.0009
updated,taxonomy,parse_mmseqs_easy_taxonomy_SILVA,1.0.2,68.0,./microbial/210615_391_A1_S1.0.2/mmseqs/splits/068/nuc/parse_mmseqs_easy_taxonomy_SILVA.benchmark.txt,2,0.95,0.82,222.56,0.863158,2.0,0.000528,0.002124,2.5e-05,0.002149,2.0,0.002149
updated,taxonomy,mmseqs_easy_taxonomy_vs_SILVA,1.0.2,68.0,./microbial/210615_391_A1_S1.0.2/mmseqs/splits/068/nuc/mmseqs_easy_taxonomy_vs_SILVA.benchmark.txt,10,293.99,2527.11,11154.83,8.595905,10.0,0.816639,3.286972,0.390227,3.677198,10.0,3.677198
updated,taxonomy,mmseqs_bestmatch_db,1.0.2,224.0,./microbial/210615_391_A1_S1.0.2/mmseqs/splits/224/mmseqs_bestmatch_db.benchmark.txt,1,1.22,0.24,78.96,0.196721,1.0,0.000339,0.001364,1.1e-05,0.001375,1.0,0.001375
updated,taxonomy,parse_mmseqs_easy_taxonomy_SILVA,1.0.2,224.0,./microbial/210615_391_A1_S1.0.2/mmseqs/splits/224/nuc/parse_mmseqs_easy_taxonomy_SILVA.benchmark.txt,2,0.88,0.09,43.16,0.102273,2.0,0.000489,0.001968,5e-06,0.001972,2.0,0.001972
updated,taxonomy,mmseqs_easy_taxonomy_vs_SILVA,1.0.2,224.0,./microbial/210615_391_A1_S1.0.2/mmseqs/splits/224/nuc/mmseqs_easy_taxonomy_vs_SILVA.benchmark.txt,10,269.87,2531.03,11145.79,9.378701,10.0,0.749639,3.017297,0.357921,3.375217,10.0,3.375217
updated,taxonomy,mmseqs_bestmatch_db,1.0.2,139.0,./microbial/210615_391_A1_S1.0.2/mmseqs/splits/139/mmseqs_bestmatch_db.benchmark.txt,1,0.92,0.25,91.17,0.271739,1.0,0.000256,0.001029,1e-05,0.001039,1.0,0.001039
updated,taxonomy,parse_mmseqs_easy_taxonomy_SILVA,1.0.2,139.0,./microbial/210615_391_A1_S1.0.2/mmseqs/splits/139/nuc/parse_mmseqs_easy_taxonomy_SILVA.benchmark.txt,2,0.89,0.93,231.93,1.044944,2.0,0.000494,0.00199,2.5e-05,0.002015,2.0,0.002015
updated,taxonomy,mmseqs_easy_taxonomy_vs_SILVA,1.0.2,139.0,./microbial/210615_391_A1_S1.0.2/mmseqs/splits/139/nuc/mmseqs_easy_taxonomy_vs_SILVA.benchmark.txt,10,287.97,2473.18,11170.74,8.588325,10.0,0.799917,3.219665,0.382781,3.602446,10.0,3.602446
updated,taxonomy,mmseqs_bestmatch_db,1.0.2,160.0,./microbial/210615_391_A1_S1.0.2/mmseqs/splits/160/mmseqs_bestmatch_db.benchmark.txt,1,0.84,0.43,172.1,0.511905,1.0,0.000233,0.000939,1.7e-05,0.000956,1.0,0.000956
updated,taxonomy,parse_mmseqs_easy_taxonomy_SILVA,1.0.2,160.0,./microbial/210615_391_A1_S1.0.2/mmseqs/splits/160/nuc/parse_mmseqs_easy_taxonomy_SILVA.benchmark.txt,2,1.42,1.01,235.45,0.711268,2.0,0.000789,0.003175,4e-05,0.003215,2.0,0.003215
updated,taxonomy,mmseqs_easy_taxonomy_vs_SILVA,1.0.2,160.0,./microbial/210615_391_A1_S1.0.2/mmseqs/splits/160/nuc/mmseqs_easy_taxonomy_vs_SILVA.benchmark.txt,10,294.26,2507.96,11156.46,8.522939,10.0,0.817389,3.28999,0.390642,3.680633,10.0,3.680633
updated,taxonomy,mmseqs_bestmatch_db,1.0.2,54.0,./microbial/210615_391_A1_S1.0.2/mmseqs/splits/054/mmseqs_bestmatch_db.benchmark.txt,1,0.82,0.6,190.64,0.731707,1.0,0.000228,0.000917,1.9e-05,0.000935,1.0,0.000935
updated,taxonomy,parse_mmseqs_easy_taxonomy_SILVA,1.0.2,54.0,./microbial/210615_391_A1_S1.0.2/mmseqs/splits/054/nuc/parse_mmseqs_easy_taxonomy_SILVA.benchmark.txt,2,0.84,0.09,37.52,0.107143,2.0,0.000467,0.001878,4e-06,0.001882,2.0,0.001882
updated,taxonomy,mmseqs_easy_taxonomy_vs_SILVA,1.0.2,54.0,./microbial/210615_391_A1_S1.0.2/mmseqs/splits/054/nuc/mmseqs_easy_taxonomy_vs_SILVA.benchmark.txt,10,341.62,3105.31,11164.21,9.089954,10.0,0.948944,3.819501,0.45383,4.273331,10.0,4.273331
updated,taxonomy,mmseqs_bestmatch_db,1.0.2,143.0,./microbial/210615_391_A1_S1.0.2/mmseqs/splits/143/mmseqs_bestmatch_db.benchmark.txt,1,0.77,0.54,181.17,0.701299,1.0,0.000214,0.000861,1.7e-05,0.000878,1.0,0.000878
updated,taxonomy,parse_mmseqs_easy_taxonomy_SILVA,1.0.2,143.0,./microbial/210615_391_A1_S1.0.2/mmseqs/splits/143/nuc/parse_mmseqs_easy_taxonomy_SILVA.benchmark.txt,2,2.7,1.39,214.76,0.514815,2.0,0.0015,0.006038,6.9e-05,0.006106,2.0,0.006106
updated,taxonomy,mmseqs_easy_taxonomy_vs_SILVA,1.0.2,143.0,./microbial/210615_391_A1_S1.0.2/mmseqs/splits/143/nuc/mmseqs_easy_taxonomy_vs_SILVA.benchmark.txt,10,308.34,2803.24,11176.89,9.091393,10.0,0.8565,3.447412,0.410084,3.857496,10.0,3.857496
updated,taxonomy,mmseqs_bestmatch_db,1.0.2,150.0,./microbial/210615_391_A1_S1.0.2/mmseqs/splits/150/mmseqs_bestmatch_db.benchmark.txt,1,2.01,0.33,116.81,0.164179,1.0,0.000558,0.002247,2.8e-05,0.002275,1.0,0.002275
updated,taxonomy,parse_mmseqs_easy_taxonomy_SILVA,1.0.2,150.0,./microbial/210615_391_A1_S1.0.2/mmseqs/splits/150/nuc/parse_mmseqs_easy_taxonomy_SILVA.benchmark.txt,2,2.5,0.85,177.41,0.34,2.0,0.001389,0.00559,5.3e-05,0.005643,2.0,0.005643
updated,taxonomy,mmseqs_easy_taxonomy_vs_SILVA,1.0.2,150.0,./microbial/210615_391_A1_S1.0.2/mmseqs/splits/150/nuc/mmseqs_easy_taxonomy_vs_SILVA.benchmark.txt,10,271.87,2482.76,11179.02,9.132159,10.0,0.755194,3.039658,0.361648,3.401306,10.0,3.401306
updated,taxonomy,mmseqs_bestmatch_db,1.0.2,102.0,./microbial/210615_391_A1_S1.0.2/mmseqs/splits/102/mmseqs_bestmatch_db.benchmark.txt,1,0.81,0.52,180.68,0.641975,1.0,0.000225,0.000906,1.7e-05,0.000923,1.0,0.000923
updated,taxonomy,parse_mmseqs_easy_taxonomy_SILVA,1.0.2,102.0,./microbial/210615_391_A1_S1.0.2/mmseqs/splits/102/nuc/parse_mmseqs_easy_taxonomy_SILVA.benchmark.txt,2,0.85,0.08,42.62,0.094118,2.0,0.000472,0.001901,4e-06,0.001905,2.0,0.001905
updated,taxonomy,mmseqs_easy_taxonomy_vs_SILVA,1.0.2,102.0,./microbial/210615_391_A1_S1.0.2/mmseqs/splits/102/nuc/mmseqs_easy_taxonomy_vs_SILVA.benchmark.txt,10,310.98,2840.21,11166.44,9.133095,10.0,0.863833,3.476929,0.413208,3.890137,10.0,3.890137
updated,taxonomy,mmseqs_bestmatch_db,1.0.2,39.0,./microbial/210615_391_A1_S1.0.2/mmseqs/splits/039/mmseqs_bestmatch_db.benchmark.txt,1,0.74,0.63,183.64,0.851351,1.0,0.000206,0.000827,1.6e-05,0.000844,1.0,0.000844
updated,taxonomy,parse_mmseqs_easy_taxonomy_SILVA,1.0.2,39.0,./microbial/210615_391_A1_S1.0.2/mmseqs/splits/039/nuc/parse_mmseqs_easy_taxonomy_SILVA.benchmark.txt,2,1.02,0.67,196.33,0.656863,2.0,0.000567,0.002281,2.4e-05,0.002305,2.0,0.002305
updated,taxonomy,mmseqs_easy_taxonomy_vs_SILVA,1.0.2,39.0,./microbial/210615_391_A1_S1.0.2/mmseqs/splits/039/nuc/mmseqs_easy_taxonomy_vs_SILVA.benchmark.txt,10,376.41,3397.51,11180.88,9.026089,10.0,1.045583,4.208473,0.500794,4.709267,10.0,4.709267
updated,taxonomy,mmseqs_bestmatch_db,1.0.2,21.0,./microbial/210615_391_A1_S1.0.2/mmseqs/splits/021/mmseqs_bestmatch_db.benchmark.txt,1,1.12,0.74,168.54,0.660714,1.0,0.000311,0.001252,2.2e-05,0.001275,1.0,0.001275
updated,taxonomy,parse_mmseqs_easy_taxonomy_SILVA,1.0.2,21.0,./microbial/210615_391_A1_S1.0.2/mmseqs/splits/021/nuc/parse_mmseqs_easy_taxonomy_SILVA.benchmark.txt,2,0.96,0.88,220.03,0.916667,2.0,0.000533,0.002147,2.5e-05,0.002172,2.0,0.002172
updated,taxonomy,mmseqs_easy_taxonomy_vs_SILVA,1.0.2,21.0,./microbial/210615_391_A1_S1.0.2/mmseqs/splits/021/nuc/mmseqs_easy_taxonomy_vs_SILVA.benchmark.txt,10,344.3,2956.55,11166.09,8.587133,10.0,0.956389,3.849465,0.457467,4.306932,10.0,4.306932
updated,taxonomy,mmseqs_bestmatch_db,1.0.2,24.0,./microbial/210615_391_A1_S1.0.2/mmseqs/splits/024/mmseqs_bestmatch_db.benchmark.txt,1,0.77,0.61,185.11,0.792208,1.0,0.000214,0.000861,1.7e-05,0.000878,1.0,0.000878
updated,taxonomy,parse_mmseqs_easy_taxonomy_SILVA,1.0.2,24.0,./microbial/210615_391_A1_S1.0.2/mmseqs/splits/024/nuc/parse_mmseqs_easy_taxonomy_SILVA.benchmark.txt,2,1.31,0.71,195.7,0.541985,2.0,0.000728,0.002929,3.1e-05,0.00296,2.0,0.00296
updated,taxonomy,mmseqs_easy_taxonomy_vs_SILVA,1.0.2,24.0,./microbial/210615_391_A1_S1.0.2/mmseqs/splits/024/nuc/mmseqs_easy_taxonomy_vs_SILVA.benchmark.txt,10,299.34,2829.62,11190.68,9.452863,10.0,0.8315,3.346787,0.398605,3.745393,10.0,3.745393
updated,taxonomy,mmseqs_bestmatch_db,1.0.2,43.0,./microbial/210615_391_A1_S1.0.2/mmseqs/splits/043/mmseqs_bestmatch_db.benchmark.txt,1,0.81,0.59,182.11,0.728395,1.0,0.000225,0.000906,1.8e-05,0.000923,1.0,0.000923
updated,taxonomy,parse_mmseqs_easy_taxonomy_SILVA,1.0.2,43.0,./microbial/210615_391_A1_S1.0.2/mmseqs/splits/043/nuc/parse_mmseqs_easy_taxonomy_SILVA.benchmark.txt,2,0.78,0.35,124.37,0.448718,2.0,0.000433,0.001744,1.2e-05,0.001756,2.0,0.001756
updated,taxonomy,mmseqs_easy_taxonomy_vs_SILVA,1.0.2,43.0,./microbial/210615_391_A1_S1.0.2/mmseqs/splits/043/nuc/mmseqs_easy_taxonomy_vs_SILVA.benchmark.txt,10,305.8,2661.11,11162.73,8.702126,10.0,0.849444,3.419014,0.40619,3.825204,10.0,3.825204
updated,taxonomy,mmseqs_bestmatch_db,1.0.2,89.0,./microbial/210615_391_A1_S1.0.2/mmseqs/splits/089/mmseqs_bestmatch_db.benchmark.txt,1,0.63,0.09,36.82,0.142857,1.0,0.000175,0.000704,3e-06,0.000707,1.0,0.000707
updated,taxonomy,parse_mmseqs_easy_taxonomy_SILVA,1.0.2,89.0,./microbial/210615_391_A1_S1.0.2/mmseqs/splits/089/nuc/parse_mmseqs_easy_taxonomy_SILVA.benchmark.txt,2,0.96,0.81,207.71,0.84375,2.0,0.000533,0.002147,2.4e-05,0.00217,2.0,0.00217
updated,taxonomy,mmseqs_easy_taxonomy_vs_SILVA,1.0.2,89.0,./microbial/210615_391_A1_S1.0.2/mmseqs/splits/089/nuc/mmseqs_easy_taxonomy_vs_SILVA.benchmark.txt,10,273.51,2526.3,11182.31,9.236591,10.0,0.75975,3.057994,0.363937,3.421931,10.0,3.421931
updated,taxonomy,mmseqs_bestmatch_db,1.0.2,152.0,./microbial/210615_391_A1_S1.0.2/mmseqs/splits/152/mmseqs_bestmatch_db.benchmark.txt,1,0.66,0.1,41.14,0.151515,1.0,0.000183,0.000738,3e-06,0.000741,1.0,0.000741
updated,taxonomy,parse_mmseqs_easy_taxonomy_SILVA,1.0.2,152.0,./microbial/210615_391_A1_S1.0.2/mmseqs/splits/152/nuc/parse_mmseqs_easy_taxonomy_SILVA.benchmark.txt,2,0.87,0.87,235.0,1.0,2.0,0.000483,0.001945,2.4e-05,0.00197,2.0,0.00197
updated,taxonomy,mmseqs_easy_taxonomy_vs_SILVA,1.0.2,152.0,./microbial/210615_391_A1_S1.0.2/mmseqs/splits/152/nuc/mmseqs_easy_taxonomy_vs_SILVA.benchmark.txt,10,282.04,2455.49,11175.8,8.706176,10.0,0.783444,3.153364,0.375069,3.528433,10.0,3.528433
updated,taxonomy,mmseqs_bestmatch_db,1.0.2,63.0,./microbial/210615_391_A1_S1.0.2/mmseqs/splits/063/mmseqs_bestmatch_db.benchmark.txt,1,0.81,0.63,183.74,0.777778,1.0,0.000225,0.000906,1.8e-05,0.000923,1.0,0.000923
updated,taxonomy,parse_mmseqs_easy_taxonomy_SILVA,1.0.2,63.0,./microbial/210615_391_A1_S1.0.2/mmseqs/splits/063/nuc/parse_mmseqs_easy_taxonomy_SILVA.benchmark.txt,2,0.92,0.76,222.94,0.826087,2.0,0.000511,0.002057,2.4e-05,0.002082,2.0,0.002082
updated,taxonomy,mmseqs_easy_taxonomy_vs_SILVA,1.0.2,63.0,./microbial/210615_391_A1_S1.0.2/mmseqs/splits/063/nuc/mmseqs_easy_taxonomy_vs_SILVA.benchmark.txt,10,344.98,3149.8,11149.8,9.130384,10.0,0.958278,3.857068,0.457702,4.31477,10.0,4.31477
updated,taxonomy,mmseqs_bestmatch_db,1.0.2,243.0,./microbial/210615_391_A1_S1.0.2/mmseqs/splits/243/mmseqs_bestmatch_db.benchmark.txt,1,0.68,0.09,38.06,0.132353,1.0,0.000189,0.00076,3e-06,0.000763,1.0,0.000763
updated,taxonomy,parse_mmseqs_easy_taxonomy_SILVA,1.0.2,243.0,./microbial/210615_391_A1_S1.0.2/mmseqs/splits/243/nuc/parse_mmseqs_easy_taxonomy_SILVA.benchmark.txt,2,1.53,0.99,203.26,0.647059,2.0,0.00085,0.003421,3.7e-05,0.003458,2.0,0.003458
updated,taxonomy,mmseqs_easy_taxonomy_vs_SILVA,1.0.2,243.0,./microbial/210615_391_A1_S1.0.2/mmseqs/splits/243/nuc/mmseqs_easy_taxonomy_vs_SILVA.benchmark.txt,10,326.12,2851.83,11176.66,8.744726,10.0,0.905889,3.646203,0.433722,4.079924,10.0,4.079924
updated,taxonomy,mmseqs_bestmatch_db,1.0.2,64.0,./microbial/210615_391_A1_S1.0.2/mmseqs/splits/064/mmseqs_bestmatch_db.benchmark.txt,1,0.71,0.09,36.84,0.126761,1.0,0.000197,0.000794,3e-06,0.000797,1.0,0.000797
updated,taxonomy,parse_mmseqs_easy_taxonomy_SILVA,1.0.2,64.0,./microbial/210615_391_A1_S1.0.2/mmseqs/splits/064/nuc/parse_mmseqs_easy_taxonomy_SILVA.benchmark.txt,2,1.3,0.61,176.41,0.469231,2.0,0.000722,0.002907,2.7e-05,0.002934,2.0,0.002934
updated,taxonomy,mmseqs_easy_taxonomy_vs_SILVA,1.0.2,64.0,./microbial/210615_391_A1_S1.0.2/mmseqs/splits/064/nuc/mmseqs_easy_taxonomy_vs_SILVA.benchmark.txt,10,320.0,2814.92,11136.2,8.796625,10.0,0.888889,3.577778,0.424042,4.00182,10.0,4.00182
updated,taxonomy,mmseqs_bestmatch_db,1.0.2,148.0,./microbial/210615_391_A1_S1.0.2/mmseqs/splits/148/mmseqs_bestmatch_db.benchmark.txt,1,2.84,0.73,167.55,0.257042,1.0,0.000789,0.003175,5.7e-05,0.003232,1.0,0.003232
updated,taxonomy,parse_mmseqs_easy_taxonomy_SILVA,1.0.2,148.0,./microbial/210615_391_A1_S1.0.2/mmseqs/splits/148/nuc/parse_mmseqs_easy_taxonomy_SILVA.benchmark.txt,2,0.93,0.83,219.86,0.892473,2.0,0.000517,0.00208,2.4e-05,0.002104,2.0,0.002104
updated,taxonomy,mmseqs_easy_taxonomy_vs_SILVA,1.0.2,148.0,./microbial/210615_391_A1_S1.0.2/mmseqs/splits/148/nuc/mmseqs_easy_taxonomy_vs_SILVA.benchmark.txt,10,310.85,2778.47,11174.66,8.938298,10.0,0.863472,3.475476,0.413339,3.888815,10.0,3.888815
updated,taxonomy,mmseqs_bestmatch_db,1.0.2,109.0,./microbial/210615_391_A1_S1.0.2/mmseqs/splits/109/mmseqs_bestmatch_db.benchmark.txt,1,0.71,0.09,37.76,0.126761,1.0,0.000197,0.000794,3e-06,0.000797,1.0,0.000797
updated,taxonomy,parse_mmseqs_easy_taxonomy_SILVA,1.0.2,109.0,./microbial/210615_391_A1_S1.0.2/mmseqs/splits/109/nuc/parse_mmseqs_easy_taxonomy_SILVA.benchmark.txt,2,0.86,0.85,226.2,0.988372,2.0,0.000478,0.001923,2.3e-05,0.001946,2.0,0.001946
updated,taxonomy,mmseqs_easy_taxonomy_vs_SILVA,1.0.2,109.0,./microbial/210615_391_A1_S1.0.2/mmseqs/splits/109/nuc/mmseqs_easy_taxonomy_vs_SILVA.benchmark.txt,10,288.81,2490.04,11173.19,8.621724,10.0,0.80225,3.229056,0.383982,3.613038,10.0,3.613038
updated,taxonomy,mmseqs_bestmatch_db,1.0.2,238.0,./microbial/210615_391_A1_S1.0.2/mmseqs/splits/238/mmseqs_bestmatch_db.benchmark.txt,1,0.68,0.09,37.69,0.132353,1.0,0.000189,0.00076,3e-06,0.000763,1.0,0.000763
updated,taxonomy,parse_mmseqs_easy_taxonomy_SILVA,1.0.2,238.0,./microbial/210615_391_A1_S1.0.2/mmseqs/splits/238/nuc/parse_mmseqs_easy_taxonomy_SILVA.benchmark.txt,2,0.89,0.89,229.45,1.0,2.0,0.000494,0.00199,2.4e-05,0.002014,2.0,0.002014
updated,taxonomy,mmseqs_easy_taxonomy_vs_SILVA,1.0.2,238.0,./microbial/210615_391_A1_S1.0.2/mmseqs/splits/238/nuc/mmseqs_easy_taxonomy_vs_SILVA.benchmark.txt,10,314.43,2820.96,11181.65,8.971663,10.0,0.873417,3.515502,0.418361,3.933863,10.0,3.933863
updated,taxonomy,mmseqs_bestmatch_db,1.0.2,153.0,./microbial/210615_391_A1_S1.0.2/mmseqs/splits/153/mmseqs_bestmatch_db.benchmark.txt,1,0.75,0.58,193.68,0.773333,1.0,0.000208,0.000839,1.7e-05,0.000856,1.0,0.000856
updated,taxonomy,parse_mmseqs_easy_taxonomy_SILVA,1.0.2,153.0,./microbial/210615_391_A1_S1.0.2/mmseqs/splits/153/nuc/parse_mmseqs_easy_taxonomy_SILVA.benchmark.txt,2,1.43,0.66,165.82,0.461538,2.0,0.000794,0.003198,2.8e-05,0.003226,2.0,0.003226
updated,taxonomy,mmseqs_easy_taxonomy_vs_SILVA,1.0.2,153.0,./microbial/210615_391_A1_S1.0.2/mmseqs/splits/153/nuc/mmseqs_easy_taxonomy_vs_SILVA.benchmark.txt,10,283.41,2503.8,11171.0,8.834551,10.0,0.78725,3.168681,0.376729,3.54541,10.0,3.54541
updated,taxonomy,mmseqs_bestmatch_db,1.0.2,82.0,./microbial/210615_391_A1_S1.0.2/mmseqs/splits/082/mmseqs_bestmatch_db.benchmark.txt,1,0.91,0.39,126.19,0.428571,1.0,0.000253,0.001017,1.4e-05,0.001031,1.0,0.001031
updated,taxonomy,parse_mmseqs_easy_taxonomy_SILVA,1.0.2,82.0,./microbial/210615_391_A1_S1.0.2/mmseqs/splits/082/nuc/parse_mmseqs_easy_taxonomy_SILVA.benchmark.txt,2,1.01,0.93,214.75,0.920792,2.0,0.000561,0.002258,2.6e-05,0.002284,2.0,0.002284
updated,taxonomy,mmseqs_easy_taxonomy_vs_SILVA,1.0.2,82.0,./microbial/210615_391_A1_S1.0.2/mmseqs/splits/082/nuc/mmseqs_easy_taxonomy_vs_SILVA.benchmark.txt,10,300.55,2801.53,11164.66,9.321344,10.0,0.834861,3.360316,0.399286,3.759602,10.0,3.759602
updated,taxonomy,mmseqs_bestmatch_db,1.0.2,174.0,./microbial/210615_391_A1_S1.0.2/mmseqs/splits/174/mmseqs_bestmatch_db.benchmark.txt,1,0.93,0.24,83.99,0.258065,1.0,0.000258,0.00104,9e-06,0.001049,1.0,0.001049
updated,taxonomy,parse_mmseqs_easy_taxonomy_SILVA,1.0.2,174.0,./microbial/210615_391_A1_S1.0.2/mmseqs/splits/174/nuc/parse_mmseqs_easy_taxonomy_SILVA.benchmark.txt,2,1.0,0.76,201.08,0.76,2.0,0.000556,0.002236,2.4e-05,0.00226,2.0,0.00226
updated,taxonomy,mmseqs_easy_taxonomy_vs_SILVA,1.0.2,174.0,./microbial/210615_391_A1_S1.0.2/mmseqs/splits/174/nuc/mmseqs_easy_taxonomy_vs_SILVA.benchmark.txt,10,336.9,2800.34,11118.68,8.312081,10.0,0.935833,3.766729,0.445734,4.212463,10.0,4.212463
updated,taxonomy,mmseqs_bestmatch_db,1.0.2,142.0,./microbial/210615_391_A1_S1.0.2/mmseqs/splits/142/mmseqs_bestmatch_db.benchmark.txt,1,0.64,0.1,38.17,0.15625,1.0,0.000178,0.000716,3e-06,0.000718,1.0,0.000718
updated,taxonomy,parse_mmseqs_easy_taxonomy_SILVA,1.0.2,142.0,./microbial/210615_391_A1_S1.0.2/mmseqs/splits/142/nuc/parse_mmseqs_easy_taxonomy_SILVA.benchmark.txt,2,2.72,0.53,142.9,0.194853,2.0,0.001511,0.006082,4.6e-05,0.006128,2.0,0.006128
updated,taxonomy,mmseqs_easy_taxonomy_vs_SILVA,1.0.2,142.0,./microbial/210615_391_A1_S1.0.2/mmseqs/splits/142/nuc/mmseqs_easy_taxonomy_vs_SILVA.benchmark.txt,10,305.26,2804.6,11167.62,9.187578,10.0,0.847944,3.412976,0.405651,3.818627,10.0,3.818627
updated,taxonomy,mmseqs_bestmatch_db,1.0.2,15.0,./microbial/210615_391_A1_S1.0.2/mmseqs/splits/015/mmseqs_bestmatch_db.benchmark.txt,1,0.85,0.43,195.7,0.505882,1.0,0.000236,0.00095,2e-05,0.00097,1.0,0.00097
updated,taxonomy,parse_mmseqs_easy_taxonomy_SILVA,1.0.2,15.0,./microbial/210615_391_A1_S1.0.2/mmseqs/splits/015/nuc/parse_mmseqs_easy_taxonomy_SILVA.benchmark.txt,2,1.96,0.4,120.4,0.204082,2.0,0.001089,0.004383,2.8e-05,0.004411,2.0,0.004411
updated,taxonomy,mmseqs_easy_taxonomy_vs_SILVA,1.0.2,15.0,./microbial/210615_391_A1_S1.0.2/mmseqs/splits/015/nuc/mmseqs_easy_taxonomy_vs_SILVA.benchmark.txt,10,291.34,2524.01,11184.8,8.663452,10.0,0.809278,3.257343,0.387748,3.645091,10.0,3.645091
updated,taxonomy,mmseqs_bestmatch_db,1.0.2,105.0,./microbial/210615_391_A1_S1.0.2/mmseqs/splits/105/mmseqs_bestmatch_db.benchmark.txt,1,0.71,0.09,36.93,0.126761,1.0,0.000197,0.000794,3e-06,0.000797,1.0,0.000797
updated,taxonomy,parse_mmseqs_easy_taxonomy_SILVA,1.0.2,105.0,./microbial/210615_391_A1_S1.0.2/mmseqs/splits/105/nuc/parse_mmseqs_easy_taxonomy_SILVA.benchmark.txt,2,0.87,0.99,231.0,1.137931,2.0,0.000483,0.001945,2.4e-05,0.001969,2.0,0.001969
updated,taxonomy,mmseqs_easy_taxonomy_vs_SILVA,1.0.2,105.0,./microbial/210615_391_A1_S1.0.2/mmseqs/splits/105/nuc/mmseqs_easy_taxonomy_vs_SILVA.benchmark.txt,10,338.28,3157.8,11116.98,9.334871,10.0,0.939667,3.782158,0.447491,4.22965,10.0,4.22965
updated,taxonomy,mmseqs_bestmatch_db,1.0.2,138.0,./microbial/210615_391_A1_S1.0.2/mmseqs/splits/138/mmseqs_bestmatch_db.benchmark.txt,1,0.68,0.12,39.76,0.176471,1.0,0.000189,0.00076,3e-06,0.000763,1.0,0.000763
updated,taxonomy,parse_mmseqs_easy_taxonomy_SILVA,1.0.2,138.0,./microbial/210615_391_A1_S1.0.2/mmseqs/splits/138/nuc/parse_mmseqs_easy_taxonomy_SILVA.benchmark.txt,2,0.87,0.97,237.04,1.114943,2.0,0.000483,0.001945,2.5e-05,0.00197,2.0,0.00197
updated,taxonomy,mmseqs_easy_taxonomy_vs_SILVA,1.0.2,138.0,./microbial/210615_391_A1_S1.0.2/mmseqs/splits/138/nuc/mmseqs_easy_taxonomy_vs_SILVA.benchmark.txt,10,281.44,2486.01,11141.24,8.833179,10.0,0.781778,3.146656,0.373114,3.519769,10.0,3.519769
updated,taxonomy,mmseqs_bestmatch_db,1.0.2,36.0,./microbial/210615_391_A1_S1.0.2/mmseqs/splits/036/mmseqs_bestmatch_db.benchmark.txt,1,0.79,0.6,178.29,0.759494,1.0,0.000219,0.000883,1.7e-05,0.0009,1.0,0.0009
updated,taxonomy,parse_mmseqs_easy_taxonomy_SILVA,1.0.2,36.0,./microbial/210615_391_A1_S1.0.2/mmseqs/splits/036/nuc/parse_mmseqs_easy_taxonomy_SILVA.benchmark.txt,2,0.9,0.93,232.95,1.033333,2.0,0.0005,0.002012,2.5e-05,0.002037,2.0,0.002037
updated,taxonomy,mmseqs_easy_taxonomy_vs_SILVA,1.0.2,36.0,./microbial/210615_391_A1_S1.0.2/mmseqs/splits/036/nuc/mmseqs_easy_taxonomy_vs_SILVA.benchmark.txt,10,285.85,2531.07,11170.25,8.854539,10.0,0.794028,3.195962,0.379947,3.575909,10.0,3.575909
updated,taxonomy,mmseqs_bestmatch_db,1.0.2,41.0,./microbial/210615_391_A1_S1.0.2/mmseqs/splits/041/mmseqs_bestmatch_db.benchmark.txt,1,0.79,0.48,185.23,0.607595,1.0,0.000219,0.000883,1.7e-05,0.000901,1.0,0.000901
updated,taxonomy,parse_mmseqs_easy_taxonomy_SILVA,1.0.2,41.0,./microbial/210615_391_A1_S1.0.2/mmseqs/splits/041/nuc/parse_mmseqs_easy_taxonomy_SILVA.benchmark.txt,2,1.14,0.83,196.59,0.72807,2.0,0.000633,0.002549,2.7e-05,0.002576,2.0,0.002576
updated,taxonomy,mmseqs_easy_taxonomy_vs_SILVA,1.0.2,41.0,./microbial/210615_391_A1_S1.0.2/mmseqs/splits/041/nuc/mmseqs_easy_taxonomy_vs_SILVA.benchmark.txt,10,328.68,2805.39,11144.78,8.535323,10.0,0.913,3.674825,0.435879,4.110704,10.0,4.110704
updated,taxonomy,mmseqs_bestmatch_db,1.0.2,171.0,./microbial/210615_391_A1_S1.0.2/mmseqs/splits/171/mmseqs_bestmatch_db.benchmark.txt,1,0.94,0.24,89.59,0.255319,1.0,0.000261,0.001051,1e-05,0.001061,1.0,0.001061
updated,taxonomy,parse_mmseqs_easy_taxonomy_SILVA,1.0.2,171.0,./microbial/210615_391_A1_S1.0.2/mmseqs/splits/171/nuc/parse_mmseqs_easy_taxonomy_SILVA.benchmark.txt,2,1.13,0.84,201.35,0.743363,2.0,0.000628,0.002527,2.7e-05,0.002554,2.0,0.002554
updated,taxonomy,mmseqs_easy_taxonomy_vs_SILVA,1.0.2,171.0,./microbial/210615_391_A1_S1.0.2/mmseqs/splits/171/nuc/mmseqs_easy_taxonomy_vs_SILVA.benchmark.txt,10,274.28,2522.65,11136.94,9.197353,10.0,0.761889,3.066603,0.363481,3.430084,10.0,3.430084
updated,taxonomy,mmseqs_bestmatch_db,1.0.2,74.0,./microbial/210615_391_A1_S1.0.2/mmseqs/splits/074/mmseqs_bestmatch_db.benchmark.txt,1,0.89,0.5,186.15,0.561798,1.0,0.000247,0.000995,2e-05,0.001015,1.0,0.001015
updated,taxonomy,parse_mmseqs_easy_taxonomy_SILVA,1.0.2,74.0,./microbial/210615_391_A1_S1.0.2/mmseqs/splits/074/nuc/parse_mmseqs_easy_taxonomy_SILVA.benchmark.txt,2,0.95,0.86,223.12,0.905263,2.0,0.000528,0.002124,2.5e-05,0.00215,2.0,0.00215
updated,taxonomy,mmseqs_easy_taxonomy_vs_SILVA,1.0.2,74.0,./microbial/210615_391_A1_S1.0.2/mmseqs/splits/074/nuc/mmseqs_easy_taxonomy_vs_SILVA.benchmark.txt,10,301.69,2811.65,11154.2,9.319666,10.0,0.838028,3.373062,0.400425,3.773487,10.0,3.773487
updated,taxonomy,mmseqs_bestmatch_db,1.0.2,130.0,./microbial/210615_391_A1_S1.0.2/mmseqs/splits/130/mmseqs_bestmatch_db.benchmark.txt,1,0.65,0.09,44.05,0.138462,1.0,0.000181,0.000727,3e-06,0.00073,1.0,0.00073
updated,taxonomy,parse_mmseqs_easy_taxonomy_SILVA,1.0.2,130.0,./microbial/210615_391_A1_S1.0.2/mmseqs/splits/130/nuc/parse_mmseqs_easy_taxonomy_SILVA.benchmark.txt,2,0.94,0.93,228.27,0.989362,2.0,0.000522,0.002102,2.6e-05,0.002127,2.0,0.002127
updated,taxonomy,mmseqs_easy_taxonomy_vs_SILVA,1.0.2,130.0,./microbial/210615_391_A1_S1.0.2/mmseqs/splits/130/nuc/mmseqs_easy_taxonomy_vs_SILVA.benchmark.txt,10,309.41,2815.72,11174.24,9.100288,10.0,0.859472,3.459376,0.411409,3.870785,10.0,3.870785
updated,taxonomy,mmseqs_bestmatch_db,1.0.2,156.0,./microbial/210615_391_A1_S1.0.2/mmseqs/splits/156/mmseqs_bestmatch_db.benchmark.txt,1,0.89,0.63,179.17,0.707865,1.0,0.000247,0.000995,1.9e-05,0.001014,1.0,0.001014
updated,taxonomy,parse_mmseqs_easy_taxonomy_SILVA,1.0.2,156.0,./microbial/210615_391_A1_S1.0.2/mmseqs/splits/156/nuc/parse_mmseqs_easy_taxonomy_SILVA.benchmark.txt,2,3.12,1.29,208.96,0.413462,2.0,0.001733,0.006977,7.8e-05,0.007054,2.0,0.007054
updated,taxonomy,mmseqs_easy_taxonomy_vs_SILVA,1.0.2,156.0,./microbial/210615_391_A1_S1.0.2/mmseqs/splits/156/nuc/mmseqs_easy_taxonomy_vs_SILVA.benchmark.txt,10,302.48,2529.73,11156.48,8.363297,10.0,0.840222,3.381894,0.401555,3.78345,10.0,3.78345
updated,taxonomy,mmseqs_bestmatch_db,1.0.2,77.0,./microbial/210615_391_A1_S1.0.2/mmseqs/splits/077/mmseqs_bestmatch_db.benchmark.txt,1,1.63,0.57,173.53,0.349693,1.0,0.000453,0.001822,3.4e-05,0.001856,1.0,0.001856
updated,taxonomy,parse_mmseqs_easy_taxonomy_SILVA,1.0.2,77.0,./microbial/210615_391_A1_S1.0.2/mmseqs/splits/077/nuc/parse_mmseqs_easy_taxonomy_SILVA.benchmark.txt,2,0.93,0.8,217.8,0.860215,2.0,0.000517,0.00208,2.4e-05,0.002104,2.0,0.002104
updated,taxonomy,mmseqs_easy_taxonomy_vs_SILVA,1.0.2,77.0,./microbial/210615_391_A1_S1.0.2/mmseqs/splits/077/nuc/mmseqs_easy_taxonomy_vs_SILVA.benchmark.txt,10,311.23,2817.83,11167.78,9.053851,10.0,0.864528,3.479724,0.41359,3.893314,10.0,3.893314
updated,taxonomy,mmseqs_bestmatch_db,1.0.2,51.0,./microbial/210615_391_A1_S1.0.2/mmseqs/splits/051/mmseqs_bestmatch_db.benchmark.txt,1,0.85,0.7,168.09,0.823529,1.0,0.000236,0.00095,1.7e-05,0.000967,1.0,0.000967
updated,taxonomy,parse_mmseqs_easy_taxonomy_SILVA,1.0.2,51.0,./microbial/210615_391_A1_S1.0.2/mmseqs/splits/051/nuc/parse_mmseqs_easy_taxonomy_SILVA.benchmark.txt,2,1.32,0.52,166.95,0.393939,2.0,0.000733,0.002952,2.6e-05,0.002978,2.0,0.002978
updated,taxonomy,mmseqs_easy_taxonomy_vs_SILVA,1.0.2,51.0,./microbial/210615_391_A1_S1.0.2/mmseqs/splits/051/nuc/mmseqs_easy_taxonomy_vs_SILVA.benchmark.txt,10,304.65,2790.96,11170.89,9.161201,10.0,0.84625,3.406156,0.404959,3.811115,10.0,3.811115
updated,taxonomy,mmseqs_bestmatch_db,1.0.2,175.0,./microbial/210615_391_A1_S1.0.2/mmseqs/splits/175/mmseqs_bestmatch_db.benchmark.txt,1,0.78,0.51,183.88,0.653846,1.0,0.000217,0.000872,1.7e-05,0.000889,1.0,0.000889
updated,taxonomy,parse_mmseqs_easy_taxonomy_SILVA,1.0.2,175.0,./microbial/210615_391_A1_S1.0.2/mmseqs/splits/175/nuc/parse_mmseqs_easy_taxonomy_SILVA.benchmark.txt,2,0.95,0.91,221.85,0.957895,2.0,0.000528,0.002124,2.5e-05,0.002149,2.0,0.002149
updated,taxonomy,mmseqs_easy_taxonomy_vs_SILVA,1.0.2,175.0,./microbial/210615_391_A1_S1.0.2/mmseqs/splits/175/nuc/mmseqs_easy_taxonomy_vs_SILVA.benchmark.txt,10,258.74,2215.39,11197.0,8.562225,10.0,0.718722,2.892857,0.344736,3.237593,10.0,3.237593
updated,taxonomy,mmseqs_bestmatch_db,1.0.2,141.0,./microbial/210615_391_A1_S1.0.2/mmseqs/splits/141/mmseqs_bestmatch_db.benchmark.txt,1,0.95,0.56,166.07,0.589474,1.0,0.000264,0.001062,1.9e-05,0.001081,1.0,0.001081
updated,taxonomy,parse_mmseqs_easy_taxonomy_SILVA,1.0.2,141.0,./microbial/210615_391_A1_S1.0.2/mmseqs/splits/141/nuc/parse_mmseqs_easy_taxonomy_SILVA.benchmark.txt,2,0.92,0.83,216.64,0.902174,2.0,0.000511,0.002057,2.4e-05,0.002081,2.0,0.002081
updated,taxonomy,mmseqs_easy_taxonomy_vs_SILVA,1.0.2,141.0,./microbial/210615_391_A1_S1.0.2/mmseqs/splits/141/nuc/mmseqs_easy_taxonomy_vs_SILVA.benchmark.txt,10,309.77,2804.79,11177.32,9.054427,10.0,0.860472,3.463401,0.412001,3.875402,10.0,3.875402
updated,taxonomy,mmseqs_bestmatch_db,1.0.2,114.0,./microbial/210615_391_A1_S1.0.2/mmseqs/splits/114/mmseqs_bestmatch_db.benchmark.txt,1,0.94,0.57,169.95,0.606383,1.0,0.000261,0.001051,1.9e-05,0.00107,1.0,0.00107
updated,taxonomy,parse_mmseqs_easy_taxonomy_SILVA,1.0.2,114.0,./microbial/210615_391_A1_S1.0.2/mmseqs/splits/114/nuc/parse_mmseqs_easy_taxonomy_SILVA.benchmark.txt,2,0.88,0.93,226.54,1.056818,2.0,0.000489,0.001968,2.4e-05,0.001991,2.0,0.001991
updated,taxonomy,mmseqs_easy_taxonomy_vs_SILVA,1.0.2,114.0,./microbial/210615_391_A1_S1.0.2/mmseqs/splits/114/nuc/mmseqs_easy_taxonomy_vs_SILVA.benchmark.txt,10,325.07,2829.61,11132.25,8.704617,10.0,0.902972,3.634463,0.430607,4.065071,10.0,4.065071
updated,taxonomy,mmseqs_bestmatch_db,1.0.2,136.0,./microbial/210615_391_A1_S1.0.2/mmseqs/splits/136/mmseqs_bestmatch_db.benchmark.txt,1,0.83,0.63,179.38,0.759036,1.0,0.000231,0.000928,1.8e-05,0.000946,1.0,0.000946
updated,taxonomy,parse_mmseqs_easy_taxonomy_SILVA,1.0.2,136.0,./microbial/210615_391_A1_S1.0.2/mmseqs/splits/136/nuc/parse_mmseqs_easy_taxonomy_SILVA.benchmark.txt,2,0.93,0.73,207.82,0.784946,2.0,0.000517,0.00208,2.3e-05,0.002103,2.0,0.002103
updated,taxonomy,mmseqs_easy_taxonomy_vs_SILVA,1.0.2,136.0,./microbial/210615_391_A1_S1.0.2/mmseqs/splits/136/nuc/mmseqs_easy_taxonomy_vs_SILVA.benchmark.txt,10,250.1,2177.11,11178.56,8.704958,10.0,0.694722,2.796257,0.332676,3.128933,10.0,3.128933
updated,taxonomy,mmseqs_bestmatch_db,1.0.2,37.0,./microbial/210615_391_A1_S1.0.2/mmseqs/splits/037/mmseqs_bestmatch_db.benchmark.txt,1,0.85,0.56,170.13,0.658824,1.0,0.000236,0.00095,1.7e-05,0.000968,1.0,0.000968
updated,taxonomy,parse_mmseqs_easy_taxonomy_SILVA,1.0.2,37.0,./microbial/210615_391_A1_S1.0.2/mmseqs/splits/037/nuc/parse_mmseqs_easy_taxonomy_SILVA.benchmark.txt,2,1.18,0.72,200.82,0.610169,2.0,0.000656,0.002639,2.8e-05,0.002667,2.0,0.002667
updated,taxonomy,mmseqs_easy_taxonomy_vs_SILVA,1.0.2,37.0,./microbial/210615_391_A1_S1.0.2/mmseqs/splits/037/nuc/mmseqs_easy_taxonomy_vs_SILVA.benchmark.txt,10,390.83,3411.49,11176.04,8.728834,10.0,1.085639,4.369697,0.519754,4.88945,10.0,4.88945
updated,taxonomy,mmseqs_bestmatch_db,1.0.2,134.0,./microbial/210615_391_A1_S1.0.2/mmseqs/splits/134/mmseqs_bestmatch_db.benchmark.txt,1,0.97,0.42,159.05,0.43299,1.0,0.000269,0.001085,1.8e-05,0.001103,1.0,0.001103
updated,taxonomy,parse_mmseqs_easy_taxonomy_SILVA,1.0.2,134.0,./microbial/210615_391_A1_S1.0.2/mmseqs/splits/134/nuc/parse_mmseqs_easy_taxonomy_SILVA.benchmark.txt,2,0.94,0.79,222.68,0.840426,2.0,0.000522,0.002102,2.5e-05,0.002127,2.0,0.002127
updated,taxonomy,mmseqs_easy_taxonomy_vs_SILVA,1.0.2,134.0,./microbial/210615_391_A1_S1.0.2/mmseqs/splits/134/nuc/mmseqs_easy_taxonomy_vs_SILVA.benchmark.txt,10,271.68,2525.9,11185.71,9.297335,10.0,0.754667,3.037533,0.361612,3.399145,10.0,3.399145
updated,taxonomy,taxonomy_spatial_pos.Bacteria_genus,1.0.2,,./microbial/210615_391_A1_S1.0.2/tables/taxonomy_spatial_pos.Bacteria_genus.benchmark.txt,4,9.1,25.92,2934.15,2.848352,4.0,0.010111,0.040697,0.003177,0.043874,4.0,0.043874
updated,taxonomy,taxonomy_spatial_pos.Bacteria_phylum,1.0.2,,./microbial/210615_391_A1_S1.0.2/tables/taxonomy_spatial_pos.Bacteria_phylum.benchmark.txt,4,10.64,31.61,2902.13,2.970865,4.0,0.011822,0.047584,0.003674,0.051259,4.0,0.051259
updated,taxonomy,taxonomy_spatial_pos.Eukaryota_phylum,1.0.2,,./microbial/210615_391_A1_S1.0.2/tables/taxonomy_spatial_pos.Eukaryota_phylum.benchmark.txt,4,7.57,19.48,2839.0,2.573316,4.0,0.008411,0.033855,0.002557,0.036412,4.0,0.036412
updated,taxonomy,taxonomy_spatial_pos.Eukaryota_genus,1.0.2,,./microbial/210615_391_A1_S1.0.2/tables/taxonomy_spatial_pos.Eukaryota_genus.benchmark.txt,4,7.19,17.13,2585.81,2.382476,4.0,0.007989,0.032155,0.002212,0.034368,4.0,0.034368
updated,taxonomy,mmseqs_bestmatch_db,1.0.1,4.0,./microbial/210615_391_A1_S1.0.1/mmseqs/splits/004/mmseqs_bestmatch_db.benchmark.txt,1,1.22,0.23,84.31,0.188525,1.0,0.000339,0.001364,1.2e-05,0.001376,1.0,0.001376
updated,taxonomy,parse_mmseqs_easy_taxonomy_SILVA,1.0.1,4.0,./microbial/210615_391_A1_S1.0.1/mmseqs/splits/004/nuc/parse_mmseqs_easy_taxonomy_SILVA.benchmark.txt,2,0.71,0.09,37.6,0.126761,2.0,0.000394,0.001588,3e-06,0.001591,2.0,0.001591
updated,taxonomy,mmseqs_easy_taxonomy_vs_SILVA,1.0.1,4.0,./microbial/210615_391_A1_S1.0.1/mmseqs/splits/004/nuc/mmseqs_easy_taxonomy_vs_SILVA.benchmark.txt,10,348.38,3099.42,11176.96,8.896665,10.0,0.967722,3.895082,0.463339,4.358421,10.0,4.358421
updated,taxonomy,mmseqs_bestmatch_db,1.0.1,46.0,./microbial/210615_391_A1_S1.0.1/mmseqs/splits/046/mmseqs_bestmatch_db.benchmark.txt,1,2.71,1.01,174.84,0.372694,1.0,0.000753,0.00303,5.6e-05,0.003086,1.0,0.003086
updated,taxonomy,parse_mmseqs_easy_taxonomy_SILVA,1.0.1,46.0,./microbial/210615_391_A1_S1.0.1/mmseqs/splits/046/nuc/parse_mmseqs_easy_taxonomy_SILVA.benchmark.txt,2,2.55,0.81,169.27,0.317647,2.0,0.001417,0.005702,5.1e-05,0.005753,2.0,0.005753
updated,taxonomy,mmseqs_easy_taxonomy_vs_SILVA,1.0.1,46.0,./microbial/210615_391_A1_S1.0.1/mmseqs/splits/046/nuc/mmseqs_easy_taxonomy_vs_SILVA.benchmark.txt,10,296.52,2485.18,11133.34,8.381155,10.0,0.823667,3.315258,0.392827,3.708085,10.0,3.708085
updated,taxonomy,mmseqs_bestmatch_db,1.0.1,5.0,./microbial/210615_391_A1_S1.0.1/mmseqs/splits/005/mmseqs_bestmatch_db.benchmark.txt,1,1.12,0.3,94.52,0.267857,1.0,0.000311,0.001252,1.3e-05,0.001265,1.0,0.001265
updated,taxonomy,parse_mmseqs_easy_taxonomy_SILVA,1.0.1,5.0,./microbial/210615_391_A1_S1.0.1/mmseqs/splits/005/nuc/parse_mmseqs_easy_taxonomy_SILVA.benchmark.txt,2,0.74,0.1,39.92,0.135135,2.0,0.000411,0.001655,4e-06,0.001658,2.0,0.001658
updated,taxonomy,mmseqs_easy_taxonomy_vs_SILVA,1.0.1,5.0,./microbial/210615_391_A1_S1.0.1/mmseqs/splits/005/nuc/mmseqs_easy_taxonomy_vs_SILVA.benchmark.txt,10,317.06,2820.46,11131.55,8.895666,10.0,0.880722,3.544907,0.41997,3.964877,10.0,3.964877
updated,taxonomy,mmseqs_bestmatch_db,1.0.1,83.0,./microbial/210615_391_A1_S1.0.1/mmseqs/splits/083/mmseqs_bestmatch_db.benchmark.txt,1,0.85,0.42,165.86,0.494118,1.0,0.000236,0.00095,1.7e-05,0.000967,1.0,0.000967
updated,taxonomy,parse_mmseqs_easy_taxonomy_SILVA,1.0.1,83.0,./microbial/210615_391_A1_S1.0.1/mmseqs/splits/083/nuc/parse_mmseqs_easy_taxonomy_SILVA.benchmark.txt,2,1.04,0.59,188.99,0.567308,2.0,0.000578,0.002326,2.3e-05,0.002349,2.0,0.002349
updated,taxonomy,mmseqs_easy_taxonomy_vs_SILVA,1.0.1,83.0,./microbial/210615_391_A1_S1.0.1/mmseqs/splits/083/nuc/mmseqs_easy_taxonomy_vs_SILVA.benchmark.txt,10,304.92,2828.65,11159.74,9.276696,10.0,0.847,3.409175,0.404913,3.814088,10.0,3.814088
updated,taxonomy,mmseqs_bestmatch_db,1.0.1,10.0,./microbial/210615_391_A1_S1.0.1/mmseqs/splits/010/mmseqs_bestmatch_db.benchmark.txt,1,0.64,0.08,37.19,0.125,1.0,0.000178,0.000716,3e-06,0.000718,1.0,0.000718
updated,taxonomy,parse_mmseqs_easy_taxonomy_SILVA,1.0.1,10.0,./microbial/210615_391_A1_S1.0.1/mmseqs/splits/010/nuc/parse_mmseqs_easy_taxonomy_SILVA.benchmark.txt,2,0.73,0.08,38.04,0.109589,2.0,0.000406,0.001632,3e-06,0.001636,2.0,0.001636
updated,taxonomy,mmseqs_easy_taxonomy_vs_SILVA,1.0.1,10.0,./microbial/210615_391_A1_S1.0.1/mmseqs/splits/010/nuc/mmseqs_easy_taxonomy_vs_SILVA.benchmark.txt,10,380.67,3444.87,11140.68,9.049492,10.0,1.057417,4.256102,0.50464,4.760742,10.0,4.760742
updated,taxonomy,mmseqs_bestmatch_db,1.0.1,97.0,./microbial/210615_391_A1_S1.0.1/mmseqs/splits/097/mmseqs_bestmatch_db.benchmark.txt,1,1.11,0.28,75.29,0.252252,1.0,0.000308,0.001241,1e-05,0.001251,1.0,0.001251
updated,taxonomy,parse_mmseqs_easy_taxonomy_SILVA,1.0.1,97.0,./microbial/210615_391_A1_S1.0.1/mmseqs/splits/097/nuc/parse_mmseqs_easy_taxonomy_SILVA.benchmark.txt,2,0.9,0.95,173.09,1.055556,2.0,0.0005,0.002012,1.9e-05,0.002031,2.0,0.002031
updated,taxonomy,mmseqs_easy_taxonomy_vs_SILVA,1.0.1,97.0,./microbial/210615_391_A1_S1.0.1/mmseqs/splits/097/nuc/mmseqs_easy_taxonomy_vs_SILVA.benchmark.txt,10,303.93,2800.0,11200.88,9.212648,10.0,0.84425,3.398106,0.405086,3.803192,10.0,3.803192
updated,taxonomy,mmseqs_bestmatch_db,1.0.1,23.0,./microbial/210615_391_A1_S1.0.1/mmseqs/splits/023/mmseqs_bestmatch_db.benchmark.txt,1,0.59,0.08,36.79,0.135593,1.0,0.000164,0.00066,3e-06,0.000662,1.0,0.000662
updated,taxonomy,parse_mmseqs_easy_taxonomy_SILVA,1.0.1,23.0,./microbial/210615_391_A1_S1.0.1/mmseqs/splits/023/nuc/parse_mmseqs_easy_taxonomy_SILVA.benchmark.txt,2,1.37,0.6,143.86,0.437956,2.0,0.000761,0.003063,2.3e-05,0.003087,2.0,0.003087
updated,taxonomy,mmseqs_easy_taxonomy_vs_SILVA,1.0.1,23.0,./microbial/210615_391_A1_S1.0.1/mmseqs/splits/023/nuc/mmseqs_easy_taxonomy_vs_SILVA.benchmark.txt,10,291.37,2516.88,11172.61,8.638089,10.0,0.809361,3.257678,0.387366,3.645044,10.0,3.645044
updated,taxonomy,mmseqs_bestmatch_db,1.0.1,110.0,./microbial/210615_391_A1_S1.0.1/mmseqs/splits/110/mmseqs_bestmatch_db.benchmark.txt,1,0.64,0.09,37.71,0.140625,1.0,0.000178,0.000716,3e-06,0.000718,1.0,0.000718
updated,taxonomy,parse_mmseqs_easy_taxonomy_SILVA,1.0.1,110.0,./microbial/210615_391_A1_S1.0.1/mmseqs/splits/110/nuc/parse_mmseqs_easy_taxonomy_SILVA.benchmark.txt,2,0.77,0.35,136.45,0.454545,2.0,0.000428,0.001722,1.3e-05,0.001734,2.0,0.001734
updated,taxonomy,mmseqs_easy_taxonomy_vs_SILVA,1.0.1,110.0,./microbial/210615_391_A1_S1.0.1/mmseqs/splits/110/nuc/mmseqs_easy_taxonomy_vs_SILVA.benchmark.txt,10,261.01,2222.82,11171.78,8.516225,10.0,0.725028,2.918237,0.346977,3.265214,10.0,3.265214
updated,taxonomy,mmseqs_bestmatch_db,1.0.1,71.0,./microbial/210615_391_A1_S1.0.1/mmseqs/splits/071/mmseqs_bestmatch_db.benchmark.txt,1,0.8,0.57,173.95,0.7125,1.0,0.000222,0.000894,1.7e-05,0.000911,1.0,0.000911
updated,taxonomy,parse_mmseqs_easy_taxonomy_SILVA,1.0.1,71.0,./microbial/210615_391_A1_S1.0.1/mmseqs/splits/071/nuc/parse_mmseqs_easy_taxonomy_SILVA.benchmark.txt,2,0.85,0.91,237.47,1.070588,2.0,0.000472,0.001901,2.4e-05,0.001925,2.0,0.001925
updated,taxonomy,mmseqs_easy_taxonomy_vs_SILVA,1.0.1,71.0,./microbial/210615_391_A1_S1.0.1/mmseqs/splits/071/nuc/mmseqs_easy_taxonomy_vs_SILVA.benchmark.txt,10,292.94,2485.08,11157.46,8.483239,10.0,0.813722,3.275232,0.388925,3.664157,10.0,3.664157
updated,taxonomy,mmseqs_bestmatch_db,1.0.1,60.0,./microbial/210615_391_A1_S1.0.1/mmseqs/splits/060/mmseqs_bestmatch_db.benchmark.txt,1,0.73,0.63,182.85,0.863014,1.0,0.000203,0.000816,1.6e-05,0.000832,1.0,0.000832
updated,taxonomy,parse_mmseqs_easy_taxonomy_SILVA,1.0.1,60.0,./microbial/210615_391_A1_S1.0.1/mmseqs/splits/060/nuc/parse_mmseqs_easy_taxonomy_SILVA.benchmark.txt,2,0.81,0.38,137.14,0.469136,2.0,0.00045,0.001811,1.3e-05,0.001824,2.0,0.001824
updated,taxonomy,mmseqs_easy_taxonomy_vs_SILVA,1.0.1,60.0,./microbial/210615_391_A1_S1.0.1/mmseqs/splits/060/nuc/mmseqs_easy_taxonomy_vs_SILVA.benchmark.txt,10,272.19,2503.1,11174.7,9.19615,10.0,0.756083,3.043235,0.361934,3.40517,10.0,3.40517
updated,taxonomy,mmseqs_bestmatch_db,1.0.1,116.0,./microbial/210615_391_A1_S1.0.1/mmseqs/splits/116/mmseqs_bestmatch_db.benchmark.txt,1,4.52,0.89,186.27,0.196903,1.0,0.001256,0.005054,0.0001,0.005154,1.0,0.005154
updated,taxonomy,parse_mmseqs_easy_taxonomy_SILVA,1.0.1,116.0,./microbial/210615_391_A1_S1.0.1/mmseqs/splits/116/nuc/parse_mmseqs_easy_taxonomy_SILVA.benchmark.txt,2,0.93,0.81,213.07,0.870968,2.0,0.000517,0.00208,2.4e-05,0.002103,2.0,0.002103
updated,taxonomy,mmseqs_easy_taxonomy_vs_SILVA,1.0.1,116.0,./microbial/210615_391_A1_S1.0.1/mmseqs/splits/116/nuc/mmseqs_easy_taxonomy_vs_SILVA.benchmark.txt,10,270.81,2504.83,11198.19,9.2494,10.0,0.75225,3.027806,0.360856,3.388662,10.0,3.388662
updated,taxonomy,mmseqs_bestmatch_db,1.0.1,128.0,./microbial/210615_391_A1_S1.0.1/mmseqs/splits/128/mmseqs_bestmatch_db.benchmark.txt,1,0.77,0.56,183.15,0.727273,1.0,0.000214,0.000861,1.7e-05,0.000878,1.0,0.000878
updated,taxonomy,parse_mmseqs_easy_taxonomy_SILVA,1.0.1,128.0,./microbial/210615_391_A1_S1.0.1/mmseqs/splits/128/nuc/parse_mmseqs_easy_taxonomy_SILVA.benchmark.txt,2,1.03,0.77,211.19,0.747573,2.0,0.000572,0.002303,2.6e-05,0.002329,2.0,0.002329
updated,taxonomy,mmseqs_easy_taxonomy_vs_SILVA,1.0.1,128.0,./microbial/210615_391_A1_S1.0.1/mmseqs/splits/128/nuc/mmseqs_easy_taxonomy_vs_SILVA.benchmark.txt,10,305.69,2802.94,11175.26,9.169224,10.0,0.849139,3.417784,0.4065,3.824284,10.0,3.824284
updated,taxonomy,mmseqs_bestmatch_db,1.0.1,117.0,./microbial/210615_391_A1_S1.0.1/mmseqs/splits/117/mmseqs_bestmatch_db.benchmark.txt,1,1.04,0.41,157.6,0.394231,1.0,0.000289,0.001163,2e-05,0.001182,1.0,0.001182
updated,taxonomy,parse_mmseqs_easy_taxonomy_SILVA,1.0.1,117.0,./microbial/210615_391_A1_S1.0.1/mmseqs/splits/117/nuc/parse_mmseqs_easy_taxonomy_SILVA.benchmark.txt,2,5.45,1.26,215.16,0.231193,2.0,0.003028,0.012187,0.00014,0.012326,2.0,0.012326
updated,taxonomy,mmseqs_easy_taxonomy_vs_SILVA,1.0.1,117.0,./microbial/210615_391_A1_S1.0.1/mmseqs/splits/117/nuc/mmseqs_easy_taxonomy_vs_SILVA.benchmark.txt,10,271.14,2522.52,11156.7,9.303386,10.0,0.753167,3.031496,0.359957,3.391453,10.0,3.391453
updated,taxonomy,mmseqs_bestmatch_db,1.0.1,12.0,./microbial/210615_391_A1_S1.0.1/mmseqs/splits/012/mmseqs_bestmatch_db.benchmark.txt,1,0.7,0.1,37.06,0.142857,1.0,0.000194,0.000783,3e-06,0.000786,1.0,0.000786
updated,taxonomy,parse_mmseqs_easy_taxonomy_SILVA,1.0.1,12.0,./microbial/210615_391_A1_S1.0.1/mmseqs/splits/012/nuc/parse_mmseqs_easy_taxonomy_SILVA.benchmark.txt,2,0.82,0.96,225.42,1.170732,2.0,0.000456,0.001834,2.2e-05,0.001856,2.0,0.001856
updated,taxonomy,mmseqs_easy_taxonomy_vs_SILVA,1.0.1,12.0,./microbial/210615_391_A1_S1.0.1/mmseqs/splits/012/nuc/mmseqs_easy_taxonomy_vs_SILVA.benchmark.txt,10,287.96,2523.16,11173.07,8.762189,10.0,0.799889,3.219553,0.382848,3.602401,10.0,3.602401
updated,taxonomy,mmseqs_bestmatch_db,1.0.1,67.0,./microbial/210615_391_A1_S1.0.1/mmseqs/splits/067/mmseqs_bestmatch_db.benchmark.txt,1,1.34,0.77,177.87,0.574627,1.0,0.000372,0.001498,2.8e-05,0.001527,1.0,0.001527
updated,taxonomy,parse_mmseqs_easy_taxonomy_SILVA,1.0.1,67.0,./microbial/210615_391_A1_S1.0.1/mmseqs/splits/067/nuc/parse_mmseqs_easy_taxonomy_SILVA.benchmark.txt,2,0.97,0.84,229.0,0.865979,2.0,0.000539,0.002169,2.6e-05,0.002195,2.0,0.002195
updated,taxonomy,mmseqs_easy_taxonomy_vs_SILVA,1.0.1,67.0,./microbial/210615_391_A1_S1.0.1/mmseqs/splits/067/nuc/mmseqs_easy_taxonomy_vs_SILVA.benchmark.txt,10,257.41,2211.66,11186.24,8.591974,10.0,0.715028,2.877987,0.342635,3.220621,10.0,3.220621
updated,taxonomy,mmseqs_bestmatch_db,1.0.1,93.0,./microbial/210615_391_A1_S1.0.1/mmseqs/splits/093/mmseqs_bestmatch_db.benchmark.txt,1,3.47,0.55,165.28,0.158501,1.0,0.000964,0.00388,6.8e-05,0.003948,1.0,0.003948
updated,taxonomy,parse_mmseqs_easy_taxonomy_SILVA,1.0.1,93.0,./microbial/210615_391_A1_S1.0.1/mmseqs/splits/093/nuc/parse_mmseqs_easy_taxonomy_SILVA.benchmark.txt,2,0.87,0.95,224.41,1.091954,2.0,0.000483,0.001945,2.3e-05,0.001969,2.0,0.001969
updated,taxonomy,mmseqs_easy_taxonomy_vs_SILVA,1.0.1,93.0,./microbial/210615_391_A1_S1.0.1/mmseqs/splits/093/nuc/mmseqs_easy_taxonomy_vs_SILVA.benchmark.txt,10,339.1,3065.79,11203.7,9.040961,10.0,0.941944,3.791326,0.452075,4.243402,10.0,4.243402
updated,taxonomy,mmseqs_bestmatch_db,1.0.1,34.0,./microbial/210615_391_A1_S1.0.1/mmseqs/splits/034/mmseqs_bestmatch_db.benchmark.txt,1,0.87,0.5,176.59,0.574713,1.0,0.000242,0.000973,1.8e-05,0.000991,1.0,0.000991
updated,taxonomy,parse_mmseqs_easy_taxonomy_SILVA,1.0.1,34.0,./microbial/210615_391_A1_S1.0.1/mmseqs/splits/034/nuc/parse_mmseqs_easy_taxonomy_SILVA.benchmark.txt,2,0.77,0.35,140.92,0.454545,2.0,0.000428,0.001722,1.3e-05,0.001735,2.0,0.001735
updated,taxonomy,mmseqs_easy_taxonomy_vs_SILVA,1.0.1,34.0,./microbial/210615_391_A1_S1.0.1/mmseqs/splits/034/nuc/mmseqs_easy_taxonomy_vs_SILVA.benchmark.txt,10,273.15,2518.84,11168.37,9.221453,10.0,0.75875,3.053969,0.363005,3.416974,10.0,3.416974
updated,taxonomy,mmseqs_bestmatch_db,1.0.1,100.0,./microbial/210615_391_A1_S1.0.1/mmseqs/splits/100/mmseqs_bestmatch_db.benchmark.txt,1,1.54,0.51,167.84,0.331169,1.0,0.000428,0.001722,3.1e-05,0.001753,1.0,0.001753
updated,taxonomy,parse_mmseqs_easy_taxonomy_SILVA,1.0.1,100.0,./microbial/210615_391_A1_S1.0.1/mmseqs/splits/100/nuc/parse_mmseqs_easy_taxonomy_SILVA.benchmark.txt,2,0.85,0.09,38.3,0.105882,2.0,0.000472,0.001901,4e-06,0.001905,2.0,0.001905
updated,taxonomy,mmseqs_easy_taxonomy_vs_SILVA,1.0.1,100.0,./microbial/210615_391_A1_S1.0.1/mmseqs/splits/100/nuc/mmseqs_easy_taxonomy_vs_SILVA.benchmark.txt,10,299.04,2514.85,11139.31,8.409745,10.0,0.830667,3.343433,0.396378,3.739811,10.0,3.739811
updated,taxonomy,mmseqs_bestmatch_db,1.0.1,78.0,./microbial/210615_391_A1_S1.0.1/mmseqs/splits/078/mmseqs_bestmatch_db.benchmark.txt,1,0.82,0.45,181.64,0.54878,1.0,0.000228,0.000917,1.8e-05,0.000935,1.0,0.000935
updated,taxonomy,parse_mmseqs_easy_taxonomy_SILVA,1.0.1,78.0,./microbial/210615_391_A1_S1.0.1/mmseqs/splits/078/nuc/parse_mmseqs_easy_taxonomy_SILVA.benchmark.txt,2,0.98,0.87,230.47,0.887755,2.0,0.000544,0.002191,2.7e-05,0.002218,2.0,0.002218
updated,taxonomy,mmseqs_easy_taxonomy_vs_SILVA,1.0.1,78.0,./microbial/210615_391_A1_S1.0.1/mmseqs/splits/078/nuc/mmseqs_easy_taxonomy_vs_SILVA.benchmark.txt,10,263.63,2220.95,11178.78,8.424496,10.0,0.732306,2.94753,0.35068,3.29821,10.0,3.29821
updated,taxonomy,mmseqs_bestmatch_db,1.0.1,98.0,./microbial/210615_391_A1_S1.0.1/mmseqs/splits/098/mmseqs_bestmatch_db.benchmark.txt,1,3.27,0.72,174.07,0.220183,1.0,0.000908,0.003656,6.8e-05,0.003724,1.0,0.003724
updated,taxonomy,parse_mmseqs_easy_taxonomy_SILVA,1.0.1,98.0,./microbial/210615_391_A1_S1.0.1/mmseqs/splits/098/nuc/parse_mmseqs_easy_taxonomy_SILVA.benchmark.txt,2,0.93,1.11,230.27,1.193548,2.0,0.000517,0.00208,2.5e-05,0.002105,2.0,0.002105
updated,taxonomy,mmseqs_easy_taxonomy_vs_SILVA,1.0.1,98.0,./microbial/210615_391_A1_S1.0.1/mmseqs/splits/098/nuc/mmseqs_easy_taxonomy_vs_SILVA.benchmark.txt,10,309.79,2788.27,11172.52,9.000516,10.0,0.860528,3.463624,0.411851,3.875475,10.0,3.875475
updated,taxonomy,mmseqs_bestmatch_db,1.0.1,65.0,./microbial/210615_391_A1_S1.0.1/mmseqs/splits/065/mmseqs_bestmatch_db.benchmark.txt,1,1.02,0.58,172.82,0.568627,1.0,0.000283,0.00114,2.1e-05,0.001161,1.0,0.001161
updated,taxonomy,parse_mmseqs_easy_taxonomy_SILVA,1.0.1,65.0,./microbial/210615_391_A1_S1.0.1/mmseqs/splits/065/nuc/parse_mmseqs_easy_taxonomy_SILVA.benchmark.txt,2,1.07,0.75,204.86,0.700935,2.0,0.000594,0.002393,2.6e-05,0.002419,2.0,0.002419
updated,taxonomy,mmseqs_easy_taxonomy_vs_SILVA,1.0.1,65.0,./microbial/210615_391_A1_S1.0.1/mmseqs/splits/065/nuc/mmseqs_easy_taxonomy_vs_SILVA.benchmark.txt,10,263.34,2202.03,11163.77,8.361928,10.0,0.7315,2.944287,0.349824,3.294111,10.0,3.294111
updated,taxonomy,mmseqs_bestmatch_db,1.0.1,85.0,./microbial/210615_391_A1_S1.0.1/mmseqs/splits/085/mmseqs_bestmatch_db.benchmark.txt,1,0.64,0.09,37.11,0.140625,1.0,0.000178,0.000716,3e-06,0.000718,1.0,0.000718
updated,taxonomy,parse_mmseqs_easy_taxonomy_SILVA,1.0.1,85.0,./microbial/210615_391_A1_S1.0.1/mmseqs/splits/085/nuc/parse_mmseqs_easy_taxonomy_SILVA.benchmark.txt,2,0.81,0.38,122.86,0.469136,2.0,0.00045,0.001811,1.2e-05,0.001823,2.0,0.001823
updated,taxonomy,mmseqs_easy_taxonomy_vs_SILVA,1.0.1,85.0,./microbial/210615_391_A1_S1.0.1/mmseqs/splits/085/nuc/mmseqs_easy_taxonomy_vs_SILVA.benchmark.txt,10,269.22,2523.12,11167.57,9.371963,10.0,0.747833,3.010029,0.357757,3.367786,10.0,3.367786
updated,taxonomy,mmseqs_bestmatch_db,1.0.1,88.0,./microbial/210615_391_A1_S1.0.1/mmseqs/splits/088/mmseqs_bestmatch_db.benchmark.txt,1,0.7,0.08,36.81,0.114286,1.0,0.000194,0.000783,3e-06,0.000786,1.0,0.000786
updated,taxonomy,parse_mmseqs_easy_taxonomy_SILVA,1.0.1,88.0,./microbial/210615_391_A1_S1.0.1/mmseqs/splits/088/nuc/parse_mmseqs_easy_taxonomy_SILVA.benchmark.txt,2,3.04,1.38,211.55,0.453947,2.0,0.001689,0.006798,7.7e-05,0.006874,2.0,0.006874
updated,taxonomy,mmseqs_easy_taxonomy_vs_SILVA,1.0.1,88.0,./microbial/210615_391_A1_S1.0.1/mmseqs/splits/088/nuc/mmseqs_easy_taxonomy_vs_SILVA.benchmark.txt,10,468.98,4244.14,11168.61,9.049725,10.0,1.302722,5.243457,0.623268,5.866725,10.0,5.866725
updated,taxonomy,mmseqs_bestmatch_db,1.0.1,81.0,./microbial/210615_391_A1_S1.0.1/mmseqs/splits/081/mmseqs_bestmatch_db.benchmark.txt,1,1.94,0.71,165.18,0.365979,1.0,0.000539,0.002169,3.8e-05,0.002207,1.0,0.002207
updated,taxonomy,parse_mmseqs_easy_taxonomy_SILVA,1.0.1,81.0,./microbial/210615_391_A1_S1.0.1/mmseqs/splits/081/nuc/parse_mmseqs_easy_taxonomy_SILVA.benchmark.txt,2,3.77,0.96,185.14,0.254642,2.0,0.002094,0.00843,8.3e-05,0.008513,2.0,0.008513
updated,taxonomy,mmseqs_easy_taxonomy_vs_SILVA,1.0.1,81.0,./microbial/210615_391_A1_S1.0.1/mmseqs/splits/081/nuc/mmseqs_easy_taxonomy_vs_SILVA.benchmark.txt,10,272.63,2512.57,11174.86,9.216044,10.0,0.757306,3.048155,0.362524,3.410679,10.0,3.410679
updated,taxonomy,mmseqs_bestmatch_db,1.0.1,27.0,./microbial/210615_391_A1_S1.0.1/mmseqs/splits/027/mmseqs_bestmatch_db.benchmark.txt,1,0.76,0.55,176.63,0.723684,1.0,0.000211,0.00085,1.6e-05,0.000866,1.0,0.000866
updated,taxonomy,parse_mmseqs_easy_taxonomy_SILVA,1.0.1,27.0,./microbial/210615_391_A1_S1.0.1/mmseqs/splits/027/nuc/parse_mmseqs_easy_taxonomy_SILVA.benchmark.txt,2,0.99,1.11,230.61,1.121212,2.0,0.00055,0.002214,2.7e-05,0.002241,2.0,0.002241
updated,taxonomy,mmseqs_easy_taxonomy_vs_SILVA,1.0.1,27.0,./microbial/210615_391_A1_S1.0.1/mmseqs/splits/027/nuc/mmseqs_easy_taxonomy_vs_SILVA.benchmark.txt,10,323.65,2846.76,11139.07,8.795798,10.0,0.899028,3.618587,0.428989,4.047576,10.0,4.047576
updated,taxonomy,mmseqs_bestmatch_db,1.0.1,73.0,./microbial/210615_391_A1_S1.0.1/mmseqs/splits/073/mmseqs_bestmatch_db.benchmark.txt,1,0.75,0.21,55.21,0.28,1.0,0.000208,0.000839,5e-06,0.000843,1.0,0.000843
updated,taxonomy,parse_mmseqs_easy_taxonomy_SILVA,1.0.1,73.0,./microbial/210615_391_A1_S1.0.1/mmseqs/splits/073/nuc/parse_mmseqs_easy_taxonomy_SILVA.benchmark.txt,2,5.4,1.2,215.43,0.222222,2.0,0.003,0.012075,0.000138,0.012213,2.0,0.012213
updated,taxonomy,mmseqs_easy_taxonomy_vs_SILVA,1.0.1,73.0,./microbial/210615_391_A1_S1.0.1/mmseqs/splits/073/nuc/mmseqs_easy_taxonomy_vs_SILVA.benchmark.txt,10,261.7,2230.27,11183.01,8.522239,10.0,0.726944,2.925951,0.348244,3.274196,10.0,3.274196
updated,taxonomy,mmseqs_bestmatch_db,1.0.1,120.0,./microbial/210615_391_A1_S1.0.1/mmseqs/splits/120/mmseqs_bestmatch_db.benchmark.txt,1,2.48,0.82,178.54,0.330645,1.0,0.000689,0.002773,5.3e-05,0.002825,1.0,0.002825
updated,taxonomy,parse_mmseqs_easy_taxonomy_SILVA,1.0.1,120.0,./microbial/210615_391_A1_S1.0.1/mmseqs/splits/120/nuc/parse_mmseqs_easy_taxonomy_SILVA.benchmark.txt,2,0.98,0.85,232.84,0.867347,2.0,0.000544,0.002191,2.7e-05,0.002219,2.0,0.002219
updated,taxonomy,mmseqs_easy_taxonomy_vs_SILVA,1.0.1,120.0,./microbial/210615_391_A1_S1.0.1/mmseqs/splits/120/nuc/mmseqs_easy_taxonomy_vs_SILVA.benchmark.txt,10,273.7,2519.1,11187.68,9.203873,10.0,0.760278,3.060118,0.364365,3.424483,10.0,3.424483
updated,taxonomy,mmseqs_bestmatch_db,1.0.1,125.0,./microbial/210615_391_A1_S1.0.1/mmseqs/splits/125/mmseqs_bestmatch_db.benchmark.txt,1,0.68,0.09,37.27,0.132353,1.0,0.000189,0.00076,3e-06,0.000763,1.0,0.000763
updated,taxonomy,parse_mmseqs_easy_taxonomy_SILVA,1.0.1,125.0,./microbial/210615_391_A1_S1.0.1/mmseqs/splits/125/nuc/parse_mmseqs_easy_taxonomy_SILVA.benchmark.txt,2,2.58,1.15,201.55,0.445736,2.0,0.001433,0.005769,6.2e-05,0.005831,2.0,0.005831
updated,taxonomy,mmseqs_easy_taxonomy_vs_SILVA,1.0.1,125.0,./microbial/210615_391_A1_S1.0.1/mmseqs/splits/125/nuc/mmseqs_easy_taxonomy_vs_SILVA.benchmark.txt,10,289.57,2510.76,11170.25,8.67065,10.0,0.804361,3.237553,0.384891,3.622445,10.0,3.622445
updated,taxonomy,mmseqs_bestmatch_db,1.0.1,18.0,./microbial/210615_391_A1_S1.0.1/mmseqs/splits/018/mmseqs_bestmatch_db.benchmark.txt,1,0.73,0.11,39.36,0.150685,1.0,0.000203,0.000816,3e-06,0.00082,1.0,0.00082
updated,taxonomy,parse_mmseqs_easy_taxonomy_SILVA,1.0.1,18.0,./microbial/210615_391_A1_S1.0.1/mmseqs/splits/018/nuc/parse_mmseqs_easy_taxonomy_SILVA.benchmark.txt,2,2.06,0.35,92.56,0.169903,2.0,0.001144,0.004606,2.3e-05,0.004629,2.0,0.004629
updated,taxonomy,mmseqs_easy_taxonomy_vs_SILVA,1.0.1,18.0,./microbial/210615_391_A1_S1.0.1/mmseqs/splits/018/nuc/mmseqs_easy_taxonomy_vs_SILVA.benchmark.txt,10,273.91,2511.24,11173.66,9.168121,10.0,0.760861,3.062466,0.364187,3.426653,10.0,3.426653
updated,taxonomy,mmseqs_bestmatch_db,1.0.1,59.0,./microbial/210615_391_A1_S1.0.1/mmseqs/splits/059/mmseqs_bestmatch_db.benchmark.txt,1,1.95,0.7,168.95,0.358974,1.0,0.000542,0.00218,3.9e-05,0.002219,1.0,0.002219
updated,taxonomy,parse_mmseqs_easy_taxonomy_SILVA,1.0.1,59.0,./microbial/210615_391_A1_S1.0.1/mmseqs/splits/059/nuc/parse_mmseqs_easy_taxonomy_SILVA.benchmark.txt,2,0.86,1.0,236.9,1.162791,2.0,0.000478,0.001923,2.4e-05,0.001947,2.0,0.001947
updated,taxonomy,mmseqs_easy_taxonomy_vs_SILVA,1.0.1,59.0,./microbial/210615_391_A1_S1.0.1/mmseqs/splits/059/nuc/mmseqs_easy_taxonomy_vs_SILVA.benchmark.txt,10,299.59,2530.64,11162.93,8.447011,10.0,0.832194,3.349583,0.397949,3.747531,10.0,3.747531
updated,taxonomy,mmseqs_bestmatch_db,1.0.1,6.0,./microbial/210615_391_A1_S1.0.1/mmseqs/splits/006/mmseqs_bestmatch_db.benchmark.txt,1,0.88,0.79,182.69,0.897727,1.0,0.000244,0.000984,1.9e-05,0.001003,1.0,0.001003
updated,taxonomy,parse_mmseqs_easy_taxonomy_SILVA,1.0.1,6.0,./microbial/210615_391_A1_S1.0.1/mmseqs/splits/006/nuc/parse_mmseqs_easy_taxonomy_SILVA.benchmark.txt,2,0.75,0.36,138.68,0.48,2.0,0.000417,0.001677,1.2e-05,0.001689,2.0,0.001689
updated,taxonomy,mmseqs_easy_taxonomy_vs_SILVA,1.0.1,6.0,./microbial/210615_391_A1_S1.0.1/mmseqs/splits/006/nuc/mmseqs_easy_taxonomy_vs_SILVA.benchmark.txt,10,327.19,2831.74,11147.99,8.654727,10.0,0.908861,3.658166,0.434028,4.092194,10.0,4.092194
updated,taxonomy,mmseqs_bestmatch_db,1.0.1,115.0,./microbial/210615_391_A1_S1.0.1/mmseqs/splits/115/mmseqs_bestmatch_db.benchmark.txt,1,0.7,0.66,182.84,0.942857,1.0,0.000194,0.000783,1.5e-05,0.000798,1.0,0.000798
updated,taxonomy,parse_mmseqs_easy_taxonomy_SILVA,1.0.1,115.0,./microbial/210615_391_A1_S1.0.1/mmseqs/splits/115/nuc/parse_mmseqs_easy_taxonomy_SILVA.benchmark.txt,2,0.88,0.99,234.89,1.125,2.0,0.000489,0.001968,2.5e-05,0.001992,2.0,0.001992
updated,taxonomy,mmseqs_easy_taxonomy_vs_SILVA,1.0.1,115.0,./microbial/210615_391_A1_S1.0.1/mmseqs/splits/115/nuc/mmseqs_easy_taxonomy_vs_SILVA.benchmark.txt,10,279.38,2508.29,11136.29,8.978059,10.0,0.776056,3.123624,0.370218,3.493842,10.0,3.493842
updated,taxonomy,mmseqs_bestmatch_db,1.0.1,72.0,./microbial/210615_391_A1_S1.0.1/mmseqs/splits/072/mmseqs_bestmatch_db.benchmark.txt,1,1.21,0.47,154.89,0.38843,1.0,0.000336,0.001353,2.2e-05,0.001375,1.0,0.001375
updated,taxonomy,parse_mmseqs_easy_taxonomy_SILVA,1.0.1,72.0,./microbial/210615_391_A1_S1.0.1/mmseqs/splits/072/nuc/parse_mmseqs_easy_taxonomy_SILVA.benchmark.txt,2,0.87,0.89,226.11,1.022989,2.0,0.000483,0.001945,2.3e-05,0.001969,2.0,0.001969
updated,taxonomy,mmseqs_easy_taxonomy_vs_SILVA,1.0.1,72.0,./microbial/210615_391_A1_S1.0.1/mmseqs/splits/072/nuc/mmseqs_easy_taxonomy_vs_SILVA.benchmark.txt,10,253.5,2213.61,11129.84,8.732189,10.0,0.704167,2.834271,0.335729,3.17,10.0,3.17
updated,taxonomy,mmseqs_bestmatch_db,1.0.1,103.0,./microbial/210615_391_A1_S1.0.1/mmseqs/splits/103/mmseqs_bestmatch_db.benchmark.txt,1,0.69,0.09,37.3,0.130435,1.0,0.000192,0.000771,3e-06,0.000775,1.0,0.000775
updated,taxonomy,parse_mmseqs_easy_taxonomy_SILVA,1.0.1,103.0,./microbial/210615_391_A1_S1.0.1/mmseqs/splits/103/nuc/parse_mmseqs_easy_taxonomy_SILVA.benchmark.txt,2,2.01,0.56,132.96,0.278607,2.0,0.001117,0.004495,3.2e-05,0.004526,2.0,0.004526
updated,taxonomy,mmseqs_easy_taxonomy_vs_SILVA,1.0.1,103.0,./microbial/210615_391_A1_S1.0.1/mmseqs/splits/103/nuc/mmseqs_easy_taxonomy_vs_SILVA.benchmark.txt,10,344.33,3035.23,11176.66,8.814887,10.0,0.956472,3.849801,0.45794,4.307741,10.0,4.307741
updated,taxonomy,mmseqs_bestmatch_db,1.0.1,99.0,./microbial/210615_391_A1_S1.0.1/mmseqs/splits/099/mmseqs_bestmatch_db.benchmark.txt,1,1.1,0.26,73.6,0.236364,1.0,0.000306,0.00123,1e-05,0.001239,1.0,0.001239
updated,taxonomy,parse_mmseqs_easy_taxonomy_SILVA,1.0.1,99.0,./microbial/210615_391_A1_S1.0.1/mmseqs/splits/099/nuc/parse_mmseqs_easy_taxonomy_SILVA.benchmark.txt,2,8.24,1.23,220.66,0.149272,2.0,0.004578,0.018426,0.000216,0.018642,2.0,0.018642
updated,taxonomy,mmseqs_easy_taxonomy_vs_SILVA,1.0.1,99.0,./microbial/210615_391_A1_S1.0.1/mmseqs/splits/099/nuc/mmseqs_easy_taxonomy_vs_SILVA.benchmark.txt,10,274.93,2517.11,11174.93,9.155458,10.0,0.763694,3.07387,0.365585,3.439455,10.0,3.439455
updated,taxonomy,mmseqs_bestmatch_db,1.0.1,126.0,./microbial/210615_391_A1_S1.0.1/mmseqs/splits/126/mmseqs_bestmatch_db.benchmark.txt,1,0.71,0.09,38.21,0.126761,1.0,0.000197,0.000794,3e-06,0.000797,1.0,0.000797
updated,taxonomy,parse_mmseqs_easy_taxonomy_SILVA,1.0.1,126.0,./microbial/210615_391_A1_S1.0.1/mmseqs/splits/126/nuc/parse_mmseqs_easy_taxonomy_SILVA.benchmark.txt,2,0.86,0.98,235.56,1.139535,2.0,0.000478,0.001923,2.4e-05,0.001947,2.0,0.001947
updated,taxonomy,mmseqs_easy_taxonomy_vs_SILVA,1.0.1,126.0,./microbial/210615_391_A1_S1.0.1/mmseqs/splits/126/nuc/mmseqs_easy_taxonomy_vs_SILVA.benchmark.txt,10,309.74,2792.51,11134.6,9.015658,10.0,0.860389,3.463065,0.410387,3.873452,10.0,3.873452
updated,taxonomy,mmseqs_bestmatch_db,1.0.1,94.0,./microbial/210615_391_A1_S1.0.1/mmseqs/splits/094/mmseqs_bestmatch_db.benchmark.txt,1,1.49,0.56,175.84,0.375839,1.0,0.000414,0.001666,3.1e-05,0.001697,1.0,0.001697
updated,taxonomy,parse_mmseqs_easy_taxonomy_SILVA,1.0.1,94.0,./microbial/210615_391_A1_S1.0.1/mmseqs/splits/094/nuc/parse_mmseqs_easy_taxonomy_SILVA.benchmark.txt,2,5.62,1.27,242.31,0.225979,2.0,0.003122,0.012567,0.000162,0.012729,2.0,0.012729
updated,taxonomy,mmseqs_easy_taxonomy_vs_SILVA,1.0.1,94.0,./microbial/210615_391_A1_S1.0.1/mmseqs/splits/094/nuc/mmseqs_easy_taxonomy_vs_SILVA.benchmark.txt,10,274.08,2513.03,11188.33,9.168965,10.0,0.761333,3.064367,0.364892,3.429259,10.0,3.429259
updated,taxonomy,mmseqs_bestmatch_db,1.0.1,28.0,./microbial/210615_391_A1_S1.0.1/mmseqs/splits/028/mmseqs_bestmatch_db.benchmark.txt,1,0.74,0.59,176.12,0.797297,1.0,0.000206,0.000827,1.6e-05,0.000843,1.0,0.000843
updated,taxonomy,parse_mmseqs_easy_taxonomy_SILVA,1.0.1,28.0,./microbial/210615_391_A1_S1.0.1/mmseqs/splits/028/nuc/parse_mmseqs_easy_taxonomy_SILVA.benchmark.txt,2,1.14,0.69,197.48,0.605263,2.0,0.000633,0.002549,2.7e-05,0.002576,2.0,0.002576
updated,taxonomy,mmseqs_easy_taxonomy_vs_SILVA,1.0.1,28.0,./microbial/210615_391_A1_S1.0.1/mmseqs/splits/028/nuc/mmseqs_easy_taxonomy_vs_SILVA.benchmark.txt,10,286.52,2527.35,11128.72,8.82085,10.0,0.795889,3.203453,0.379421,3.582874,10.0,3.582874
updated,taxonomy,mmseqs_bestmatch_db,1.0.1,22.0,./microbial/210615_391_A1_S1.0.1/mmseqs/splits/022/mmseqs_bestmatch_db.benchmark.txt,1,0.57,0.08,36.64,0.140351,1.0,0.000158,0.000637,2e-06,0.00064,1.0,0.00064
updated,taxonomy,parse_mmseqs_easy_taxonomy_SILVA,1.0.1,22.0,./microbial/210615_391_A1_S1.0.1/mmseqs/splits/022/nuc/parse_mmseqs_easy_taxonomy_SILVA.benchmark.txt,2,0.92,0.83,224.67,0.902174,2.0,0.000511,0.002057,2.5e-05,0.002082,2.0,0.002082
updated,taxonomy,mmseqs_easy_taxonomy_vs_SILVA,1.0.1,22.0,./microbial/210615_391_A1_S1.0.1/mmseqs/splits/022/nuc/mmseqs_easy_taxonomy_vs_SILVA.benchmark.txt,10,318.66,2798.86,11174.95,8.783217,10.0,0.885167,3.562796,0.423735,3.986531,10.0,3.986531
updated,taxonomy,mmseqs_bestmatch_db,1.0.1,133.0,./microbial/210615_391_A1_S1.0.1/mmseqs/splits/133/mmseqs_bestmatch_db.benchmark.txt,1,0.5,0.09,37.9,0.18,1.0,0.000139,0.000559,2e-06,0.000561,1.0,0.000561
updated,taxonomy,parse_mmseqs_easy_taxonomy_SILVA,1.0.1,133.0,./microbial/210615_391_A1_S1.0.1/mmseqs/splits/133/nuc/parse_mmseqs_easy_taxonomy_SILVA.benchmark.txt,2,2.02,0.93,215.82,0.460396,2.0,0.001122,0.004517,5.2e-05,0.004569,2.0,0.004569
updated,taxonomy,mmseqs_easy_taxonomy_vs_SILVA,1.0.1,133.0,./microbial/210615_391_A1_S1.0.1/mmseqs/splits/133/nuc/mmseqs_easy_taxonomy_vs_SILVA.benchmark.txt,10,192.33,1582.05,11114.7,8.225706,10.0,0.53425,2.150356,0.25437,2.404727,10.0,2.404727
updated,taxonomy,mmseqs_bestmatch_db,1.0.1,76.0,./microbial/210615_391_A1_S1.0.1/mmseqs/splits/076/mmseqs_bestmatch_db.benchmark.txt,1,0.6,0.09,37.8,0.15,1.0,0.000167,0.000671,3e-06,0.000674,1.0,0.000674
updated,taxonomy,parse_mmseqs_easy_taxonomy_SILVA,1.0.1,76.0,./microbial/210615_391_A1_S1.0.1/mmseqs/splits/076/nuc/parse_mmseqs_easy_taxonomy_SILVA.benchmark.txt,2,0.93,0.94,230.11,1.010753,2.0,0.000517,0.00208,2.5e-05,0.002105,2.0,0.002105
updated,taxonomy,mmseqs_easy_taxonomy_vs_SILVA,1.0.1,76.0,./microbial/210615_391_A1_S1.0.1/mmseqs/splits/076/nuc/mmseqs_easy_taxonomy_vs_SILVA.benchmark.txt,10,270.64,2511.11,11175.36,9.278414,10.0,0.751778,3.025906,0.359894,3.3858,10.0,3.3858
updated,taxonomy,mmseqs_bestmatch_db,1.0.1,75.0,./microbial/210615_391_A1_S1.0.1/mmseqs/splits/075/mmseqs_bestmatch_db.benchmark.txt,1,0.64,0.09,37.0,0.140625,1.0,0.000178,0.000716,3e-06,0.000718,1.0,0.000718
updated,taxonomy,parse_mmseqs_easy_taxonomy_SILVA,1.0.1,75.0,./microbial/210615_391_A1_S1.0.1/mmseqs/splits/075/nuc/parse_mmseqs_easy_taxonomy_SILVA.benchmark.txt,2,0.83,0.36,116.76,0.433735,2.0,0.000461,0.001856,1.2e-05,0.001868,2.0,0.001868
updated,taxonomy,mmseqs_easy_taxonomy_vs_SILVA,1.0.1,75.0,./microbial/210615_391_A1_S1.0.1/mmseqs/splits/075/nuc/mmseqs_easy_taxonomy_vs_SILVA.benchmark.txt,10,276.47,2506.59,11170.71,9.066409,10.0,0.767972,3.091088,0.367494,3.458582,10.0,3.458582
updated,taxonomy,mmseqs_bestmatch_db,1.0.1,108.0,./microbial/210615_391_A1_S1.0.1/mmseqs/splits/108/mmseqs_bestmatch_db.benchmark.txt,1,0.61,0.11,40.77,0.180328,1.0,0.000169,0.000682,3e-06,0.000685,1.0,0.000685
updated,taxonomy,parse_mmseqs_easy_taxonomy_SILVA,1.0.1,108.0,./microbial/210615_391_A1_S1.0.1/mmseqs/splits/108/nuc/parse_mmseqs_easy_taxonomy_SILVA.benchmark.txt,2,1.82,0.54,185.61,0.296703,2.0,0.001011,0.00407,4e-05,0.00411,2.0,0.00411
updated,taxonomy,mmseqs_easy_taxonomy_vs_SILVA,1.0.1,108.0,./microbial/210615_391_A1_S1.0.1/mmseqs/splits/108/nuc/mmseqs_easy_taxonomy_vs_SILVA.benchmark.txt,10,296.42,2507.44,11166.39,8.459078,10.0,0.823389,3.31414,0.39386,3.708,10.0,3.708
updated,taxonomy,mmseqs_bestmatch_db,1.0.1,9.0,./microbial/210615_391_A1_S1.0.1/mmseqs/splits/009/mmseqs_bestmatch_db.benchmark.txt,1,0.66,0.08,36.28,0.121212,1.0,0.000183,0.000738,3e-06,0.000741,1.0,0.000741
updated,taxonomy,parse_mmseqs_easy_taxonomy_SILVA,1.0.1,9.0,./microbial/210615_391_A1_S1.0.1/mmseqs/splits/009/nuc/parse_mmseqs_easy_taxonomy_SILVA.benchmark.txt,2,0.89,0.41,135.52,0.460674,2.0,0.000494,0.00199,1.4e-05,0.002004,2.0,0.002004
updated,taxonomy,mmseqs_easy_taxonomy_vs_SILVA,1.0.1,9.0,./microbial/210615_391_A1_S1.0.1/mmseqs/splits/009/nuc/mmseqs_easy_taxonomy_vs_SILVA.benchmark.txt,10,278.43,2521.05,11179.69,9.05452,10.0,0.773417,3.113002,0.370397,3.483399,10.0,3.483399
updated,taxonomy,mmseqs_bestmatch_db,1.0.1,87.0,./microbial/210615_391_A1_S1.0.1/mmseqs/splits/087/mmseqs_bestmatch_db.benchmark.txt,1,1.58,0.54,166.56,0.341772,1.0,0.000439,0.001767,3.1e-05,0.001798,1.0,0.001798
updated,taxonomy,parse_mmseqs_easy_taxonomy_SILVA,1.0.1,87.0,./microbial/210615_391_A1_S1.0.1/mmseqs/splits/087/nuc/parse_mmseqs_easy_taxonomy_SILVA.benchmark.txt,2,1.16,0.92,201.03,0.793103,2.0,0.000644,0.002594,2.8e-05,0.002622,2.0,0.002622
updated,taxonomy,mmseqs_easy_taxonomy_vs_SILVA,1.0.1,87.0,./microbial/210615_391_A1_S1.0.1/mmseqs/splits/087/nuc/mmseqs_easy_taxonomy_vs_SILVA.benchmark.txt,10,342.88,3128.93,11141.56,9.125437,10.0,0.952444,3.833589,0.454579,4.288168,10.0,4.288168
updated,taxonomy,mmseqs_bestmatch_db,1.0.1,11.0,./microbial/210615_391_A1_S1.0.1/mmseqs/splits/011/mmseqs_bestmatch_db.benchmark.txt,1,0.79,0.69,184.28,0.873418,1.0,0.000219,0.000883,1.7e-05,0.000901,1.0,0.000901
updated,taxonomy,parse_mmseqs_easy_taxonomy_SILVA,1.0.1,11.0,./microbial/210615_391_A1_S1.0.1/mmseqs/splits/011/nuc/parse_mmseqs_easy_taxonomy_SILVA.benchmark.txt,2,0.83,0.39,133.75,0.46988,2.0,0.000461,0.001856,1.3e-05,0.001869,2.0,0.001869
updated,taxonomy,mmseqs_easy_taxonomy_vs_SILVA,1.0.1,11.0,./microbial/210615_391_A1_S1.0.1/mmseqs/splits/011/nuc/mmseqs_easy_taxonomy_vs_SILVA.benchmark.txt,10,312.73,2842.76,11135.0,9.090142,10.0,0.868694,3.496495,0.414363,3.910859,10.0,3.910859
updated,taxonomy,mmseqs_bestmatch_db,1.0.1,53.0,./microbial/210615_391_A1_S1.0.1/mmseqs/splits/053/mmseqs_bestmatch_db.benchmark.txt,1,0.92,0.45,174.48,0.48913,1.0,0.000256,0.001029,1.9e-05,0.001048,1.0,0.001048
updated,taxonomy,parse_mmseqs_easy_taxonomy_SILVA,1.0.1,53.0,./microbial/210615_391_A1_S1.0.1/mmseqs/splits/053/nuc/parse_mmseqs_easy_taxonomy_SILVA.benchmark.txt,2,0.88,0.98,235.22,1.113636,2.0,0.000489,0.001968,2.5e-05,0.001992,2.0,0.001992
updated,taxonomy,mmseqs_easy_taxonomy_vs_SILVA,1.0.1,53.0,./microbial/210615_391_A1_S1.0.1/mmseqs/splits/053/nuc/mmseqs_easy_taxonomy_vs_SILVA.benchmark.txt,10,289.49,2486.01,11186.98,8.587551,10.0,0.804139,3.236659,0.385361,3.62202,10.0,3.62202
updated,taxonomy,mmseqs_bestmatch_db,1.0.1,112.0,./microbial/210615_391_A1_S1.0.1/mmseqs/splits/112/mmseqs_bestmatch_db.benchmark.txt,1,3.55,0.6,171.61,0.169014,1.0,0.000986,0.003969,7.2e-05,0.004042,1.0,0.004042
updated,taxonomy,parse_mmseqs_easy_taxonomy_SILVA,1.0.1,112.0,./microbial/210615_391_A1_S1.0.1/mmseqs/splits/112/nuc/parse_mmseqs_easy_taxonomy_SILVA.benchmark.txt,2,0.93,0.87,230.79,0.935484,2.0,0.000517,0.00208,2.6e-05,0.002105,2.0,0.002105
updated,taxonomy,mmseqs_easy_taxonomy_vs_SILVA,1.0.1,112.0,./microbial/210615_391_A1_S1.0.1/mmseqs/splits/112/nuc/mmseqs_easy_taxonomy_vs_SILVA.benchmark.txt,10,278.81,2490.2,11163.17,8.93153,10.0,0.774472,3.117251,0.370354,3.487605,10.0,3.487605
updated,taxonomy,mmseqs_bestmatch_db,1.0.1,129.0,./microbial/210615_391_A1_S1.0.1/mmseqs/splits/129/mmseqs_bestmatch_db.benchmark.txt,1,0.73,0.1,38.05,0.136986,1.0,0.000203,0.000816,3e-06,0.000819,1.0,0.000819
updated,taxonomy,parse_mmseqs_easy_taxonomy_SILVA,1.0.1,129.0,./microbial/210615_391_A1_S1.0.1/mmseqs/splits/129/nuc/parse_mmseqs_easy_taxonomy_SILVA.benchmark.txt,2,0.8,0.36,117.72,0.45,2.0,0.000444,0.001789,1.1e-05,0.0018,2.0,0.0018
updated,taxonomy,mmseqs_easy_taxonomy_vs_SILVA,1.0.1,129.0,./microbial/210615_391_A1_S1.0.1/mmseqs/splits/129/nuc/mmseqs_easy_taxonomy_vs_SILVA.benchmark.txt,10,260.43,2233.14,11178.79,8.574819,10.0,0.723417,2.911752,0.346424,3.258176,10.0,3.258176
updated,taxonomy,mmseqs_bestmatch_db,1.0.1,66.0,./microbial/210615_391_A1_S1.0.1/mmseqs/splits/066/mmseqs_bestmatch_db.benchmark.txt,1,1.89,0.71,183.25,0.375661,1.0,0.000525,0.002113,4.1e-05,0.002154,1.0,0.002154
updated,taxonomy,parse_mmseqs_easy_taxonomy_SILVA,1.0.1,66.0,./microbial/210615_391_A1_S1.0.1/mmseqs/splits/066/nuc/parse_mmseqs_easy_taxonomy_SILVA.benchmark.txt,2,1.22,1.01,202.99,0.827869,2.0,0.000678,0.002728,2.9e-05,0.002758,2.0,0.002758
updated,taxonomy,mmseqs_easy_taxonomy_vs_SILVA,1.0.1,66.0,./microbial/210615_391_A1_S1.0.1/mmseqs/splits/066/nuc/mmseqs_easy_taxonomy_vs_SILVA.benchmark.txt,10,358.89,3085.88,11151.34,8.598401,10.0,0.996917,4.01259,0.476223,4.488812,10.0,4.488812
updated,taxonomy,mmseqs_bestmatch_db,1.0.1,25.0,./microbial/210615_391_A1_S1.0.1/mmseqs/splits/025/mmseqs_bestmatch_db.benchmark.txt,1,0.64,0.09,37.59,0.140625,1.0,0.000178,0.000716,3e-06,0.000718,1.0,0.000718
updated,taxonomy,parse_mmseqs_easy_taxonomy_SILVA,1.0.1,25.0,./microbial/210615_391_A1_S1.0.1/mmseqs/splits/025/nuc/parse_mmseqs_easy_taxonomy_SILVA.benchmark.txt,2,0.8,0.34,119.98,0.425,2.0,0.000444,0.001789,1.1e-05,0.0018,2.0,0.0018
updated,taxonomy,mmseqs_easy_taxonomy_vs_SILVA,1.0.1,25.0,./microbial/210615_391_A1_S1.0.1/mmseqs/splits/025/nuc/mmseqs_easy_taxonomy_vs_SILVA.benchmark.txt,10,319.43,2814.69,11196.37,8.811602,10.0,0.887306,3.571405,0.425573,3.996978,10.0,3.996978
updated,taxonomy,mmseqs_bestmatch_db,1.0.1,122.0,./microbial/210615_391_A1_S1.0.1/mmseqs/splits/122/mmseqs_bestmatch_db.benchmark.txt,1,0.93,0.4,161.66,0.430108,1.0,0.000258,0.00104,1.8e-05,0.001058,1.0,0.001058
updated,taxonomy,parse_mmseqs_easy_taxonomy_SILVA,1.0.1,122.0,./microbial/210615_391_A1_S1.0.1/mmseqs/splits/122/nuc/parse_mmseqs_easy_taxonomy_SILVA.benchmark.txt,2,3.88,1.25,233.55,0.322165,2.0,0.002156,0.008676,0.000108,0.008784,2.0,0.008784
updated,taxonomy,mmseqs_easy_taxonomy_vs_SILVA,1.0.1,122.0,./microbial/210615_391_A1_S1.0.1/mmseqs/splits/122/nuc/mmseqs_easy_taxonomy_vs_SILVA.benchmark.txt,10,279.78,2535.73,11141.82,9.0633,10.0,0.777167,3.128096,0.370932,3.499028,10.0,3.499028
updated,taxonomy,mmseqs_bestmatch_db,1.0.1,104.0,./microbial/210615_391_A1_S1.0.1/mmseqs/splits/104/mmseqs_bestmatch_db.benchmark.txt,1,0.6,0.09,28.73,0.15,1.0,0.000167,0.000671,2e-06,0.000673,1.0,0.000673
updated,taxonomy,parse_mmseqs_easy_taxonomy_SILVA,1.0.1,104.0,./microbial/210615_391_A1_S1.0.1/mmseqs/splits/104/nuc/parse_mmseqs_easy_taxonomy_SILVA.benchmark.txt,2,2.32,1.1,211.68,0.474138,2.0,0.001289,0.005188,5.8e-05,0.005246,2.0,0.005246
updated,taxonomy,mmseqs_easy_taxonomy_vs_SILVA,1.0.1,104.0,./microbial/210615_391_A1_S1.0.1/mmseqs/splits/104/nuc/mmseqs_easy_taxonomy_vs_SILVA.benchmark.txt,10,339.96,3109.1,11160.49,9.145488,10.0,0.944333,3.800942,0.451474,4.252416,10.0,4.252416
updated,taxonomy,mmseqs_bestmatch_db,1.0.1,7.0,./microbial/210615_391_A1_S1.0.1/mmseqs/splits/007/mmseqs_bestmatch_db.benchmark.txt,1,0.71,0.08,36.49,0.112676,1.0,0.000197,0.000794,3e-06,0.000797,1.0,0.000797
updated,taxonomy,parse_mmseqs_easy_taxonomy_SILVA,1.0.1,7.0,./microbial/210615_391_A1_S1.0.1/mmseqs/splits/007/nuc/parse_mmseqs_easy_taxonomy_SILVA.benchmark.txt,2,0.75,0.09,40.46,0.12,2.0,0.000417,0.001677,4e-06,0.001681,2.0,0.001681
updated,taxonomy,mmseqs_easy_taxonomy_vs_SILVA,1.0.1,7.0,./microbial/210615_391_A1_S1.0.1/mmseqs/splits/007/nuc/mmseqs_easy_taxonomy_vs_SILVA.benchmark.txt,10,324.75,2799.66,11171.81,8.62097,10.0,0.902083,3.630885,0.431712,4.062598,10.0,4.062598
updated,taxonomy,mmseqs_bestmatch_db,1.0.1,14.0,./microbial/210615_391_A1_S1.0.1/mmseqs/splits/014/mmseqs_bestmatch_db.benchmark.txt,1,2.22,0.36,105.11,0.162162,1.0,0.000617,0.002482,2.8e-05,0.00251,1.0,0.00251
updated,taxonomy,parse_mmseqs_easy_taxonomy_SILVA,1.0.1,14.0,./microbial/210615_391_A1_S1.0.1/mmseqs/splits/014/nuc/parse_mmseqs_easy_taxonomy_SILVA.benchmark.txt,2,0.77,0.35,132.82,0.454545,2.0,0.000428,0.001722,1.2e-05,0.001734,2.0,0.001734
updated,taxonomy,mmseqs_easy_taxonomy_vs_SILVA,1.0.1,14.0,./microbial/210615_391_A1_S1.0.1/mmseqs/splits/014/nuc/mmseqs_easy_taxonomy_vs_SILVA.benchmark.txt,10,273.94,2530.44,11200.22,9.237205,10.0,0.760944,3.062801,0.365093,3.427894,10.0,3.427894
updated,taxonomy,mmseqs_bestmatch_db,1.0.1,90.0,./microbial/210615_391_A1_S1.0.1/mmseqs/splits/090/mmseqs_bestmatch_db.benchmark.txt,1,1.84,0.31,80.77,0.168478,1.0,0.000511,0.002057,1.8e-05,0.002075,1.0,0.002075
updated,taxonomy,parse_mmseqs_easy_taxonomy_SILVA,1.0.1,90.0,./microbial/210615_391_A1_S1.0.1/mmseqs/splits/090/nuc/parse_mmseqs_easy_taxonomy_SILVA.benchmark.txt,2,2.5,0.56,182.69,0.224,2.0,0.001389,0.00559,5.4e-05,0.005645,2.0,0.005645
updated,taxonomy,mmseqs_easy_taxonomy_vs_SILVA,1.0.1,90.0,./microbial/210615_391_A1_S1.0.1/mmseqs/splits/090/nuc/mmseqs_easy_taxonomy_vs_SILVA.benchmark.txt,10,289.54,2508.94,11184.55,8.665262,10.0,0.804278,3.237218,0.385344,3.622562,10.0,3.622562
updated,taxonomy,mmseqs_bestmatch_db,1.0.1,48.0,./microbial/210615_391_A1_S1.0.1/mmseqs/splits/048/mmseqs_bestmatch_db.benchmark.txt,1,1.02,0.42,146.66,0.411765,1.0,0.000283,0.00114,1.8e-05,0.001158,1.0,0.001158
updated,taxonomy,parse_mmseqs_easy_taxonomy_SILVA,1.0.1,48.0,./microbial/210615_391_A1_S1.0.1/mmseqs/splits/048/nuc/parse_mmseqs_easy_taxonomy_SILVA.benchmark.txt,2,1.13,1.11,210.43,0.982301,2.0,0.000628,0.002527,2.8e-05,0.002555,2.0,0.002555
updated,taxonomy,mmseqs_easy_taxonomy_vs_SILVA,1.0.1,48.0,./microbial/210615_391_A1_S1.0.1/mmseqs/splits/048/nuc/mmseqs_easy_taxonomy_vs_SILVA.benchmark.txt,10,330.05,3057.11,11165.63,9.262566,10.0,0.916806,3.690142,0.438515,4.128657,10.0,4.128657
updated,taxonomy,mmseqs_bestmatch_db,1.0.1,38.0,./microbial/210615_391_A1_S1.0.1/mmseqs/splits/038/mmseqs_bestmatch_db.benchmark.txt,1,0.77,0.59,181.17,0.766234,1.0,0.000214,0.000861,1.7e-05,0.000878,1.0,0.000878
updated,taxonomy,parse_mmseqs_easy_taxonomy_SILVA,1.0.1,38.0,./microbial/210615_391_A1_S1.0.1/mmseqs/splits/038/nuc/parse_mmseqs_easy_taxonomy_SILVA.benchmark.txt,2,1.0,0.81,208.13,0.81,2.0,0.000556,0.002236,2.5e-05,0.002261,2.0,0.002261
updated,taxonomy,mmseqs_easy_taxonomy_vs_SILVA,1.0.1,38.0,./microbial/210615_391_A1_S1.0.1/mmseqs/splits/038/nuc/mmseqs_easy_taxonomy_vs_SILVA.benchmark.txt,10,273.35,2534.63,11145.19,9.272471,10.0,0.759306,3.056205,0.362517,3.418722,10.0,3.418722
updated,taxonomy,mmseqs_bestmatch_db,1.0.1,70.0,./microbial/210615_391_A1_S1.0.1/mmseqs/splits/070/mmseqs_bestmatch_db.benchmark.txt,1,0.68,0.11,38.68,0.161765,1.0,0.000189,0.00076,3e-06,0.000763,1.0,0.000763
updated,taxonomy,parse_mmseqs_easy_taxonomy_SILVA,1.0.1,70.0,./microbial/210615_391_A1_S1.0.1/mmseqs/splits/070/nuc/parse_mmseqs_easy_taxonomy_SILVA.benchmark.txt,2,0.84,1.0,228.07,1.190476,2.0,0.000467,0.001878,2.3e-05,0.001901,2.0,0.001901
updated,taxonomy,mmseqs_easy_taxonomy_vs_SILVA,1.0.1,70.0,./microbial/210615_391_A1_S1.0.1/mmseqs/splits/070/nuc/mmseqs_easy_taxonomy_vs_SILVA.benchmark.txt,10,273.59,2510.98,11206.53,9.177894,10.0,0.759972,3.058888,0.364832,3.42372,10.0,3.42372
updated,taxonomy,mmseqs_bestmatch_db,1.0.1,50.0,./microbial/210615_391_A1_S1.0.1/mmseqs/splits/050/mmseqs_bestmatch_db.benchmark.txt,1,0.6,0.09,40.17,0.15,1.0,0.000167,0.000671,3e-06,0.000674,1.0,0.000674
updated,taxonomy,parse_mmseqs_easy_taxonomy_SILVA,1.0.1,50.0,./microbial/210615_391_A1_S1.0.1/mmseqs/splits/050/nuc/parse_mmseqs_easy_taxonomy_SILVA.benchmark.txt,2,1.76,0.29,88.52,0.164773,2.0,0.000978,0.003936,1.9e-05,0.003954,2.0,0.003954
updated,taxonomy,mmseqs_easy_taxonomy_vs_SILVA,1.0.1,50.0,./microbial/210615_391_A1_S1.0.1/mmseqs/splits/050/nuc/mmseqs_easy_taxonomy_vs_SILVA.benchmark.txt,10,337.57,3127.76,11137.23,9.265515,10.0,0.937694,3.77422,0.447366,4.221586,10.0,4.221586
updated,taxonomy,mmseqs_bestmatch_db,1.0.1,2.0,./microbial/210615_391_A1_S1.0.1/mmseqs/splits/002/mmseqs_bestmatch_db.benchmark.txt,1,0.64,0.09,36.95,0.140625,1.0,0.000178,0.000716,3e-06,0.000718,1.0,0.000718
updated,taxonomy,parse_mmseqs_easy_taxonomy_SILVA,1.0.1,2.0,./microbial/210615_391_A1_S1.0.1/mmseqs/splits/002/nuc/parse_mmseqs_easy_taxonomy_SILVA.benchmark.txt,2,1.19,0.51,174.8,0.428571,2.0,0.000661,0.002661,2.5e-05,0.002686,2.0,0.002686
updated,taxonomy,mmseqs_easy_taxonomy_vs_SILVA,1.0.1,2.0,./microbial/210615_391_A1_S1.0.1/mmseqs/splits/002/nuc/mmseqs_easy_taxonomy_vs_SILVA.benchmark.txt,10,321.68,2843.36,11134.53,8.839095,10.0,0.893556,3.596561,0.426204,4.022765,10.0,4.022765
updated,taxonomy,mmseqs_bestmatch_db,1.0.1,113.0,./microbial/210615_391_A1_S1.0.1/mmseqs/splits/113/mmseqs_bestmatch_db.benchmark.txt,1,0.78,0.64,175.02,0.820513,1.0,0.000217,0.000872,1.6e-05,0.000888,1.0,0.000888
updated,taxonomy,parse_mmseqs_easy_taxonomy_SILVA,1.0.1,113.0,./microbial/210615_391_A1_S1.0.1/mmseqs/splits/113/nuc/parse_mmseqs_easy_taxonomy_SILVA.benchmark.txt,2,8.12,1.41,160.88,0.173645,2.0,0.004511,0.018157,0.000155,0.018313,2.0,0.018313
updated,taxonomy,mmseqs_easy_taxonomy_vs_SILVA,1.0.1,113.0,./microbial/210615_391_A1_S1.0.1/mmseqs/splits/113/nuc/mmseqs_easy_taxonomy_vs_SILVA.benchmark.txt,10,263.43,2160.7,11194.38,8.202179,10.0,0.73175,2.945294,0.350903,3.296197,10.0,3.296197
updated,taxonomy,mmseqs_bestmatch_db,1.0.1,118.0,./microbial/210615_391_A1_S1.0.1/mmseqs/splits/118/mmseqs_bestmatch_db.benchmark.txt,1,1.0,0.43,166.71,0.43,1.0,0.000278,0.001118,2e-05,0.001138,1.0,0.001138
updated,taxonomy,parse_mmseqs_easy_taxonomy_SILVA,1.0.1,118.0,./microbial/210615_391_A1_S1.0.1/mmseqs/splits/118/nuc/parse_mmseqs_easy_taxonomy_SILVA.benchmark.txt,2,0.94,0.78,208.04,0.829787,2.0,0.000522,0.002102,2.3e-05,0.002125,2.0,0.002125
updated,taxonomy,mmseqs_easy_taxonomy_vs_SILVA,1.0.1,118.0,./microbial/210615_391_A1_S1.0.1/mmseqs/splits/118/nuc/mmseqs_easy_taxonomy_vs_SILVA.benchmark.txt,10,263.27,2209.79,11141.95,8.393626,10.0,0.731306,2.943505,0.349047,3.292552,10.0,3.292552
updated,taxonomy,mmseqs_bestmatch_db,1.0.1,8.0,./microbial/210615_391_A1_S1.0.1/mmseqs/splits/008/mmseqs_bestmatch_db.benchmark.txt,1,0.52,0.1,37.4,0.192308,1.0,0.000144,0.000581,2e-06,0.000584,1.0,0.000584
updated,taxonomy,parse_mmseqs_easy_taxonomy_SILVA,1.0.1,8.0,./microbial/210615_391_A1_S1.0.1/mmseqs/splits/008/nuc/parse_mmseqs_easy_taxonomy_SILVA.benchmark.txt,2,0.84,0.4,117.76,0.47619,2.0,0.000467,0.001878,1.2e-05,0.00189,2.0,0.00189
updated,taxonomy,mmseqs_easy_taxonomy_vs_SILVA,1.0.1,8.0,./microbial/210615_391_A1_S1.0.1/mmseqs/splits/008/nuc/mmseqs_easy_taxonomy_vs_SILVA.benchmark.txt,10,339.93,3075.22,11201.0,9.046627,10.0,0.94425,3.800606,0.453073,4.253679,10.0,4.253679
updated,taxonomy,mmseqs_bestmatch_db,1.0.1,31.0,./microbial/210615_391_A1_S1.0.1/mmseqs/splits/031/mmseqs_bestmatch_db.benchmark.txt,1,1.06,0.38,83.06,0.358491,1.0,0.000294,0.001185,1e-05,0.001196,1.0,0.001196
updated,taxonomy,parse_mmseqs_easy_taxonomy_SILVA,1.0.1,31.0,./microbial/210615_391_A1_S1.0.1/mmseqs/splits/031/nuc/parse_mmseqs_easy_taxonomy_SILVA.benchmark.txt,2,0.8,0.36,128.98,0.45,2.0,0.000444,0.001789,1.2e-05,0.001801,2.0,0.001801
updated,taxonomy,mmseqs_easy_taxonomy_vs_SILVA,1.0.1,31.0,./microbial/210615_391_A1_S1.0.1/mmseqs/splits/031/nuc/mmseqs_easy_taxonomy_vs_SILVA.benchmark.txt,10,377.41,3394.05,11211.81,8.993005,10.0,1.048361,4.219653,0.503513,4.723167,10.0,4.723167
updated,taxonomy,mmseqs_bestmatch_db,1.0.1,42.0,./microbial/210615_391_A1_S1.0.1/mmseqs/splits/042/mmseqs_bestmatch_db.benchmark.txt,1,0.58,0.09,37.14,0.155172,1.0,0.000161,0.000648,3e-06,0.000651,1.0,0.000651
updated,taxonomy,parse_mmseqs_easy_taxonomy_SILVA,1.0.1,42.0,./microbial/210615_391_A1_S1.0.1/mmseqs/splits/042/nuc/parse_mmseqs_easy_taxonomy_SILVA.benchmark.txt,2,2.2,1.1,224.38,0.5,2.0,0.001222,0.004919,5.9e-05,0.004978,2.0,0.004978
updated,taxonomy,mmseqs_easy_taxonomy_vs_SILVA,1.0.1,42.0,./microbial/210615_391_A1_S1.0.1/mmseqs/splits/042/nuc/mmseqs_easy_taxonomy_vs_SILVA.benchmark.txt,10,281.47,2467.38,11181.14,8.76605,10.0,0.781861,3.146991,0.37449,3.521481,10.0,3.521481
updated,taxonomy,mmseqs_bestmatch_db,1.0.1,33.0,./microbial/210615_391_A1_S1.0.1/mmseqs/splits/033/mmseqs_bestmatch_db.benchmark.txt,1,0.78,0.55,179.73,0.705128,1.0,0.000217,0.000872,1.7e-05,0.000889,1.0,0.000889
updated,taxonomy,parse_mmseqs_easy_taxonomy_SILVA,1.0.1,33.0,./microbial/210615_391_A1_S1.0.1/mmseqs/splits/033/nuc/parse_mmseqs_easy_taxonomy_SILVA.benchmark.txt,2,0.88,0.95,228.79,1.079545,2.0,0.000489,0.001968,2.4e-05,0.001992,2.0,0.001992
updated,taxonomy,mmseqs_easy_taxonomy_vs_SILVA,1.0.1,33.0,./microbial/210615_391_A1_S1.0.1/mmseqs/splits/033/nuc/mmseqs_easy_taxonomy_vs_SILVA.benchmark.txt,10,295.95,2519.95,11169.62,8.514783,10.0,0.822083,3.308885,0.393349,3.702235,10.0,3.702235
updated,taxonomy,mmseqs_bestmatch_db,1.0.1,124.0,./microbial/210615_391_A1_S1.0.1/mmseqs/splits/124/mmseqs_bestmatch_db.benchmark.txt,1,0.77,0.56,182.31,0.727273,1.0,0.000214,0.000861,1.7e-05,0.000878,1.0,0.000878
updated,taxonomy,parse_mmseqs_easy_taxonomy_SILVA,1.0.1,124.0,./microbial/210615_391_A1_S1.0.1/mmseqs/splits/124/nuc/parse_mmseqs_easy_taxonomy_SILVA.benchmark.txt,2,4.01,0.62,176.98,0.154613,2.0,0.002228,0.008967,8.4e-05,0.009051,2.0,0.009051
updated,taxonomy,mmseqs_easy_taxonomy_vs_SILVA,1.0.1,124.0,./microbial/210615_391_A1_S1.0.1/mmseqs/splits/124/nuc/mmseqs_easy_taxonomy_vs_SILVA.benchmark.txt,10,279.68,2498.02,11177.05,8.931708,10.0,0.776889,3.126978,0.371972,3.49895,10.0,3.49895
updated,taxonomy,mmseqs_bestmatch_db,1.0.1,111.0,./microbial/210615_391_A1_S1.0.1/mmseqs/splits/111/mmseqs_bestmatch_db.benchmark.txt,1,0.65,0.09,37.9,0.138462,1.0,0.000181,0.000727,3e-06,0.00073,1.0,0.00073
updated,taxonomy,parse_mmseqs_easy_taxonomy_SILVA,1.0.1,111.0,./microbial/210615_391_A1_S1.0.1/mmseqs/splits/111/nuc/parse_mmseqs_easy_taxonomy_SILVA.benchmark.txt,2,3.61,0.67,184.41,0.185596,2.0,0.002006,0.008072,7.9e-05,0.008152,2.0,0.008152
updated,taxonomy,mmseqs_easy_taxonomy_vs_SILVA,1.0.1,111.0,./microbial/210615_391_A1_S1.0.1/mmseqs/splits/111/nuc/mmseqs_easy_taxonomy_vs_SILVA.benchmark.txt,10,306.62,2806.69,11185.08,9.153643,10.0,0.851722,3.428182,0.408095,3.836277,10.0,3.836277
updated,taxonomy,mmseqs_bestmatch_db,1.0.1,69.0,./microbial/210615_391_A1_S1.0.1/mmseqs/splits/069/mmseqs_bestmatch_db.benchmark.txt,1,0.74,0.62,184.05,0.837838,1.0,0.000206,0.000827,1.6e-05,0.000844,1.0,0.000844
updated,taxonomy,parse_mmseqs_easy_taxonomy_SILVA,1.0.1,69.0,./microbial/210615_391_A1_S1.0.1/mmseqs/splits/069/nuc/parse_mmseqs_easy_taxonomy_SILVA.benchmark.txt,2,5.4,1.29,214.73,0.238889,2.0,0.003,0.012075,0.000138,0.012213,2.0,0.012213
updated,taxonomy,mmseqs_easy_taxonomy_vs_SILVA,1.0.1,69.0,./microbial/210615_391_A1_S1.0.1/mmseqs/splits/069/nuc/mmseqs_easy_taxonomy_vs_SILVA.benchmark.txt,10,259.04,2220.16,11171.49,8.570723,10.0,0.719556,2.896211,0.34435,3.240561,10.0,3.240561
updated,taxonomy,mmseqs_bestmatch_db,1.0.1,96.0,./microbial/210615_391_A1_S1.0.1/mmseqs/splits/096/mmseqs_bestmatch_db.benchmark.txt,1,0.76,0.56,184.09,0.736842,1.0,0.000211,0.00085,1.7e-05,0.000866,1.0,0.000866
updated,taxonomy,parse_mmseqs_easy_taxonomy_SILVA,1.0.1,96.0,./microbial/210615_391_A1_S1.0.1/mmseqs/splits/096/nuc/parse_mmseqs_easy_taxonomy_SILVA.benchmark.txt,2,1.26,0.54,171.68,0.428571,2.0,0.0007,0.002817,2.6e-05,0.002843,2.0,0.002843
updated,taxonomy,mmseqs_easy_taxonomy_vs_SILVA,1.0.1,96.0,./microbial/210615_391_A1_S1.0.1/mmseqs/splits/096/nuc/mmseqs_easy_taxonomy_vs_SILVA.benchmark.txt,10,332.73,3086.24,11147.07,9.275509,10.0,0.92425,3.720106,0.441341,4.161447,10.0,4.161447
updated,taxonomy,mmseqs_bestmatch_db,1.0.1,84.0,./microbial/210615_391_A1_S1.0.1/mmseqs/splits/084/mmseqs_bestmatch_db.benchmark.txt,1,1.07,0.29,101.45,0.271028,1.0,0.000297,0.001196,1.3e-05,0.001209,1.0,0.001209
updated,taxonomy,parse_mmseqs_easy_taxonomy_SILVA,1.0.1,84.0,./microbial/210615_391_A1_S1.0.1/mmseqs/splits/084/nuc/parse_mmseqs_easy_taxonomy_SILVA.benchmark.txt,2,3.13,1.62,213.61,0.517572,2.0,0.001739,0.006999,8e-05,0.007079,2.0,0.007079
updated,taxonomy,mmseqs_easy_taxonomy_vs_SILVA,1.0.1,84.0,./microbial/210615_391_A1_S1.0.1/mmseqs/splits/084/nuc/mmseqs_easy_taxonomy_vs_SILVA.benchmark.txt,10,282.2,2483.99,11136.28,8.802232,10.0,0.783889,3.155153,0.373955,3.529107,10.0,3.529107
updated,taxonomy,mmseqs_bestmatch_db,1.0.1,61.0,./microbial/210615_391_A1_S1.0.1/mmseqs/splits/061/mmseqs_bestmatch_db.benchmark.txt,1,2.04,0.82,175.66,0.401961,1.0,0.000567,0.002281,4.3e-05,0.002323,1.0,0.002323
updated,taxonomy,parse_mmseqs_easy_taxonomy_SILVA,1.0.1,61.0,./microbial/210615_391_A1_S1.0.1/mmseqs/splits/061/nuc/parse_mmseqs_easy_taxonomy_SILVA.benchmark.txt,2,0.81,0.09,37.75,0.111111,2.0,0.00045,0.001811,4e-06,0.001815,2.0,0.001815
updated,taxonomy,mmseqs_easy_taxonomy_vs_SILVA,1.0.1,61.0,./microbial/210615_391_A1_S1.0.1/mmseqs/splits/061/nuc/mmseqs_easy_taxonomy_vs_SILVA.benchmark.txt,10,263.39,2225.4,11196.7,8.449068,10.0,0.731639,2.944847,0.350922,3.295769,10.0,3.295769
updated,taxonomy,mmseqs_bestmatch_db,1.0.1,40.0,./microbial/210615_391_A1_S1.0.1/mmseqs/splits/040/mmseqs_bestmatch_db.benchmark.txt,1,0.64,0.09,37.32,0.140625,1.0,0.000178,0.000716,3e-06,0.000718,1.0,0.000718
updated,taxonomy,parse_mmseqs_easy_taxonomy_SILVA,1.0.1,40.0,./microbial/210615_391_A1_S1.0.1/mmseqs/splits/040/nuc/parse_mmseqs_easy_taxonomy_SILVA.benchmark.txt,2,1.19,0.55,184.56,0.462185,2.0,0.000661,0.002661,2.6e-05,0.002687,2.0,0.002687
updated,taxonomy,mmseqs_easy_taxonomy_vs_SILVA,1.0.1,40.0,./microbial/210615_391_A1_S1.0.1/mmseqs/splits/040/nuc/mmseqs_easy_taxonomy_vs_SILVA.benchmark.txt,10,275.02,2511.98,11181.86,9.133808,10.0,0.763944,3.074876,0.365932,3.440808,10.0,3.440808
updated,taxonomy,mmseqs_bestmatch_db,1.0.1,45.0,./microbial/210615_391_A1_S1.0.1/mmseqs/splits/045/mmseqs_bestmatch_db.benchmark.txt,1,1.19,0.29,81.14,0.243697,1.0,0.000331,0.00133,1.1e-05,0.001342,1.0,0.001342
updated,taxonomy,parse_mmseqs_easy_taxonomy_SILVA,1.0.1,45.0,./microbial/210615_391_A1_S1.0.1/mmseqs/splits/045/nuc/parse_mmseqs_easy_taxonomy_SILVA.benchmark.txt,2,0.98,0.87,218.14,0.887755,2.0,0.000544,0.002191,2.5e-05,0.002217,2.0,0.002217
updated,taxonomy,mmseqs_easy_taxonomy_vs_SILVA,1.0.1,45.0,./microbial/210615_391_A1_S1.0.1/mmseqs/splits/045/nuc/mmseqs_easy_taxonomy_vs_SILVA.benchmark.txt,10,324.34,2827.6,11175.77,8.718012,10.0,0.900944,3.626301,0.43132,4.057621,10.0,4.057621
updated,taxonomy,mmseqs_bestmatch_db,1.0.1,47.0,./microbial/210615_391_A1_S1.0.1/mmseqs/splits/047/mmseqs_bestmatch_db.benchmark.txt,1,1.83,0.33,86.93,0.180328,1.0,0.000508,0.002046,1.9e-05,0.002065,1.0,0.002065
updated,taxonomy,parse_mmseqs_easy_taxonomy_SILVA,1.0.1,47.0,./microbial/210615_391_A1_S1.0.1/mmseqs/splits/047/nuc/parse_mmseqs_easy_taxonomy_SILVA.benchmark.txt,2,2.47,0.47,137.27,0.190283,2.0,0.001372,0.005523,4e-05,0.005564,2.0,0.005564
updated,taxonomy,mmseqs_easy_taxonomy_vs_SILVA,1.0.1,47.0,./microbial/210615_391_A1_S1.0.1/mmseqs/splits/047/nuc/mmseqs_easy_taxonomy_vs_SILVA.benchmark.txt,10,313.48,2792.84,11179.26,8.909149,10.0,0.870778,3.504881,0.417008,3.921889,10.0,3.921889
updated,taxonomy,mmseqs_bestmatch_db,1.0.1,17.0,./microbial/210615_391_A1_S1.0.1/mmseqs/splits/017/mmseqs_bestmatch_db.benchmark.txt,1,0.73,0.63,190.23,0.863014,1.0,0.000203,0.000816,1.7e-05,0.000833,1.0,0.000833
updated,taxonomy,parse_mmseqs_easy_taxonomy_SILVA,1.0.1,17.0,./microbial/210615_391_A1_S1.0.1/mmseqs/splits/017/nuc/parse_mmseqs_easy_taxonomy_SILVA.benchmark.txt,2,0.86,0.95,229.09,1.104651,2.0,0.000478,0.001923,2.3e-05,0.001946,2.0,0.001946
updated,taxonomy,mmseqs_easy_taxonomy_vs_SILVA,1.0.1,17.0,./microbial/210615_391_A1_S1.0.1/mmseqs/splits/017/nuc/mmseqs_easy_taxonomy_vs_SILVA.benchmark.txt,10,269.4,2515.14,11148.77,9.33608,10.0,0.748333,3.012042,0.357393,3.369435,10.0,3.369435
updated,taxonomy,mmseqs_bestmatch_db,1.0.1,132.0,./microbial/210615_391_A1_S1.0.1/mmseqs/splits/132/mmseqs_bestmatch_db.benchmark.txt,1,1.95,0.69,170.46,0.353846,1.0,0.000542,0.00218,4e-05,0.00222,1.0,0.00222
updated,taxonomy,parse_mmseqs_easy_taxonomy_SILVA,1.0.1,132.0,./microbial/210615_391_A1_S1.0.1/mmseqs/splits/132/nuc/parse_mmseqs_easy_taxonomy_SILVA.benchmark.txt,2,1.13,0.97,203.35,0.858407,2.0,0.000628,0.002527,2.7e-05,0.002554,2.0,0.002554
updated,taxonomy,mmseqs_easy_taxonomy_vs_SILVA,1.0.1,132.0,./microbial/210615_391_A1_S1.0.1/mmseqs/splits/132/nuc/mmseqs_easy_taxonomy_vs_SILVA.benchmark.txt,10,304.77,2783.51,11172.03,9.13315,10.0,0.846583,3.407498,0.405159,3.812657,10.0,3.812657
updated,taxonomy,mmseqs_bestmatch_db,1.0.1,127.0,./microbial/210615_391_A1_S1.0.1/mmseqs/splits/127/mmseqs_bestmatch_db.benchmark.txt,1,0.67,0.09,37.96,0.134328,1.0,0.000186,0.000749,3e-06,0.000752,1.0,0.000752
updated,taxonomy,parse_mmseqs_easy_taxonomy_SILVA,1.0.1,127.0,./microbial/210615_391_A1_S1.0.1/mmseqs/splits/127/nuc/parse_mmseqs_easy_taxonomy_SILVA.benchmark.txt,2,0.82,0.4,138.27,0.487805,2.0,0.000456,0.001834,1.3e-05,0.001847,2.0,0.001847
updated,taxonomy,mmseqs_easy_taxonomy_vs_SILVA,1.0.1,127.0,./microbial/210615_391_A1_S1.0.1/mmseqs/splits/127/nuc/mmseqs_easy_taxonomy_vs_SILVA.benchmark.txt,10,260.29,2197.37,11183.25,8.442007,10.0,0.723028,2.910187,0.346375,3.256562,10.0,3.256562
updated,taxonomy,mmseqs_bestmatch_db,1.0.1,13.0,./microbial/210615_391_A1_S1.0.1/mmseqs/splits/013/mmseqs_bestmatch_db.benchmark.txt,1,0.89,0.46,164.56,0.516854,1.0,0.000247,0.000995,1.7e-05,0.001012,1.0,0.001012
updated,taxonomy,parse_mmseqs_easy_taxonomy_SILVA,1.0.1,13.0,./microbial/210615_391_A1_S1.0.1/mmseqs/splits/013/nuc/parse_mmseqs_easy_taxonomy_SILVA.benchmark.txt,2,0.89,0.09,37.76,0.101124,2.0,0.000494,0.00199,4e-06,0.001994,2.0,0.001994
updated,taxonomy,mmseqs_easy_taxonomy_vs_SILVA,1.0.1,13.0,./microbial/210615_391_A1_S1.0.1/mmseqs/splits/013/nuc/mmseqs_easy_taxonomy_vs_SILVA.benchmark.txt,10,285.51,2512.33,11157.82,8.799447,10.0,0.793083,3.19216,0.379073,3.571233,10.0,3.571233
updated,taxonomy,mmseqs_bestmatch_db,1.0.1,92.0,./microbial/210615_391_A1_S1.0.1/mmseqs/splits/092/mmseqs_bestmatch_db.benchmark.txt,1,2.16,0.65,164.98,0.300926,1.0,0.0006,0.002415,4.2e-05,0.002457,1.0,0.002457
updated,taxonomy,parse_mmseqs_easy_taxonomy_SILVA,1.0.1,92.0,./microbial/210615_391_A1_S1.0.1/mmseqs/splits/092/nuc/parse_mmseqs_easy_taxonomy_SILVA.benchmark.txt,2,2.87,1.17,210.61,0.407666,2.0,0.001594,0.006418,7.2e-05,0.00649,2.0,0.00649
updated,taxonomy,mmseqs_easy_taxonomy_vs_SILVA,1.0.1,92.0,./microbial/210615_391_A1_S1.0.1/mmseqs/splits/092/nuc/mmseqs_easy_taxonomy_vs_SILVA.benchmark.txt,10,278.1,2471.88,11182.31,8.888457,10.0,0.7725,3.109313,0.370045,3.479357,10.0,3.479357
updated,taxonomy,mmseqs_bestmatch_db,1.0.1,79.0,./microbial/210615_391_A1_S1.0.1/mmseqs/splits/079/mmseqs_bestmatch_db.benchmark.txt,1,0.88,0.34,117.35,0.386364,1.0,0.000244,0.000984,1.2e-05,0.000996,1.0,0.000996
updated,taxonomy,parse_mmseqs_easy_taxonomy_SILVA,1.0.1,79.0,./microbial/210615_391_A1_S1.0.1/mmseqs/splits/079/nuc/parse_mmseqs_easy_taxonomy_SILVA.benchmark.txt,2,1.96,0.62,142.45,0.316327,2.0,0.001089,0.004383,3.3e-05,0.004416,2.0,0.004416
updated,taxonomy,mmseqs_easy_taxonomy_vs_SILVA,1.0.1,79.0,./microbial/210615_391_A1_S1.0.1/mmseqs/splits/079/nuc/mmseqs_easy_taxonomy_vs_SILVA.benchmark.txt,10,459.47,4263.02,11178.99,9.278125,10.0,1.276306,5.13713,0.611197,5.748327,10.0,5.748327
updated,taxonomy,mmseqs_bestmatch_db,1.0.1,26.0,./microbial/210615_391_A1_S1.0.1/mmseqs/splits/026/mmseqs_bestmatch_db.benchmark.txt,1,0.75,0.57,176.98,0.76,1.0,0.000208,0.000839,1.6e-05,0.000854,1.0,0.000854
updated,taxonomy,parse_mmseqs_easy_taxonomy_SILVA,1.0.1,26.0,./microbial/210615_391_A1_S1.0.1/mmseqs/splits/026/nuc/parse_mmseqs_easy_taxonomy_SILVA.benchmark.txt,2,5.42,1.21,217.29,0.223247,2.0,0.003011,0.01212,0.00014,0.01226,2.0,0.01226
updated,taxonomy,mmseqs_easy_taxonomy_vs_SILVA,1.0.1,26.0,./microbial/210615_391_A1_S1.0.1/mmseqs/splits/026/nuc/mmseqs_easy_taxonomy_vs_SILVA.benchmark.txt,10,275.21,2502.87,11176.29,9.094401,10.0,0.764472,3.077001,0.366002,3.443003,10.0,3.443003
updated,taxonomy,mmseqs_bestmatch_db,1.0.1,55.0,./microbial/210615_391_A1_S1.0.1/mmseqs/splits/055/mmseqs_bestmatch_db.benchmark.txt,1,0.57,0.09,37.53,0.157895,1.0,0.000158,0.000637,3e-06,0.00064,1.0,0.00064
updated,taxonomy,parse_mmseqs_easy_taxonomy_SILVA,1.0.1,55.0,./microbial/210615_391_A1_S1.0.1/mmseqs/splits/055/nuc/parse_mmseqs_easy_taxonomy_SILVA.benchmark.txt,2,0.78,0.35,120.1,0.448718,2.0,0.000433,0.001744,1.1e-05,0.001755,2.0,0.001755
updated,taxonomy,mmseqs_easy_taxonomy_vs_SILVA,1.0.1,55.0,./microbial/210615_391_A1_S1.0.1/mmseqs/splits/055/nuc/mmseqs_easy_taxonomy_vs_SILVA.benchmark.txt,10,264.55,2238.72,11158.5,8.46237,10.0,0.734861,2.957816,0.351265,3.309081,10.0,3.309081
updated,taxonomy,mmseqs_bestmatch_db,1.0.1,121.0,./microbial/210615_391_A1_S1.0.1/mmseqs/splits/121/mmseqs_bestmatch_db.benchmark.txt,1,0.82,0.47,185.36,0.573171,1.0,0.000228,0.000917,1.8e-05,0.000935,1.0,0.000935
updated,taxonomy,parse_mmseqs_easy_taxonomy_SILVA,1.0.1,121.0,./microbial/210615_391_A1_S1.0.1/mmseqs/splits/121/nuc/parse_mmseqs_easy_taxonomy_SILVA.benchmark.txt,2,10.25,1.6,228.4,0.156098,2.0,0.005694,0.02292,0.000279,0.023199,2.0,0.023199
updated,taxonomy,mmseqs_easy_taxonomy_vs_SILVA,1.0.1,121.0,./microbial/210615_391_A1_S1.0.1/mmseqs/splits/121/nuc/mmseqs_easy_taxonomy_vs_SILVA.benchmark.txt,10,282.88,2516.11,11179.16,8.89462,10.0,0.785778,3.162756,0.376299,3.539055,10.0,3.539055
updated,taxonomy,mmseqs_bestmatch_db,1.0.1,58.0,./microbial/210615_391_A1_S1.0.1/mmseqs/splits/058/mmseqs_bestmatch_db.benchmark.txt,1,1.36,0.51,170.8,0.375,1.0,0.000378,0.001521,2.8e-05,0.001548,1.0,0.001548
updated,taxonomy,parse_mmseqs_easy_taxonomy_SILVA,1.0.1,58.0,./microbial/210615_391_A1_S1.0.1/mmseqs/splits/058/nuc/parse_mmseqs_easy_taxonomy_SILVA.benchmark.txt,2,4.05,0.92,219.4,0.22716,2.0,0.00225,0.009056,0.000106,0.009162,2.0,0.009162
updated,taxonomy,mmseqs_easy_taxonomy_vs_SILVA,1.0.1,58.0,./microbial/210615_391_A1_S1.0.1/mmseqs/splits/058/nuc/mmseqs_easy_taxonomy_vs_SILVA.benchmark.txt,10,285.54,2470.6,11162.21,8.652378,10.0,0.793167,3.192496,0.379262,3.571757,10.0,3.571757
updated,taxonomy,mmseqs_bestmatch_db,1.0.1,49.0,./microbial/210615_391_A1_S1.0.1/mmseqs/splits/049/mmseqs_bestmatch_db.benchmark.txt,1,2.2,0.58,127.86,0.263636,1.0,0.000611,0.00246,3.3e-05,0.002493,1.0,0.002493
updated,taxonomy,parse_mmseqs_easy_taxonomy_SILVA,1.0.1,49.0,./microbial/210615_391_A1_S1.0.1/mmseqs/splits/049/nuc/parse_mmseqs_easy_taxonomy_SILVA.benchmark.txt,2,0.89,0.88,224.48,0.988764,2.0,0.000494,0.00199,2.4e-05,0.002014,2.0,0.002014
updated,taxonomy,mmseqs_easy_taxonomy_vs_SILVA,1.0.1,49.0,./microbial/210615_391_A1_S1.0.1/mmseqs/splits/049/nuc/mmseqs_easy_taxonomy_vs_SILVA.benchmark.txt,10,282.51,2509.8,11180.82,8.883933,10.0,0.78475,3.158619,0.375863,3.534481,10.0,3.534481
updated,taxonomy,mmseqs_bestmatch_db,1.0.1,16.0,./microbial/210615_391_A1_S1.0.1/mmseqs/splits/016/mmseqs_bestmatch_db.benchmark.txt,1,1.21,0.22,65.07,0.181818,1.0,0.000336,0.001353,9e-06,0.001362,1.0,0.001362
updated,taxonomy,parse_mmseqs_easy_taxonomy_SILVA,1.0.1,16.0,./microbial/210615_391_A1_S1.0.1/mmseqs/splits/016/nuc/parse_mmseqs_easy_taxonomy_SILVA.benchmark.txt,2,0.82,0.36,123.72,0.439024,2.0,0.000456,0.001834,1.2e-05,0.001846,2.0,0.001846
updated,taxonomy,mmseqs_easy_taxonomy_vs_SILVA,1.0.1,16.0,./microbial/210615_391_A1_S1.0.1/mmseqs/splits/016/nuc/mmseqs_easy_taxonomy_vs_SILVA.benchmark.txt,10,265.35,2232.87,11154.25,8.414811,10.0,0.737083,2.96676,0.352193,3.318954,10.0,3.318954
updated,taxonomy,mmseqs_bestmatch_db,1.0.1,62.0,./microbial/210615_391_A1_S1.0.1/mmseqs/splits/062/mmseqs_bestmatch_db.benchmark.txt,1,4.45,0.92,156.55,0.206742,1.0,0.001236,0.004975,8.3e-05,0.005058,1.0,0.005058
updated,taxonomy,parse_mmseqs_easy_taxonomy_SILVA,1.0.1,62.0,./microbial/210615_391_A1_S1.0.1/mmseqs/splits/062/nuc/parse_mmseqs_easy_taxonomy_SILVA.benchmark.txt,2,5.52,1.4,232.08,0.253623,2.0,0.003067,0.012343,0.000152,0.012496,2.0,0.012496
updated,taxonomy,mmseqs_easy_taxonomy_vs_SILVA,1.0.1,62.0,./microbial/210615_391_A1_S1.0.1/mmseqs/splits/062/nuc/mmseqs_easy_taxonomy_vs_SILVA.benchmark.txt,10,271.86,2506.92,11143.16,9.221364,10.0,0.755167,3.039546,0.360475,3.400021,10.0,3.400021
updated,taxonomy,mmseqs_bestmatch_db,1.0.1,32.0,./microbial/210615_391_A1_S1.0.1/mmseqs/splits/032/mmseqs_bestmatch_db.benchmark.txt,1,0.65,0.1,36.72,0.153846,1.0,0.000181,0.000727,3e-06,0.00073,1.0,0.00073
updated,taxonomy,parse_mmseqs_easy_taxonomy_SILVA,1.0.1,32.0,./microbial/210615_391_A1_S1.0.1/mmseqs/splits/032/nuc/parse_mmseqs_easy_taxonomy_SILVA.benchmark.txt,2,1.12,0.64,191.99,0.571429,2.0,0.000622,0.002504,2.6e-05,0.00253,2.0,0.00253
updated,taxonomy,mmseqs_easy_taxonomy_vs_SILVA,1.0.1,32.0,./microbial/210615_391_A1_S1.0.1/mmseqs/splits/032/nuc/mmseqs_easy_taxonomy_vs_SILVA.benchmark.txt,10,311.11,2823.11,11184.98,9.074315,10.0,0.864194,3.478383,0.414067,3.89245,10.0,3.89245
updated,taxonomy,mmseqs_bestmatch_db,1.0.1,3.0,./microbial/210615_391_A1_S1.0.1/mmseqs/splits/003/mmseqs_bestmatch_db.benchmark.txt,1,0.86,0.86,212.45,1.0,1.0,0.000239,0.000962,2.2e-05,0.000983,1.0,0.000983
updated,taxonomy,parse_mmseqs_easy_taxonomy_SILVA,1.0.1,3.0,./microbial/210615_391_A1_S1.0.1/mmseqs/splits/003/nuc/parse_mmseqs_easy_taxonomy_SILVA.benchmark.txt,2,0.78,0.37,138.38,0.474359,2.0,0.000433,0.001744,1.3e-05,0.001757,2.0,0.001757
updated,taxonomy,mmseqs_easy_taxonomy_vs_SILVA,1.0.1,3.0,./microbial/210615_391_A1_S1.0.1/mmseqs/splits/003/nuc/mmseqs_easy_taxonomy_vs_SILVA.benchmark.txt,10,337.4,3044.6,11166.37,9.023711,10.0,0.937222,3.772319,0.44831,4.22063,10.0,4.22063
updated,taxonomy,mmseqs_bestmatch_db,1.0.1,20.0,./microbial/210615_391_A1_S1.0.1/mmseqs/splits/020/mmseqs_bestmatch_db.benchmark.txt,1,0.57,0.08,38.28,0.140351,1.0,0.000158,0.000637,3e-06,0.00064,1.0,0.00064
updated,taxonomy,parse_mmseqs_easy_taxonomy_SILVA,1.0.1,20.0,./microbial/210615_391_A1_S1.0.1/mmseqs/splits/020/nuc/parse_mmseqs_easy_taxonomy_SILVA.benchmark.txt,2,0.9,0.97,234.13,1.077778,2.0,0.0005,0.002012,2.5e-05,0.002038,2.0,0.002038
updated,taxonomy,mmseqs_easy_taxonomy_vs_SILVA,1.0.1,20.0,./microbial/210615_391_A1_S1.0.1/mmseqs/splits/020/nuc/mmseqs_easy_taxonomy_vs_SILVA.benchmark.txt,10,336.03,2818.18,11146.24,8.386692,10.0,0.933417,3.757002,0.445685,4.202687,10.0,4.202687
updated,taxonomy,mmseqs_bestmatch_db,1.0.1,35.0,./microbial/210615_391_A1_S1.0.1/mmseqs/splits/035/mmseqs_bestmatch_db.benchmark.txt,1,0.92,0.44,172.61,0.478261,1.0,0.000256,0.001029,1.9e-05,0.001048,1.0,0.001048
updated,taxonomy,parse_mmseqs_easy_taxonomy_SILVA,1.0.1,35.0,./microbial/210615_391_A1_S1.0.1/mmseqs/splits/035/nuc/parse_mmseqs_easy_taxonomy_SILVA.benchmark.txt,2,2.61,0.77,186.88,0.295019,2.0,0.00145,0.005836,5.8e-05,0.005894,2.0,0.005894
updated,taxonomy,mmseqs_easy_taxonomy_vs_SILVA,1.0.1,35.0,./microbial/210615_391_A1_S1.0.1/mmseqs/splits/035/nuc/mmseqs_easy_taxonomy_vs_SILVA.benchmark.txt,10,287.43,2527.84,11143.5,8.794628,10.0,0.798417,3.213627,0.381132,3.594759,10.0,3.594759
updated,taxonomy,mmseqs_bestmatch_db,1.0.1,57.0,./microbial/210615_391_A1_S1.0.1/mmseqs/splits/057/mmseqs_bestmatch_db.benchmark.txt,1,1.85,0.44,116.31,0.237838,1.0,0.000514,0.002068,2.6e-05,0.002094,1.0,0.002094
updated,taxonomy,parse_mmseqs_easy_taxonomy_SILVA,1.0.1,57.0,./microbial/210615_391_A1_S1.0.1/mmseqs/splits/057/nuc/parse_mmseqs_easy_taxonomy_SILVA.benchmark.txt,2,1.32,0.88,189.67,0.666667,2.0,0.000733,0.002952,3e-05,0.002981,2.0,0.002981
updated,taxonomy,mmseqs_easy_taxonomy_vs_SILVA,1.0.1,57.0,./microbial/210615_391_A1_S1.0.1/mmseqs/splits/057/nuc/mmseqs_easy_taxonomy_vs_SILVA.benchmark.txt,10,300.36,2495.84,11170.8,8.309495,10.0,0.834333,3.358192,0.399253,3.757444,10.0,3.757444
updated,taxonomy,mmseqs_bestmatch_db,1.0.1,29.0,./microbial/210615_391_A1_S1.0.1/mmseqs/splits/029/mmseqs_bestmatch_db.benchmark.txt,1,0.55,0.05,34.51,0.090909,1.0,0.000153,0.000615,2e-06,0.000617,1.0,0.000617
updated,taxonomy,parse_mmseqs_easy_taxonomy_SILVA,1.0.1,29.0,./microbial/210615_391_A1_S1.0.1/mmseqs/splits/029/nuc/parse_mmseqs_easy_taxonomy_SILVA.benchmark.txt,2,1.95,1.73,203.65,0.887179,2.0,0.001083,0.00436,4.7e-05,0.004408,2.0,0.004408
updated,taxonomy,mmseqs_easy_taxonomy_vs_SILVA,1.0.1,29.0,./microbial/210615_391_A1_S1.0.1/mmseqs/splits/029/nuc/mmseqs_easy_taxonomy_vs_SILVA.benchmark.txt,10,313.41,2828.24,11171.73,9.02409,10.0,0.870583,3.504098,0.416634,3.920732,10.0,3.920732
updated,taxonomy,mmseqs_bestmatch_db,1.0.1,119.0,./microbial/210615_391_A1_S1.0.1/mmseqs/splits/119/mmseqs_bestmatch_db.benchmark.txt,1,0.6,0.09,44.53,0.15,1.0,0.000167,0.000671,3e-06,0.000674,1.0,0.000674
updated,taxonomy,parse_mmseqs_easy_taxonomy_SILVA,1.0.1,119.0,./microbial/210615_391_A1_S1.0.1/mmseqs/splits/119/nuc/parse_mmseqs_easy_taxonomy_SILVA.benchmark.txt,2,0.93,0.96,222.02,1.032258,2.0,0.000517,0.00208,2.5e-05,0.002104,2.0,0.002104
updated,taxonomy,mmseqs_easy_taxonomy_vs_SILVA,1.0.1,119.0,./microbial/210615_391_A1_S1.0.1/mmseqs/splits/119/nuc/mmseqs_easy_taxonomy_vs_SILVA.benchmark.txt,10,276.86,2524.15,11175.95,9.117063,10.0,0.769056,3.095449,0.368185,3.463634,10.0,3.463634
updated,taxonomy,mmseqs_bestmatch_db,1.0.1,44.0,./microbial/210615_391_A1_S1.0.1/mmseqs/splits/044/mmseqs_bestmatch_db.benchmark.txt,1,0.58,0.09,38.89,0.155172,1.0,0.000161,0.000648,3e-06,0.000651,1.0,0.000651
updated,taxonomy,parse_mmseqs_easy_taxonomy_SILVA,1.0.1,44.0,./microbial/210615_391_A1_S1.0.1/mmseqs/splits/044/nuc/parse_mmseqs_easy_taxonomy_SILVA.benchmark.txt,2,1.88,0.58,141.12,0.308511,2.0,0.001044,0.004204,3.2e-05,0.004235,2.0,0.004235
updated,taxonomy,mmseqs_easy_taxonomy_vs_SILVA,1.0.1,44.0,./microbial/210615_391_A1_S1.0.1/mmseqs/splits/044/nuc/mmseqs_easy_taxonomy_vs_SILVA.benchmark.txt,10,257.92,2188.89,11174.56,8.486701,10.0,0.716444,2.883689,0.342955,3.226644,10.0,3.226644
updated,taxonomy,mmseqs_bestmatch_db,1.0.1,86.0,./microbial/210615_391_A1_S1.0.1/mmseqs/splits/086/mmseqs_bestmatch_db.benchmark.txt,1,0.95,0.48,164.01,0.505263,1.0,0.000264,0.001062,1.9e-05,0.001081,1.0,0.001081
updated,taxonomy,parse_mmseqs_easy_taxonomy_SILVA,1.0.1,86.0,./microbial/210615_391_A1_S1.0.1/mmseqs/splits/086/nuc/parse_mmseqs_easy_taxonomy_SILVA.benchmark.txt,2,1.25,0.89,192.86,0.712,2.0,0.000694,0.002795,2.9e-05,0.002824,2.0,0.002824
updated,taxonomy,mmseqs_easy_taxonomy_vs_SILVA,1.0.1,86.0,./microbial/210615_391_A1_S1.0.1/mmseqs/splits/086/nuc/mmseqs_easy_taxonomy_vs_SILVA.benchmark.txt,10,273.65,2495.39,11162.18,9.118911,10.0,0.760139,3.059559,0.363468,3.423027,10.0,3.423027
updated,taxonomy,mmseqs_bestmatch_db,1.0.1,101.0,./microbial/210615_391_A1_S1.0.1/mmseqs/splits/101/mmseqs_bestmatch_db.benchmark.txt,1,0.75,0.57,172.72,0.76,1.0,0.000208,0.000839,1.5e-05,0.000854,1.0,0.000854
updated,taxonomy,parse_mmseqs_easy_taxonomy_SILVA,1.0.1,101.0,./microbial/210615_391_A1_S1.0.1/mmseqs/splits/101/nuc/parse_mmseqs_easy_taxonomy_SILVA.benchmark.txt,2,0.99,0.68,200.6,0.686869,2.0,0.00055,0.002214,2.4e-05,0.002237,2.0,0.002237
updated,taxonomy,mmseqs_easy_taxonomy_vs_SILVA,1.0.1,101.0,./microbial/210615_391_A1_S1.0.1/mmseqs/splits/101/nuc/mmseqs_easy_taxonomy_vs_SILVA.benchmark.txt,10,301.17,2822.0,11154.38,9.370123,10.0,0.836583,3.367248,0.399741,3.766989,10.0,3.766989
updated,taxonomy,mmseqs_bestmatch_db,1.0.1,19.0,./microbial/210615_391_A1_S1.0.1/mmseqs/splits/019/mmseqs_bestmatch_db.benchmark.txt,1,0.67,0.09,40.12,0.134328,1.0,0.000186,0.000749,3e-06,0.000752,1.0,0.000752
updated,taxonomy,parse_mmseqs_easy_taxonomy_SILVA,1.0.1,19.0,./microbial/210615_391_A1_S1.0.1/mmseqs/splits/019/nuc/parse_mmseqs_easy_taxonomy_SILVA.benchmark.txt,2,1.34,0.84,188.77,0.626866,2.0,0.000744,0.002996,3e-05,0.003026,2.0,0.003026
updated,taxonomy,mmseqs_easy_taxonomy_vs_SILVA,1.0.1,19.0,./microbial/210615_391_A1_S1.0.1/mmseqs/splits/019/nuc/mmseqs_easy_taxonomy_vs_SILVA.benchmark.txt,10,277.55,2531.17,11166.32,9.11969,10.0,0.770972,3.103163,0.368785,3.471948,10.0,3.471948
updated,taxonomy,mmseqs_bestmatch_db,1.0.1,123.0,./microbial/210615_391_A1_S1.0.1/mmseqs/splits/123/mmseqs_bestmatch_db.benchmark.txt,1,0.76,0.22,58.96,0.289474,1.0,0.000211,0.00085,5e-06,0.000855,1.0,0.000855
updated,taxonomy,parse_mmseqs_easy_taxonomy_SILVA,1.0.1,123.0,./microbial/210615_391_A1_S1.0.1/mmseqs/splits/123/nuc/parse_mmseqs_easy_taxonomy_SILVA.benchmark.txt,2,10.55,1.36,161.44,0.12891,2.0,0.005861,0.023591,0.000203,0.023794,2.0,0.023794
updated,taxonomy,mmseqs_easy_taxonomy_vs_SILVA,1.0.1,123.0,./microbial/210615_391_A1_S1.0.1/mmseqs/splits/123/nuc/mmseqs_easy_taxonomy_vs_SILVA.benchmark.txt,10,280.87,2494.15,11141.0,8.880087,10.0,0.780194,3.140283,0.37235,3.512632,10.0,3.512632
updated,taxonomy,mmseqs_bestmatch_db,1.0.1,52.0,./microbial/210615_391_A1_S1.0.1/mmseqs/splits/052/mmseqs_bestmatch_db.benchmark.txt,1,0.74,0.57,182.65,0.77027,1.0,0.000206,0.000827,1.6e-05,0.000843,1.0,0.000843
updated,taxonomy,parse_mmseqs_easy_taxonomy_SILVA,1.0.1,52.0,./microbial/210615_391_A1_S1.0.1/mmseqs/splits/052/nuc/parse_mmseqs_easy_taxonomy_SILVA.benchmark.txt,2,3.22,1.21,235.67,0.375776,2.0,0.001789,0.0072,9e-05,0.007291,2.0,0.007291
updated,taxonomy,mmseqs_easy_taxonomy_vs_SILVA,1.0.1,52.0,./microbial/210615_391_A1_S1.0.1/mmseqs/splits/052/nuc/mmseqs_easy_taxonomy_vs_SILVA.benchmark.txt,10,257.79,2187.66,11185.12,8.48621,10.0,0.716083,2.882235,0.343106,3.225341,10.0,3.225341
updated,taxonomy,mmseqs_bestmatch_db,1.0.1,106.0,./microbial/210615_391_A1_S1.0.1/mmseqs/splits/106/mmseqs_bestmatch_db.benchmark.txt,1,0.8,0.48,182.16,0.6,1.0,0.000222,0.000894,1.7e-05,0.000912,1.0,0.000912
updated,taxonomy,parse_mmseqs_easy_taxonomy_SILVA,1.0.1,106.0,./microbial/210615_391_A1_S1.0.1/mmseqs/splits/106/nuc/parse_mmseqs_easy_taxonomy_SILVA.benchmark.txt,2,2.11,0.95,214.7,0.450237,2.0,0.001172,0.004718,5.4e-05,0.004772,2.0,0.004772
updated,taxonomy,mmseqs_easy_taxonomy_vs_SILVA,1.0.1,106.0,./microbial/210615_391_A1_S1.0.1/mmseqs/splits/106/nuc/mmseqs_easy_taxonomy_vs_SILVA.benchmark.txt,10,311.07,2829.54,11150.28,9.096152,10.0,0.864083,3.477935,0.41273,3.890665,10.0,3.890665
updated,taxonomy,mmseqs_bestmatch_db,1.0.1,30.0,./microbial/210615_391_A1_S1.0.1/mmseqs/splits/030/mmseqs_bestmatch_db.benchmark.txt,1,0.67,0.1,38.06,0.149254,1.0,0.000186,0.000749,3e-06,0.000752,1.0,0.000752
updated,taxonomy,parse_mmseqs_easy_taxonomy_SILVA,1.0.1,30.0,./microbial/210615_391_A1_S1.0.1/mmseqs/splits/030/nuc/parse_mmseqs_easy_taxonomy_SILVA.benchmark.txt,2,2.61,0.79,178.35,0.302682,2.0,0.00145,0.005836,5.5e-05,0.005892,2.0,0.005892
updated,taxonomy,mmseqs_easy_taxonomy_vs_SILVA,1.0.1,30.0,./microbial/210615_391_A1_S1.0.1/mmseqs/splits/030/nuc/mmseqs_easy_taxonomy_vs_SILVA.benchmark.txt,10,295.68,2530.05,11194.21,8.556717,10.0,0.821333,3.305867,0.393856,3.699722,10.0,3.699722
updated,taxonomy,mmseqs_bestmatch_db,1.0.1,107.0,./microbial/210615_391_A1_S1.0.1/mmseqs/splits/107/mmseqs_bestmatch_db.benchmark.txt,1,3.15,1.01,180.49,0.320635,1.0,0.000875,0.003522,6.8e-05,0.00359,1.0,0.00359
updated,taxonomy,parse_mmseqs_easy_taxonomy_SILVA,1.0.1,107.0,./microbial/210615_391_A1_S1.0.1/mmseqs/splits/107/nuc/parse_mmseqs_easy_taxonomy_SILVA.benchmark.txt,2,0.78,0.36,138.14,0.461538,2.0,0.000433,0.001744,1.3e-05,0.001757,2.0,0.001757
updated,taxonomy,mmseqs_easy_taxonomy_vs_SILVA,1.0.1,107.0,./microbial/210615_391_A1_S1.0.1/mmseqs/splits/107/nuc/mmseqs_easy_taxonomy_vs_SILVA.benchmark.txt,10,276.03,2523.37,11209.83,9.141651,10.0,0.76675,3.086169,0.368194,3.454363,10.0,3.454363
updated,taxonomy,mmseqs_bestmatch_db,1.0.1,91.0,./microbial/210615_391_A1_S1.0.1/mmseqs/splits/091/mmseqs_bestmatch_db.benchmark.txt,1,0.83,0.45,176.21,0.542169,1.0,0.000231,0.000928,1.7e-05,0.000945,1.0,0.000945
updated,taxonomy,parse_mmseqs_easy_taxonomy_SILVA,1.0.1,91.0,./microbial/210615_391_A1_S1.0.1/mmseqs/splits/091/nuc/parse_mmseqs_easy_taxonomy_SILVA.benchmark.txt,2,2.59,0.87,211.74,0.335907,2.0,0.001439,0.005792,6.5e-05,0.005857,2.0,0.005857
updated,taxonomy,mmseqs_easy_taxonomy_vs_SILVA,1.0.1,91.0,./microbial/210615_391_A1_S1.0.1/mmseqs/splits/091/nuc/mmseqs_easy_taxonomy_vs_SILVA.benchmark.txt,10,259.63,2226.14,11198.3,8.574279,10.0,0.721194,2.902808,0.345962,3.24877,10.0,3.24877
updated,taxonomy,mmseqs_bestmatch_db,1.0.1,80.0,./microbial/210615_391_A1_S1.0.1/mmseqs/splits/080/mmseqs_bestmatch_db.benchmark.txt,1,1.17,0.64,154.3,0.547009,1.0,0.000325,0.001308,2.1e-05,0.00133,1.0,0.00133
updated,taxonomy,parse_mmseqs_easy_taxonomy_SILVA,1.0.1,80.0,./microbial/210615_391_A1_S1.0.1/mmseqs/splits/080/nuc/parse_mmseqs_easy_taxonomy_SILVA.benchmark.txt,2,0.89,0.99,229.08,1.11236,2.0,0.000494,0.00199,2.4e-05,0.002014,2.0,0.002014
updated,taxonomy,mmseqs_easy_taxonomy_vs_SILVA,1.0.1,80.0,./microbial/210615_391_A1_S1.0.1/mmseqs/splits/080/nuc/mmseqs_easy_taxonomy_vs_SILVA.benchmark.txt,10,275.64,2521.12,11188.32,9.146423,10.0,0.765667,3.081808,0.366968,3.448777,10.0,3.448777
updated,taxonomy,mmseqs_bestmatch_db,1.0.1,1.0,./microbial/210615_391_A1_S1.0.1/mmseqs/splits/001/mmseqs_bestmatch_db.benchmark.txt,1,0.64,0.09,37.73,0.140625,1.0,0.000178,0.000716,3e-06,0.000718,1.0,0.000718
updated,taxonomy,parse_mmseqs_easy_taxonomy_SILVA,1.0.1,1.0,./microbial/210615_391_A1_S1.0.1/mmseqs/splits/001/nuc/parse_mmseqs_easy_taxonomy_SILVA.benchmark.txt,2,0.93,0.64,203.89,0.688172,2.0,0.000517,0.00208,2.3e-05,0.002102,2.0,0.002102
updated,taxonomy,mmseqs_easy_taxonomy_vs_SILVA,1.0.1,1.0,./microbial/210615_391_A1_S1.0.1/mmseqs/splits/001/nuc/mmseqs_easy_taxonomy_vs_SILVA.benchmark.txt,10,384.41,3391.41,11159.73,8.822377,10.0,1.067806,4.297917,0.51047,4.808387,10.0,4.808387
updated,taxonomy,mmseqs_bestmatch_db,1.0.1,95.0,./microbial/210615_391_A1_S1.0.1/mmseqs/splits/095/mmseqs_bestmatch_db.benchmark.txt,1,0.64,0.09,37.3,0.140625,1.0,0.000178,0.000716,3e-06,0.000718,1.0,0.000718
updated,taxonomy,parse_mmseqs_easy_taxonomy_SILVA,1.0.1,95.0,./microbial/210615_391_A1_S1.0.1/mmseqs/splits/095/nuc/parse_mmseqs_easy_taxonomy_SILVA.benchmark.txt,2,1.07,0.6,191.73,0.560748,2.0,0.000594,0.002393,2.4e-05,0.002417,2.0,0.002417
updated,taxonomy,mmseqs_easy_taxonomy_vs_SILVA,1.0.1,95.0,./microbial/210615_391_A1_S1.0.1/mmseqs/splits/095/nuc/mmseqs_easy_taxonomy_vs_SILVA.benchmark.txt,10,389.23,3437.85,11169.77,8.832438,10.0,1.081194,4.351808,0.517335,4.869143,10.0,4.869143
updated,taxonomy,mmseqs_bestmatch_db,1.0.1,56.0,./microbial/210615_391_A1_S1.0.1/mmseqs/splits/056/mmseqs_bestmatch_db.benchmark.txt,1,0.77,0.57,180.47,0.74026,1.0,0.000214,0.000861,1.7e-05,0.000877,1.0,0.000877
updated,taxonomy,parse_mmseqs_easy_taxonomy_SILVA,1.0.1,56.0,./microbial/210615_391_A1_S1.0.1/mmseqs/splits/056/nuc/parse_mmseqs_easy_taxonomy_SILVA.benchmark.txt,2,0.85,0.36,120.41,0.423529,2.0,0.000472,0.001901,1.2e-05,0.001913,2.0,0.001913
updated,taxonomy,mmseqs_easy_taxonomy_vs_SILVA,1.0.1,56.0,./microbial/210615_391_A1_S1.0.1/mmseqs/splits/056/nuc/mmseqs_easy_taxonomy_vs_SILVA.benchmark.txt,10,301.01,2528.71,11143.65,8.400751,10.0,0.836139,3.365459,0.399144,3.764603,10.0,3.764603
updated,taxonomy,mmseqs_bestmatch_db,1.0.1,131.0,./microbial/210615_391_A1_S1.0.1/mmseqs/splits/131/mmseqs_bestmatch_db.benchmark.txt,1,0.68,0.1,38.88,0.147059,1.0,0.000189,0.00076,3e-06,0.000763,1.0,0.000763
updated,taxonomy,parse_mmseqs_easy_taxonomy_SILVA,1.0.1,131.0,./microbial/210615_391_A1_S1.0.1/mmseqs/splits/131/nuc/parse_mmseqs_easy_taxonomy_SILVA.benchmark.txt,2,0.95,0.87,228.45,0.915789,2.0,0.000528,0.002124,2.6e-05,0.00215,2.0,0.00215
updated,taxonomy,mmseqs_easy_taxonomy_vs_SILVA,1.0.1,131.0,./microbial/210615_391_A1_S1.0.1/mmseqs/splits/131/nuc/mmseqs_easy_taxonomy_vs_SILVA.benchmark.txt,10,359.8,3149.99,11176.74,8.754836,10.0,0.999444,4.022764,0.478518,4.501281,10.0,4.501281
updated,taxonomy,mmseqs_bestmatch_db,1.0.1,68.0,./microbial/210615_391_A1_S1.0.1/mmseqs/splits/068/mmseqs_bestmatch_db.benchmark.txt,1,2.01,0.69,175.48,0.343284,1.0,0.000558,0.002247,4.2e-05,0.002289,1.0,0.002289
updated,taxonomy,parse_mmseqs_easy_taxonomy_SILVA,1.0.1,68.0,./microbial/210615_391_A1_S1.0.1/mmseqs/splits/068/nuc/parse_mmseqs_easy_taxonomy_SILVA.benchmark.txt,2,0.93,0.85,166.99,0.913978,2.0,0.000517,0.00208,1.8e-05,0.002098,2.0,0.002098
updated,taxonomy,mmseqs_easy_taxonomy_vs_SILVA,1.0.1,68.0,./microbial/210615_391_A1_S1.0.1/mmseqs/splits/068/nuc/mmseqs_easy_taxonomy_vs_SILVA.benchmark.txt,10,319.9,2787.92,11198.33,8.714973,10.0,0.888611,3.57666,0.426274,4.002934,10.0,4.002934
updated,taxonomy,mmseqs_bestmatch_db,1.0.1,54.0,./microbial/210615_391_A1_S1.0.1/mmseqs/splits/054/mmseqs_bestmatch_db.benchmark.txt,1,1.89,0.73,179.49,0.386243,1.0,0.000525,0.002113,4e-05,0.002153,1.0,0.002153
updated,taxonomy,parse_mmseqs_easy_taxonomy_SILVA,1.0.1,54.0,./microbial/210615_391_A1_S1.0.1/mmseqs/splits/054/nuc/parse_mmseqs_easy_taxonomy_SILVA.benchmark.txt,2,0.98,0.96,225.06,0.979592,2.0,0.000544,0.002191,2.6e-05,0.002218,2.0,0.002218
updated,taxonomy,mmseqs_easy_taxonomy_vs_SILVA,1.0.1,54.0,./microbial/210615_391_A1_S1.0.1/mmseqs/splits/054/nuc/mmseqs_easy_taxonomy_vs_SILVA.benchmark.txt,10,330.13,3074.77,11171.82,9.313816,10.0,0.917028,3.691037,0.438865,4.129901,10.0,4.129901
updated,taxonomy,mmseqs_bestmatch_db,1.0.1,102.0,./microbial/210615_391_A1_S1.0.1/mmseqs/splits/102/mmseqs_bestmatch_db.benchmark.txt,1,0.71,0.09,38.46,0.126761,1.0,0.000197,0.000794,3e-06,0.000797,1.0,0.000797
updated,taxonomy,parse_mmseqs_easy_taxonomy_SILVA,1.0.1,102.0,./microbial/210615_391_A1_S1.0.1/mmseqs/splits/102/nuc/parse_mmseqs_easy_taxonomy_SILVA.benchmark.txt,2,0.86,0.99,229.65,1.151163,2.0,0.000478,0.001923,2.4e-05,0.001947,2.0,0.001947
updated,taxonomy,mmseqs_easy_taxonomy_vs_SILVA,1.0.1,102.0,./microbial/210615_391_A1_S1.0.1/mmseqs/splits/102/nuc/mmseqs_easy_taxonomy_vs_SILVA.benchmark.txt,10,308.26,2814.23,11152.48,9.129404,10.0,0.856278,3.446518,0.409082,3.8556,10.0,3.8556
updated,taxonomy,mmseqs_bestmatch_db,1.0.1,39.0,./microbial/210615_391_A1_S1.0.1/mmseqs/splits/039/mmseqs_bestmatch_db.benchmark.txt,1,0.79,0.59,182.92,0.746835,1.0,0.000219,0.000883,1.7e-05,0.0009,1.0,0.0009
updated,taxonomy,parse_mmseqs_easy_taxonomy_SILVA,1.0.1,39.0,./microbial/210615_391_A1_S1.0.1/mmseqs/splits/039/nuc/parse_mmseqs_easy_taxonomy_SILVA.benchmark.txt,2,0.76,0.38,138.75,0.5,2.0,0.000422,0.001699,1.3e-05,0.001712,2.0,0.001712
updated,taxonomy,mmseqs_easy_taxonomy_vs_SILVA,1.0.1,39.0,./microbial/210615_391_A1_S1.0.1/mmseqs/splits/039/nuc/mmseqs_easy_taxonomy_vs_SILVA.benchmark.txt,10,271.53,2507.23,11149.05,9.233713,10.0,0.75425,3.035856,0.360228,3.396084,10.0,3.396084
updated,taxonomy,mmseqs_bestmatch_db,1.0.1,21.0,./microbial/210615_391_A1_S1.0.1/mmseqs/splits/021/mmseqs_bestmatch_db.benchmark.txt,1,0.57,0.08,41.89,0.140351,1.0,0.000158,0.000637,3e-06,0.00064,1.0,0.00064
updated,taxonomy,parse_mmseqs_easy_taxonomy_SILVA,1.0.1,21.0,./microbial/210615_391_A1_S1.0.1/mmseqs/splits/021/nuc/parse_mmseqs_easy_taxonomy_SILVA.benchmark.txt,2,0.87,1.08,231.07,1.241379,2.0,0.000483,0.001945,2.4e-05,0.001969,2.0,0.001969
updated,taxonomy,mmseqs_easy_taxonomy_vs_SILVA,1.0.1,21.0,./microbial/210615_391_A1_S1.0.1/mmseqs/splits/021/nuc/mmseqs_easy_taxonomy_vs_SILVA.benchmark.txt,10,302.97,2542.22,11149.32,8.390996,10.0,0.841583,3.387373,0.401948,3.789321,10.0,3.789321
updated,taxonomy,mmseqs_bestmatch_db,1.0.1,24.0,./microbial/210615_391_A1_S1.0.1/mmseqs/splits/024/mmseqs_bestmatch_db.benchmark.txt,1,0.61,0.1,36.96,0.163934,1.0,0.000169,0.000682,3e-06,0.000685,1.0,0.000685
updated,taxonomy,parse_mmseqs_easy_taxonomy_SILVA,1.0.1,24.0,./microbial/210615_391_A1_S1.0.1/mmseqs/splits/024/nuc/parse_mmseqs_easy_taxonomy_SILVA.benchmark.txt,2,0.78,0.37,136.05,0.474359,2.0,0.000433,0.001744,1.3e-05,0.001757,2.0,0.001757
updated,taxonomy,mmseqs_easy_taxonomy_vs_SILVA,1.0.1,24.0,./microbial/210615_391_A1_S1.0.1/mmseqs/splits/024/nuc/mmseqs_easy_taxonomy_vs_SILVA.benchmark.txt,10,276.5,2524.99,11176.83,9.131971,10.0,0.768056,3.091424,0.367735,3.459159,10.0,3.459159
updated,taxonomy,mmseqs_bestmatch_db,1.0.1,43.0,./microbial/210615_391_A1_S1.0.1/mmseqs/splits/043/mmseqs_bestmatch_db.benchmark.txt,1,1.35,0.65,184.12,0.481481,1.0,0.000375,0.001509,3e-05,0.001539,1.0,0.001539
updated,taxonomy,parse_mmseqs_easy_taxonomy_SILVA,1.0.1,43.0,./microbial/210615_391_A1_S1.0.1/mmseqs/splits/043/nuc/parse_mmseqs_easy_taxonomy_SILVA.benchmark.txt,2,8.3,1.18,206.46,0.142169,2.0,0.004611,0.01856,0.000204,0.018764,2.0,0.018764
updated,taxonomy,mmseqs_easy_taxonomy_vs_SILVA,1.0.1,43.0,./microbial/210615_391_A1_S1.0.1/mmseqs/splits/043/nuc/mmseqs_easy_taxonomy_vs_SILVA.benchmark.txt,10,279.38,2545.74,11153.98,9.112105,10.0,0.776056,3.123624,0.370806,3.49443,10.0,3.49443
updated,taxonomy,mmseqs_bestmatch_db,1.0.1,89.0,./microbial/210615_391_A1_S1.0.1/mmseqs/splits/089/mmseqs_bestmatch_db.benchmark.txt,1,1.69,0.55,157.99,0.325444,1.0,0.000469,0.00189,3.2e-05,0.001921,1.0,0.001921
updated,taxonomy,parse_mmseqs_easy_taxonomy_SILVA,1.0.1,89.0,./microbial/210615_391_A1_S1.0.1/mmseqs/splits/089/nuc/parse_mmseqs_easy_taxonomy_SILVA.benchmark.txt,2,0.98,1.01,231.95,1.030612,2.0,0.000544,0.002191,2.7e-05,0.002218,2.0,0.002218
updated,taxonomy,mmseqs_easy_taxonomy_vs_SILVA,1.0.1,89.0,./microbial/210615_391_A1_S1.0.1/mmseqs/splits/089/nuc/mmseqs_easy_taxonomy_vs_SILVA.benchmark.txt,10,337.01,3115.7,11170.36,9.245126,10.0,0.936139,3.767959,0.447952,4.215911,10.0,4.215911
updated,taxonomy,mmseqs_bestmatch_db,1.0.1,63.0,./microbial/210615_391_A1_S1.0.1/mmseqs/splits/063/mmseqs_bestmatch_db.benchmark.txt,1,1.06,0.46,103.0,0.433962,1.0,0.000294,0.001185,1.3e-05,0.001198,1.0,0.001198
updated,taxonomy,parse_mmseqs_easy_taxonomy_SILVA,1.0.1,63.0,./microbial/210615_391_A1_S1.0.1/mmseqs/splits/063/nuc/parse_mmseqs_easy_taxonomy_SILVA.benchmark.txt,2,2.59,0.62,118.22,0.239382,2.0,0.001439,0.005792,3.6e-05,0.005828,2.0,0.005828
updated,taxonomy,mmseqs_easy_taxonomy_vs_SILVA,1.0.1,63.0,./microbial/210615_391_A1_S1.0.1/mmseqs/splits/063/nuc/mmseqs_easy_taxonomy_vs_SILVA.benchmark.txt,10,276.51,2465.07,11142.72,8.91494,10.0,0.768083,3.091535,0.366626,3.458162,10.0,3.458162
updated,taxonomy,mmseqs_bestmatch_db,1.0.1,64.0,./microbial/210615_391_A1_S1.0.1/mmseqs/splits/064/mmseqs_bestmatch_db.benchmark.txt,1,0.82,0.58,187.51,0.707317,1.0,0.000228,0.000917,1.8e-05,0.000935,1.0,0.000935
updated,taxonomy,parse_mmseqs_easy_taxonomy_SILVA,1.0.1,64.0,./microbial/210615_391_A1_S1.0.1/mmseqs/splits/064/nuc/parse_mmseqs_easy_taxonomy_SILVA.benchmark.txt,2,2.51,0.54,170.77,0.215139,2.0,0.001394,0.005613,5.1e-05,0.005664,2.0,0.005664
updated,taxonomy,mmseqs_easy_taxonomy_vs_SILVA,1.0.1,64.0,./microbial/210615_391_A1_S1.0.1/mmseqs/splits/064/nuc/mmseqs_easy_taxonomy_vs_SILVA.benchmark.txt,10,294.18,2492.11,11143.71,8.471378,10.0,0.817167,3.289096,0.39009,3.679186,10.0,3.679186
updated,taxonomy,mmseqs_bestmatch_db,1.0.1,109.0,./microbial/210615_391_A1_S1.0.1/mmseqs/splits/109/mmseqs_bestmatch_db.benchmark.txt,1,1.14,0.6,159.97,0.526316,1.0,0.000317,0.001275,2.2e-05,0.001296,1.0,0.001296
updated,taxonomy,parse_mmseqs_easy_taxonomy_SILVA,1.0.1,109.0,./microbial/210615_391_A1_S1.0.1/mmseqs/splits/109/nuc/parse_mmseqs_easy_taxonomy_SILVA.benchmark.txt,2,0.84,0.08,36.95,0.095238,2.0,0.000467,0.001878,4e-06,0.001882,2.0,0.001882
updated,taxonomy,mmseqs_easy_taxonomy_vs_SILVA,1.0.1,109.0,./microbial/210615_391_A1_S1.0.1/mmseqs/splits/109/nuc/mmseqs_easy_taxonomy_vs_SILVA.benchmark.txt,10,298.01,2494.56,11166.55,8.370726,10.0,0.827806,3.331917,0.395978,3.727896,10.0,3.727896
updated,taxonomy,mmseqs_bestmatch_db,1.0.1,82.0,./microbial/210615_391_A1_S1.0.1/mmseqs/splits/082/mmseqs_bestmatch_db.benchmark.txt,1,0.77,0.57,178.86,0.74026,1.0,0.000214,0.000861,1.6e-05,0.000877,1.0,0.000877
updated,taxonomy,parse_mmseqs_easy_taxonomy_SILVA,1.0.1,82.0,./microbial/210615_391_A1_S1.0.1/mmseqs/splits/082/nuc/parse_mmseqs_easy_taxonomy_SILVA.benchmark.txt,2,0.86,0.89,228.48,1.034884,2.0,0.000478,0.001923,2.3e-05,0.001946,2.0,0.001946
updated,taxonomy,mmseqs_easy_taxonomy_vs_SILVA,1.0.1,82.0,./microbial/210615_391_A1_S1.0.1/mmseqs/splits/082/nuc/mmseqs_easy_taxonomy_vs_SILVA.benchmark.txt,10,307.12,2808.23,11165.7,9.143755,10.0,0.853111,3.433772,0.408052,3.841824,10.0,3.841824
updated,taxonomy,mmseqs_bestmatch_db,1.0.1,15.0,./microbial/210615_391_A1_S1.0.1/mmseqs/splits/015/mmseqs_bestmatch_db.benchmark.txt,1,0.7,0.08,36.62,0.114286,1.0,0.000194,0.000783,3e-06,0.000786,1.0,0.000786
updated,taxonomy,parse_mmseqs_easy_taxonomy_SILVA,1.0.1,15.0,./microbial/210615_391_A1_S1.0.1/mmseqs/splits/015/nuc/parse_mmseqs_easy_taxonomy_SILVA.benchmark.txt,2,1.14,0.76,189.96,0.666667,2.0,0.000633,0.002549,2.6e-05,0.002575,2.0,0.002575
updated,taxonomy,mmseqs_easy_taxonomy_vs_SILVA,1.0.1,15.0,./microbial/210615_391_A1_S1.0.1/mmseqs/splits/015/nuc/mmseqs_easy_taxonomy_vs_SILVA.benchmark.txt,10,305.53,2758.95,11139.48,9.030046,10.0,0.848694,3.415995,0.404986,3.820981,10.0,3.820981
updated,taxonomy,mmseqs_bestmatch_db,1.0.1,105.0,./microbial/210615_391_A1_S1.0.1/mmseqs/splits/105/mmseqs_bestmatch_db.benchmark.txt,1,0.76,0.55,182.1,0.723684,1.0,0.000211,0.00085,1.6e-05,0.000866,1.0,0.000866
updated,taxonomy,parse_mmseqs_easy_taxonomy_SILVA,1.0.1,105.0,./microbial/210615_391_A1_S1.0.1/mmseqs/splits/105/nuc/parse_mmseqs_easy_taxonomy_SILVA.benchmark.txt,2,0.98,0.72,201.88,0.734694,2.0,0.000544,0.002191,2.4e-05,0.002215,2.0,0.002215
updated,taxonomy,mmseqs_easy_taxonomy_vs_SILVA,1.0.1,105.0,./microbial/210615_391_A1_S1.0.1/mmseqs/splits/105/nuc/mmseqs_easy_taxonomy_vs_SILVA.benchmark.txt,10,277.18,2523.4,11181.18,9.103831,10.0,0.769944,3.099026,0.368783,3.46781,10.0,3.46781
updated,taxonomy,mmseqs_bestmatch_db,1.0.1,36.0,./microbial/210615_391_A1_S1.0.1/mmseqs/splits/036/mmseqs_bestmatch_db.benchmark.txt,1,0.91,0.45,165.77,0.494505,1.0,0.000253,0.001017,1.8e-05,0.001035,1.0,0.001035
updated,taxonomy,parse_mmseqs_easy_taxonomy_SILVA,1.0.1,36.0,./microbial/210615_391_A1_S1.0.1/mmseqs/splits/036/nuc/parse_mmseqs_easy_taxonomy_SILVA.benchmark.txt,2,2.21,0.89,206.98,0.402715,2.0,0.001228,0.004942,5.4e-05,0.004996,2.0,0.004996
updated,taxonomy,mmseqs_easy_taxonomy_vs_SILVA,1.0.1,36.0,./microbial/210615_391_A1_S1.0.1/mmseqs/splits/036/nuc/mmseqs_easy_taxonomy_vs_SILVA.benchmark.txt,10,279.27,2521.65,11139.98,9.029434,10.0,0.77575,3.122394,0.370195,3.492589,10.0,3.492589
updated,taxonomy,mmseqs_bestmatch_db,1.0.1,41.0,./microbial/210615_391_A1_S1.0.1/mmseqs/splits/041/mmseqs_bestmatch_db.benchmark.txt,1,0.6,0.09,38.05,0.15,1.0,0.000167,0.000671,3e-06,0.000674,1.0,0.000674
updated,taxonomy,parse_mmseqs_easy_taxonomy_SILVA,1.0.1,41.0,./microbial/210615_391_A1_S1.0.1/mmseqs/splits/041/nuc/parse_mmseqs_easy_taxonomy_SILVA.benchmark.txt,2,1.96,0.5,115.64,0.255102,2.0,0.001089,0.004383,2.7e-05,0.00441,2.0,0.00441
updated,taxonomy,mmseqs_easy_taxonomy_vs_SILVA,1.0.1,41.0,./microbial/210615_391_A1_S1.0.1/mmseqs/splits/041/nuc/mmseqs_easy_taxonomy_vs_SILVA.benchmark.txt,10,271.0,2522.67,11175.87,9.308745,10.0,0.752778,3.029931,0.36039,3.39032,10.0,3.39032
updated,taxonomy,mmseqs_bestmatch_db,1.0.1,74.0,./microbial/210615_391_A1_S1.0.1/mmseqs/splits/074/mmseqs_bestmatch_db.benchmark.txt,1,0.93,0.41,166.96,0.44086,1.0,0.000258,0.00104,1.8e-05,0.001058,1.0,0.001058
updated,taxonomy,parse_mmseqs_easy_taxonomy_SILVA,1.0.1,74.0,./microbial/210615_391_A1_S1.0.1/mmseqs/splits/074/nuc/parse_mmseqs_easy_taxonomy_SILVA.benchmark.txt,2,8.33,1.07,197.66,0.128451,2.0,0.004628,0.018627,0.000196,0.018823,2.0,0.018823
updated,taxonomy,mmseqs_easy_taxonomy_vs_SILVA,1.0.1,74.0,./microbial/210615_391_A1_S1.0.1/mmseqs/splits/074/nuc/mmseqs_easy_taxonomy_vs_SILVA.benchmark.txt,10,273.13,2517.76,11139.98,9.218174,10.0,0.758694,3.053745,0.362056,3.415801,10.0,3.415801
updated,taxonomy,mmseqs_bestmatch_db,1.0.1,130.0,./microbial/210615_391_A1_S1.0.1/mmseqs/splits/130/mmseqs_bestmatch_db.benchmark.txt,1,0.7,0.1,37.46,0.142857,1.0,0.000194,0.000783,3e-06,0.000786,1.0,0.000786
updated,taxonomy,parse_mmseqs_easy_taxonomy_SILVA,1.0.1,130.0,./microbial/210615_391_A1_S1.0.1/mmseqs/splits/130/nuc/parse_mmseqs_easy_taxonomy_SILVA.benchmark.txt,2,0.9,0.87,235.36,0.966667,2.0,0.0005,0.002012,2.5e-05,0.002038,2.0,0.002038
updated,taxonomy,mmseqs_easy_taxonomy_vs_SILVA,1.0.1,130.0,./microbial/210615_391_A1_S1.0.1/mmseqs/splits/130/nuc/mmseqs_easy_taxonomy_vs_SILVA.benchmark.txt,10,373.34,3381.58,11147.25,9.057642,10.0,1.037056,4.174149,0.495215,4.669364,10.0,4.669364
updated,taxonomy,mmseqs_bestmatch_db,1.0.1,77.0,./microbial/210615_391_A1_S1.0.1/mmseqs/splits/077/mmseqs_bestmatch_db.benchmark.txt,1,0.91,0.92,181.4,1.010989,1.010989,0.000256,0.001029,2e-05,0.001048,1.010989,0.001048
updated,taxonomy,parse_mmseqs_easy_taxonomy_SILVA,1.0.1,77.0,./microbial/210615_391_A1_S1.0.1/mmseqs/splits/077/nuc/parse_mmseqs_easy_taxonomy_SILVA.benchmark.txt,2,1.09,0.89,214.3,0.816514,2.0,0.000606,0.002437,2.8e-05,0.002465,2.0,0.002465
updated,taxonomy,mmseqs_easy_taxonomy_vs_SILVA,1.0.1,77.0,./microbial/210615_391_A1_S1.0.1/mmseqs/splits/077/nuc/mmseqs_easy_taxonomy_vs_SILVA.benchmark.txt,10,271.75,2493.65,11185.82,9.176265,10.0,0.754861,3.038316,0.361709,3.400025,10.0,3.400025
updated,taxonomy,mmseqs_bestmatch_db,1.0.1,51.0,./microbial/210615_391_A1_S1.0.1/mmseqs/splits/051/mmseqs_bestmatch_db.benchmark.txt,1,2.15,0.6,176.2,0.27907,1.0,0.000597,0.002404,4.5e-05,0.002449,1.0,0.002449
updated,taxonomy,parse_mmseqs_easy_taxonomy_SILVA,1.0.1,51.0,./microbial/210615_391_A1_S1.0.1/mmseqs/splits/051/nuc/parse_mmseqs_easy_taxonomy_SILVA.benchmark.txt,2,0.92,1.06,234.55,1.152174,2.0,0.000511,0.002057,2.6e-05,0.002083,2.0,0.002083
updated,taxonomy,mmseqs_easy_taxonomy_vs_SILVA,1.0.1,51.0,./microbial/210615_391_A1_S1.0.1/mmseqs/splits/051/nuc/mmseqs_easy_taxonomy_vs_SILVA.benchmark.txt,10,324.34,2765.43,11172.53,8.52633,10.0,0.900944,3.626301,0.431195,4.057496,10.0,4.057496
updated,taxonomy,mmseqs_bestmatch_db,1.0.1,114.0,./microbial/210615_391_A1_S1.0.1/mmseqs/splits/114/mmseqs_bestmatch_db.benchmark.txt,1,1.41,0.6,171.97,0.425532,1.0,0.000392,0.001576,2.9e-05,0.001605,1.0,0.001605
updated,taxonomy,parse_mmseqs_easy_taxonomy_SILVA,1.0.1,114.0,./microbial/210615_391_A1_S1.0.1/mmseqs/splits/114/nuc/parse_mmseqs_easy_taxonomy_SILVA.benchmark.txt,2,8.32,1.07,198.88,0.128606,2.0,0.004622,0.018604,0.000197,0.018801,2.0,0.018801
updated,taxonomy,mmseqs_easy_taxonomy_vs_SILVA,1.0.1,114.0,./microbial/210615_391_A1_S1.0.1/mmseqs/splits/114/nuc/mmseqs_easy_taxonomy_vs_SILVA.benchmark.txt,10,278.61,2518.1,11195.0,9.038082,10.0,0.773917,3.115015,0.371144,3.486159,10.0,3.486159
updated,taxonomy,mmseqs_bestmatch_db,1.0.1,37.0,./microbial/210615_391_A1_S1.0.1/mmseqs/splits/037/mmseqs_bestmatch_db.benchmark.txt,1,0.55,0.09,37.75,0.163636,1.0,0.000153,0.000615,2e-06,0.000617,1.0,0.000617
updated,taxonomy,parse_mmseqs_easy_taxonomy_SILVA,1.0.1,37.0,./microbial/210615_391_A1_S1.0.1/mmseqs/splits/037/nuc/parse_mmseqs_easy_taxonomy_SILVA.benchmark.txt,2,2.4,0.73,187.21,0.304167,2.0,0.001333,0.005367,5.3e-05,0.00542,2.0,0.00542
updated,taxonomy,mmseqs_easy_taxonomy_vs_SILVA,1.0.1,37.0,./microbial/210615_391_A1_S1.0.1/mmseqs/splits/037/nuc/mmseqs_easy_taxonomy_vs_SILVA.benchmark.txt,10,335.17,3110.36,11144.13,9.279947,10.0,0.931028,3.747387,0.44446,4.191847,10.0,4.191847
updated,taxonomy,taxonomy_spatial_pos.Bacteria_genus,1.0.1,,./microbial/210615_391_A1_S1.0.1/tables/taxonomy_spatial_pos.Bacteria_genus.benchmark.txt,4,7.75,14.3,1544.2,1.845161,4.0,0.008611,0.03466,0.001424,0.036084,4.0,0.036084
updated,taxonomy,taxonomy_spatial_pos.Bacteria_phylum,1.0.1,,./microbial/210615_391_A1_S1.0.1/tables/taxonomy_spatial_pos.Bacteria_phylum.benchmark.txt,4,4.21,11.73,1521.02,2.786223,4.0,0.004678,0.018828,0.000762,0.01959,4.0,0.01959
updated,taxonomy,taxonomy_spatial_pos.Eukaryota_phylum,1.0.1,,./microbial/210615_391_A1_S1.0.1/tables/taxonomy_spatial_pos.Eukaryota_phylum.benchmark.txt,4,7.13,9.41,1197.36,1.319776,4.0,0.007922,0.031887,0.001016,0.032903,4.0,0.032903
updated,taxonomy,taxonomy_spatial_pos.Eukaryota_genus,1.0.1,,./microbial/210615_391_A1_S1.0.1/tables/taxonomy_spatial_pos.Eukaryota_genus.benchmark.txt,4,10.9,9.2,1254.6,0.844037,4.0,0.012111,0.048747,0.001627,0.050374,4.0,0.050374
updated,taxonomy,mmseqs_bestmatch_db,1.0.3,352.0,./microbial/210615_391_A1_S1.0.3/mmseqs/splits/352/mmseqs_bestmatch_db.benchmark.txt,1,0.81,0.55,172.99,0.679012,1.0,0.000225,0.000906,1.7e-05,0.000922,1.0,0.000922
updated,taxonomy,parse_mmseqs_easy_taxonomy_SILVA,1.0.3,352.0,./microbial/210615_391_A1_S1.0.3/mmseqs/splits/352/nuc/parse_mmseqs_easy_taxonomy_SILVA.benchmark.txt,2,0.84,0.33,121.47,0.392857,2.0,0.000467,0.001878,1.2e-05,0.00189,2.0,0.00189
updated,taxonomy,mmseqs_easy_taxonomy_vs_SILVA,1.0.3,352.0,./microbial/210615_391_A1_S1.0.3/mmseqs/splits/352/nuc/mmseqs_easy_taxonomy_vs_SILVA.benchmark.txt,10,257.38,2221.25,11191.64,8.630235,10.0,0.714944,2.877651,0.34276,3.220411,10.0,3.220411
updated,taxonomy,mmseqs_bestmatch_db,1.0.3,4.0,./microbial/210615_391_A1_S1.0.3/mmseqs/splits/004/mmseqs_bestmatch_db.benchmark.txt,1,0.68,0.08,37.22,0.117647,1.0,0.000189,0.00076,3e-06,0.000763,1.0,0.000763
updated,taxonomy,parse_mmseqs_easy_taxonomy_SILVA,1.0.3,4.0,./microbial/210615_391_A1_S1.0.3/mmseqs/splits/004/nuc/parse_mmseqs_easy_taxonomy_SILVA.benchmark.txt,2,0.96,0.69,200.55,0.71875,2.0,0.000533,0.002147,2.3e-05,0.00217,2.0,0.00217
updated,taxonomy,mmseqs_easy_taxonomy_vs_SILVA,1.0.3,4.0,./microbial/210615_391_A1_S1.0.3/mmseqs/splits/004/nuc/mmseqs_easy_taxonomy_vs_SILVA.benchmark.txt,10,351.39,3096.64,11140.88,8.812544,10.0,0.976083,3.928735,0.465833,4.394569,10.0,4.394569
updated,taxonomy,mmseqs_bestmatch_db,1.0.3,46.0,./microbial/210615_391_A1_S1.0.3/mmseqs/splits/046/mmseqs_bestmatch_db.benchmark.txt,1,0.73,0.1,44.54,0.136986,1.0,0.000203,0.000816,4e-06,0.00082,1.0,0.00082
updated,taxonomy,parse_mmseqs_easy_taxonomy_SILVA,1.0.3,46.0,./microbial/210615_391_A1_S1.0.3/mmseqs/splits/046/nuc/parse_mmseqs_easy_taxonomy_SILVA.benchmark.txt,2,0.89,0.95,232.73,1.067416,2.0,0.000494,0.00199,2.5e-05,0.002015,2.0,0.002015
updated,taxonomy,mmseqs_easy_taxonomy_vs_SILVA,1.0.3,46.0,./microbial/210615_391_A1_S1.0.3/mmseqs/splits/046/nuc/mmseqs_easy_taxonomy_vs_SILVA.benchmark.txt,10,274.78,2523.44,11137.16,9.183492,10.0,0.763278,3.072193,0.364151,3.436344,10.0,3.436344
updated,taxonomy,mmseqs_bestmatch_db,1.0.3,307.0,./microbial/210615_391_A1_S1.0.3/mmseqs/splits/307/mmseqs_bestmatch_db.benchmark.txt,1,1.04,0.3,114.84,0.288462,1.0,0.000289,0.001163,1.4e-05,0.001177,1.0,0.001177
updated,taxonomy,parse_mmseqs_easy_taxonomy_SILVA,1.0.3,307.0,./microbial/210615_391_A1_S1.0.3/mmseqs/splits/307/nuc/parse_mmseqs_easy_taxonomy_SILVA.benchmark.txt,2,0.95,0.86,223.96,0.905263,2.0,0.000528,0.002124,2.5e-05,0.00215,2.0,0.00215
updated,taxonomy,mmseqs_easy_taxonomy_vs_SILVA,1.0.3,307.0,./microbial/210615_391_A1_S1.0.3/mmseqs/splits/307/nuc/mmseqs_easy_taxonomy_vs_SILVA.benchmark.txt,10,263.7,2247.69,11174.53,8.523663,10.0,0.7325,2.948312,0.35064,3.298952,10.0,3.298952
updated,taxonomy,mmseqs_bestmatch_db,1.0.3,187.0,./microbial/210615_391_A1_S1.0.3/mmseqs/splits/187/mmseqs_bestmatch_db.benchmark.txt,1,0.89,0.3,108.07,0.337079,1.0,0.000247,0.000995,1.1e-05,0.001007,1.0,0.001007
updated,taxonomy,parse_mmseqs_easy_taxonomy_SILVA,1.0.3,187.0,./microbial/210615_391_A1_S1.0.3/mmseqs/splits/187/nuc/parse_mmseqs_easy_taxonomy_SILVA.benchmark.txt,2,0.9,0.96,226.82,1.066667,2.0,0.0005,0.002012,2.4e-05,0.002037,2.0,0.002037
updated,taxonomy,mmseqs_easy_taxonomy_vs_SILVA,1.0.3,187.0,./microbial/210615_391_A1_S1.0.3/mmseqs/splits/187/nuc/mmseqs_easy_taxonomy_vs_SILVA.benchmark.txt,10,284.57,2440.91,11161.23,8.577538,10.0,0.790472,3.181651,0.37794,3.559591,10.0,3.559591
updated,taxonomy,mmseqs_bestmatch_db,1.0.3,267.0,./microbial/210615_391_A1_S1.0.3/mmseqs/splits/267/mmseqs_bestmatch_db.benchmark.txt,1,0.77,0.55,183.49,0.714286,1.0,0.000214,0.000861,1.7e-05,0.000878,1.0,0.000878
updated,taxonomy,parse_mmseqs_easy_taxonomy_SILVA,1.0.3,267.0,./microbial/210615_391_A1_S1.0.3/mmseqs/splits/267/nuc/parse_mmseqs_easy_taxonomy_SILVA.benchmark.txt,2,1.06,0.76,201.42,0.716981,2.0,0.000589,0.00237,2.5e-05,0.002396,2.0,0.002396
updated,taxonomy,mmseqs_easy_taxonomy_vs_SILVA,1.0.3,267.0,./microbial/210615_391_A1_S1.0.3/mmseqs/splits/267/nuc/mmseqs_easy_taxonomy_vs_SILVA.benchmark.txt,10,295.56,2537.3,11157.57,8.584721,10.0,0.821,3.304525,0.392407,3.696932,10.0,3.696932
updated,taxonomy,mmseqs_bestmatch_db,1.0.3,288.0,./microbial/210615_391_A1_S1.0.3/mmseqs/splits/288/mmseqs_bestmatch_db.benchmark.txt,1,0.75,0.11,39.29,0.146667,1.0,0.000208,0.000839,4e-06,0.000842,1.0,0.000842
updated,taxonomy,parse_mmseqs_easy_taxonomy_SILVA,1.0.3,288.0,./microbial/210615_391_A1_S1.0.3/mmseqs/splits/288/nuc/parse_mmseqs_easy_taxonomy_SILVA.benchmark.txt,2,1.19,0.96,200.78,0.806723,2.0,0.000661,0.002661,2.8e-05,0.002689,2.0,0.002689
updated,taxonomy,mmseqs_easy_taxonomy_vs_SILVA,1.0.3,288.0,./microbial/210615_391_A1_S1.0.3/mmseqs/splits/288/nuc/mmseqs_easy_taxonomy_vs_SILVA.benchmark.txt,10,356.58,3147.44,11139.66,8.826743,10.0,0.9905,3.986762,0.472662,4.459424,10.0,4.459424
updated,taxonomy,mmseqs_bestmatch_db,1.0.3,5.0,./microbial/210615_391_A1_S1.0.3/mmseqs/splits/005/mmseqs_bestmatch_db.benchmark.txt,1,0.67,0.09,37.91,0.134328,1.0,0.000186,0.000749,3e-06,0.000752,1.0,0.000752
updated,taxonomy,parse_mmseqs_easy_taxonomy_SILVA,1.0.3,5.0,./microbial/210615_391_A1_S1.0.3/mmseqs/splits/005/nuc/parse_mmseqs_easy_taxonomy_SILVA.benchmark.txt,2,0.87,0.74,213.84,0.850575,2.0,0.000483,0.001945,2.2e-05,0.001968,2.0,0.001968
updated,taxonomy,mmseqs_easy_taxonomy_vs_SILVA,1.0.3,5.0,./microbial/210615_391_A1_S1.0.3/mmseqs/splits/005/nuc/mmseqs_easy_taxonomy_vs_SILVA.benchmark.txt,10,329.51,3130.4,11160.87,9.500167,10.0,0.915306,3.684105,0.437611,4.121716,10.0,4.121716
updated,taxonomy,mmseqs_bestmatch_db,1.0.3,144.0,./microbial/210615_391_A1_S1.0.3/mmseqs/splits/144/mmseqs_bestmatch_db.benchmark.txt,1,0.65,0.08,37.66,0.123077,1.0,0.000181,0.000727,3e-06,0.00073,1.0,0.00073
updated,taxonomy,parse_mmseqs_easy_taxonomy_SILVA,1.0.3,144.0,./microbial/210615_391_A1_S1.0.3/mmseqs/splits/144/nuc/parse_mmseqs_easy_taxonomy_SILVA.benchmark.txt,2,1.64,0.59,201.73,0.359756,2.0,0.000911,0.003667,3.9e-05,0.003707,2.0,0.003707
updated,taxonomy,mmseqs_easy_taxonomy_vs_SILVA,1.0.3,144.0,./microbial/210615_391_A1_S1.0.3/mmseqs/splits/144/nuc/mmseqs_easy_taxonomy_vs_SILVA.benchmark.txt,10,292.83,2523.45,11172.67,8.617457,10.0,0.813417,3.274002,0.389309,3.663311,10.0,3.663311
updated,taxonomy,mmseqs_bestmatch_db,1.0.3,83.0,./microbial/210615_391_A1_S1.0.3/mmseqs/splits/083/mmseqs_bestmatch_db.benchmark.txt,1,0.84,0.52,166.98,0.619048,1.0,0.000233,0.000939,1.7e-05,0.000956,1.0,0.000956
updated,taxonomy,parse_mmseqs_easy_taxonomy_SILVA,1.0.3,83.0,./microbial/210615_391_A1_S1.0.3/mmseqs/splits/083/nuc/parse_mmseqs_easy_taxonomy_SILVA.benchmark.txt,2,1.12,0.83,194.54,0.741071,2.0,0.000622,0.002504,2.6e-05,0.00253,2.0,0.00253
updated,taxonomy,mmseqs_easy_taxonomy_vs_SILVA,1.0.3,83.0,./microbial/210615_391_A1_S1.0.3/mmseqs/splits/083/nuc/mmseqs_easy_taxonomy_vs_SILVA.benchmark.txt,10,305.03,2809.9,11170.75,9.211881,10.0,0.847306,3.410405,0.405459,3.815863,10.0,3.815863
updated,taxonomy,mmseqs_bestmatch_db,1.0.3,277.0,./microbial/210615_391_A1_S1.0.3/mmseqs/splits/277/mmseqs_bestmatch_db.benchmark.txt,1,0.78,0.64,182.82,0.820513,1.0,0.000217,0.000872,1.7e-05,0.000889,1.0,0.000889
updated,taxonomy,parse_mmseqs_easy_taxonomy_SILVA,1.0.3,277.0,./microbial/210615_391_A1_S1.0.3/mmseqs/splits/277/nuc/parse_mmseqs_easy_taxonomy_SILVA.benchmark.txt,2,0.95,0.89,231.28,0.936842,2.0,0.000528,0.002124,2.6e-05,0.00215,2.0,0.00215
updated,taxonomy,mmseqs_easy_taxonomy_vs_SILVA,1.0.3,277.0,./microbial/210615_391_A1_S1.0.3/mmseqs/splits/277/nuc/mmseqs_easy_taxonomy_vs_SILVA.benchmark.txt,10,280.59,2518.57,11139.96,8.975979,10.0,0.779417,3.137152,0.371944,3.509096,10.0,3.509096
updated,taxonomy,mmseqs_bestmatch_db,1.0.3,10.0,./microbial/210615_391_A1_S1.0.3/mmseqs/splits/010/mmseqs_bestmatch_db.benchmark.txt,1,0.78,0.6,194.58,0.769231,1.0,0.000217,0.000872,1.8e-05,0.00089,1.0,0.00089
updated,taxonomy,parse_mmseqs_easy_taxonomy_SILVA,1.0.3,10.0,./microbial/210615_391_A1_S1.0.3/mmseqs/splits/010/nuc/parse_mmseqs_easy_taxonomy_SILVA.benchmark.txt,2,1.2,0.72,189.71,0.6,2.0,0.000667,0.002683,2.7e-05,0.00271,2.0,0.00271
updated,taxonomy,mmseqs_easy_taxonomy_vs_SILVA,1.0.3,10.0,./microbial/210615_391_A1_S1.0.3/mmseqs/splits/010/nuc/mmseqs_easy_taxonomy_vs_SILVA.benchmark.txt,10,317.67,2834.21,11117.46,8.921869,10.0,0.882417,3.551727,0.420246,3.971973,10.0,3.971973
updated,taxonomy,mmseqs_bestmatch_db,1.0.3,263.0,./microbial/210615_391_A1_S1.0.3/mmseqs/splits/263/mmseqs_bestmatch_db.benchmark.txt,1,1.14,0.26,92.79,0.22807,1.0,0.000317,0.001275,1.3e-05,0.001287,1.0,0.001287
updated,taxonomy,parse_mmseqs_easy_taxonomy_SILVA,1.0.3,263.0,./microbial/210615_391_A1_S1.0.3/mmseqs/splits/263/nuc/parse_mmseqs_easy_taxonomy_SILVA.benchmark.txt,2,0.95,0.89,230.04,0.936842,2.0,0.000528,0.002124,2.6e-05,0.00215,2.0,0.00215
updated,taxonomy,mmseqs_easy_taxonomy_vs_SILVA,1.0.3,263.0,./microbial/210615_391_A1_S1.0.3/mmseqs/splits/263/nuc/mmseqs_easy_taxonomy_vs_SILVA.benchmark.txt,10,265.16,2201.78,11184.53,8.30359,10.0,0.736556,2.964636,0.352897,3.317533,10.0,3.317533
updated,taxonomy,mmseqs_bestmatch_db,1.0.3,354.0,./microbial/210615_391_A1_S1.0.3/mmseqs/splits/354/mmseqs_bestmatch_db.benchmark.txt,1,1.0,0.27,87.79,0.27,1.0,0.000278,0.001118,1e-05,0.001129,1.0,0.001129
updated,taxonomy,parse_mmseqs_easy_taxonomy_SILVA,1.0.3,354.0,./microbial/210615_391_A1_S1.0.3/mmseqs/splits/354/nuc/parse_mmseqs_easy_taxonomy_SILVA.benchmark.txt,2,1.08,0.82,202.59,0.759259,2.0,0.0006,0.002415,2.6e-05,0.002441,2.0,0.002441
updated,taxonomy,mmseqs_easy_taxonomy_vs_SILVA,1.0.3,354.0,./microbial/210615_391_A1_S1.0.3/mmseqs/splits/354/nuc/mmseqs_easy_taxonomy_vs_SILVA.benchmark.txt,10,276.2,2489.15,11134.68,9.012129,10.0,0.767222,3.088069,0.365951,3.454021,10.0,3.454021
updated,taxonomy,mmseqs_bestmatch_db,1.0.3,97.0,./microbial/210615_391_A1_S1.0.3/mmseqs/splits/097/mmseqs_bestmatch_db.benchmark.txt,1,0.73,0.65,183.05,0.890411,1.0,0.000203,0.000816,1.6e-05,0.000832,1.0,0.000832
updated,taxonomy,parse_mmseqs_easy_taxonomy_SILVA,1.0.3,97.0,./microbial/210615_391_A1_S1.0.3/mmseqs/splits/097/nuc/parse_mmseqs_easy_taxonomy_SILVA.benchmark.txt,2,0.9,1.0,233.9,1.111111,2.0,0.0005,0.002012,2.5e-05,0.002038,2.0,0.002038
updated,taxonomy,mmseqs_easy_taxonomy_vs_SILVA,1.0.3,97.0,./microbial/210615_391_A1_S1.0.3/mmseqs/splits/097/nuc/mmseqs_easy_taxonomy_vs_SILVA.benchmark.txt,10,297.81,2514.28,11169.43,8.442564,10.0,0.82725,3.329681,0.395815,3.725496,10.0,3.725496
updated,taxonomy,mmseqs_bestmatch_db,1.0.3,23.0,./microbial/210615_391_A1_S1.0.3/mmseqs/splits/023/mmseqs_bestmatch_db.benchmark.txt,1,1.22,0.52,182.61,0.42623,1.0,0.000339,0.001364,2.7e-05,0.001391,1.0,0.001391
updated,taxonomy,parse_mmseqs_easy_taxonomy_SILVA,1.0.3,23.0,./microbial/210615_391_A1_S1.0.3/mmseqs/splits/023/nuc/parse_mmseqs_easy_taxonomy_SILVA.benchmark.txt,2,1.02,0.74,199.34,0.72549,2.0,0.000567,0.002281,2.4e-05,0.002305,2.0,0.002305
updated,taxonomy,mmseqs_easy_taxonomy_vs_SILVA,1.0.3,23.0,./microbial/210615_391_A1_S1.0.3/mmseqs/splits/023/nuc/mmseqs_easy_taxonomy_vs_SILVA.benchmark.txt,10,360.09,3224.52,11163.85,8.954761,10.0,1.00025,4.026006,0.478351,4.504357,10.0,4.504357
updated,taxonomy,mmseqs_bestmatch_db,1.0.3,177.0,./microbial/210615_391_A1_S1.0.3/mmseqs/splits/177/mmseqs_bestmatch_db.benchmark.txt,1,0.78,0.13,37.31,0.166667,1.0,0.000217,0.000872,3e-06,0.000876,1.0,0.000876
updated,taxonomy,parse_mmseqs_easy_taxonomy_SILVA,1.0.3,177.0,./microbial/210615_391_A1_S1.0.3/mmseqs/splits/177/nuc/parse_mmseqs_easy_taxonomy_SILVA.benchmark.txt,2,0.95,0.94,232.97,0.989474,2.0,0.000528,0.002124,2.6e-05,0.002151,2.0,0.002151
updated,taxonomy,mmseqs_easy_taxonomy_vs_SILVA,1.0.3,177.0,./microbial/210615_391_A1_S1.0.3/mmseqs/splits/177/nuc/mmseqs_easy_taxonomy_vs_SILVA.benchmark.txt,10,290.23,2517.7,11165.64,8.674844,10.0,0.806194,3.244933,0.385609,3.630542,10.0,3.630542
updated,taxonomy,mmseqs_bestmatch_db,1.0.3,223.0,./microbial/210615_391_A1_S1.0.3/mmseqs/splits/223/mmseqs_bestmatch_db.benchmark.txt,1,0.82,0.49,166.36,0.597561,1.0,0.000228,0.000917,1.6e-05,0.000933,1.0,0.000933
updated,taxonomy,parse_mmseqs_easy_taxonomy_SILVA,1.0.3,223.0,./microbial/210615_391_A1_S1.0.3/mmseqs/splits/223/nuc/parse_mmseqs_easy_taxonomy_SILVA.benchmark.txt,2,0.9,0.85,226.15,0.944444,2.0,0.0005,0.002012,2.4e-05,0.002037,2.0,0.002037
updated,taxonomy,mmseqs_easy_taxonomy_vs_SILVA,1.0.3,223.0,./microbial/210615_391_A1_S1.0.3/mmseqs/splits/223/nuc/mmseqs_easy_taxonomy_vs_SILVA.benchmark.txt,10,279.4,2483.83,11174.98,8.889871,10.0,0.776111,3.123847,0.371531,3.495378,10.0,3.495378
updated,taxonomy,mmseqs_bestmatch_db,1.0.3,110.0,./microbial/210615_391_A1_S1.0.3/mmseqs/splits/110/mmseqs_bestmatch_db.benchmark.txt,1,0.94,0.35,118.16,0.37234,1.0,0.000261,0.001051,1.3e-05,0.001064,1.0,0.001064
updated,taxonomy,parse_mmseqs_easy_taxonomy_SILVA,1.0.3,110.0,./microbial/210615_391_A1_S1.0.3/mmseqs/splits/110/nuc/parse_mmseqs_easy_taxonomy_SILVA.benchmark.txt,2,0.93,0.89,230.71,0.956989,2.0,0.000517,0.00208,2.6e-05,0.002105,2.0,0.002105
updated,taxonomy,mmseqs_easy_taxonomy_vs_SILVA,1.0.3,110.0,./microbial/210615_391_A1_S1.0.3/mmseqs/splits/110/nuc/mmseqs_easy_taxonomy_vs_SILVA.benchmark.txt,10,320.76,2784.76,11184.21,8.681756,10.0,0.891,3.586275,0.426881,4.013156,10.0,4.013156
updated,taxonomy,mmseqs_bestmatch_db,1.0.3,311.0,./microbial/210615_391_A1_S1.0.3/mmseqs/splits/311/mmseqs_bestmatch_db.benchmark.txt,1,0.85,0.52,179.02,0.611765,1.0,0.000236,0.00095,1.8e-05,0.000968,1.0,0.000968
updated,taxonomy,parse_mmseqs_easy_taxonomy_SILVA,1.0.3,311.0,./microbial/210615_391_A1_S1.0.3/mmseqs/splits/311/nuc/parse_mmseqs_easy_taxonomy_SILVA.benchmark.txt,2,0.88,0.97,236.58,1.102273,2.0,0.000489,0.001968,2.5e-05,0.001993,2.0,0.001993
updated,taxonomy,mmseqs_easy_taxonomy_vs_SILVA,1.0.3,311.0,./microbial/210615_391_A1_S1.0.3/mmseqs/splits/311/nuc/mmseqs_easy_taxonomy_vs_SILVA.benchmark.txt,10,355.17,3120.33,11177.75,8.785455,10.0,0.986583,3.970998,0.472403,4.443401,10.0,4.443401
updated,taxonomy,mmseqs_bestmatch_db,1.0.3,218.0,./microbial/210615_391_A1_S1.0.3/mmseqs/splits/218/mmseqs_bestmatch_db.benchmark.txt,1,3.27,0.48,109.09,0.146789,1.0,0.000908,0.003656,4.2e-05,0.003698,1.0,0.003698
updated,taxonomy,parse_mmseqs_easy_taxonomy_SILVA,1.0.3,218.0,./microbial/210615_391_A1_S1.0.3/mmseqs/splits/218/nuc/parse_mmseqs_easy_taxonomy_SILVA.benchmark.txt,2,1.01,0.79,202.81,0.782178,2.0,0.000561,0.002258,2.4e-05,0.002283,2.0,0.002283
updated,taxonomy,mmseqs_easy_taxonomy_vs_SILVA,1.0.3,218.0,./microbial/210615_391_A1_S1.0.3/mmseqs/splits/218/nuc/mmseqs_easy_taxonomy_vs_SILVA.benchmark.txt,10,301.64,2823.16,11159.7,9.359369,10.0,0.837889,3.372503,0.400556,3.773059,10.0,3.773059
updated,taxonomy,mmseqs_bestmatch_db,1.0.3,236.0,./microbial/210615_391_A1_S1.0.3/mmseqs/splits/236/mmseqs_bestmatch_db.benchmark.txt,1,0.83,0.44,180.71,0.53012,1.0,0.000231,0.000928,1.8e-05,0.000946,1.0,0.000946
updated,taxonomy,parse_mmseqs_easy_taxonomy_SILVA,1.0.3,236.0,./microbial/210615_391_A1_S1.0.3/mmseqs/splits/236/nuc/parse_mmseqs_easy_taxonomy_SILVA.benchmark.txt,2,0.88,0.99,233.05,1.125,2.0,0.000489,0.001968,2.4e-05,0.001992,2.0,0.001992
updated,taxonomy,mmseqs_easy_taxonomy_vs_SILVA,1.0.3,236.0,./microbial/210615_391_A1_S1.0.3/mmseqs/splits/236/nuc/mmseqs_easy_taxonomy_vs_SILVA.benchmark.txt,10,296.1,2506.09,11200.93,8.463661,10.0,0.8225,3.310562,0.394652,3.705214,10.0,3.705214
updated,taxonomy,mmseqs_bestmatch_db,1.0.3,71.0,./microbial/210615_391_A1_S1.0.3/mmseqs/splits/071/mmseqs_bestmatch_db.benchmark.txt,1,1.2,0.2,62.7,0.166667,1.0,0.000333,0.001342,9e-06,0.001351,1.0,0.001351
updated,taxonomy,parse_mmseqs_easy_taxonomy_SILVA,1.0.3,71.0,./microbial/210615_391_A1_S1.0.3/mmseqs/splits/071/nuc/parse_mmseqs_easy_taxonomy_SILVA.benchmark.txt,2,1.14,0.23,96.11,0.201754,2.0,0.000633,0.002549,1.3e-05,0.002562,2.0,0.002562
updated,taxonomy,mmseqs_easy_taxonomy_vs_SILVA,1.0.3,71.0,./microbial/210615_391_A1_S1.0.3/mmseqs/splits/071/nuc/mmseqs_easy_taxonomy_vs_SILVA.benchmark.txt,10,343.08,3154.76,11145.46,9.195406,10.0,0.953,3.835825,0.455004,4.290829,10.0,4.290829
updated,taxonomy,mmseqs_bestmatch_db,1.0.3,60.0,./microbial/210615_391_A1_S1.0.3/mmseqs/splits/060/mmseqs_bestmatch_db.benchmark.txt,1,0.8,0.58,178.34,0.725,1.0,0.000222,0.000894,1.7e-05,0.000911,1.0,0.000911
updated,taxonomy,parse_mmseqs_easy_taxonomy_SILVA,1.0.3,60.0,./microbial/210615_391_A1_S1.0.3/mmseqs/splits/060/nuc/parse_mmseqs_easy_taxonomy_SILVA.benchmark.txt,2,1.02,0.79,220.64,0.77451,2.0,0.000567,0.002281,2.7e-05,0.002308,2.0,0.002308
updated,taxonomy,mmseqs_easy_taxonomy_vs_SILVA,1.0.3,60.0,./microbial/210615_391_A1_S1.0.3/mmseqs/splits/060/nuc/mmseqs_easy_taxonomy_vs_SILVA.benchmark.txt,10,298.8,2504.27,11164.66,8.381091,10.0,0.83,3.34075,0.396961,3.737711,10.0,3.737711
updated,taxonomy,mmseqs_bestmatch_db,1.0.3,269.0,./microbial/210615_391_A1_S1.0.3/mmseqs/splits/269/mmseqs_bestmatch_db.benchmark.txt,1,0.79,0.6,177.29,0.759494,1.0,0.000219,0.000883,1.7e-05,0.0009,1.0,0.0009
updated,taxonomy,parse_mmseqs_easy_taxonomy_SILVA,1.0.3,269.0,./microbial/210615_391_A1_S1.0.3/mmseqs/splits/269/nuc/parse_mmseqs_easy_taxonomy_SILVA.benchmark.txt,2,1.69,0.73,193.84,0.431953,2.0,0.000939,0.003779,3.9e-05,0.003818,2.0,0.003818
updated,taxonomy,mmseqs_easy_taxonomy_vs_SILVA,1.0.3,269.0,./microbial/210615_391_A1_S1.0.3/mmseqs/splits/269/nuc/mmseqs_easy_taxonomy_vs_SILVA.benchmark.txt,10,337.29,2851.4,11182.27,8.453853,10.0,0.936917,3.77109,0.448802,4.219892,10.0,4.219892
updated,taxonomy,mmseqs_bestmatch_db,1.0.3,116.0,./microbial/210615_391_A1_S1.0.3/mmseqs/splits/116/mmseqs_bestmatch_db.benchmark.txt,1,0.8,0.54,180.04,0.675,1.0,0.000222,0.000894,1.7e-05,0.000912,1.0,0.000912
updated,taxonomy,parse_mmseqs_easy_taxonomy_SILVA,1.0.3,116.0,./microbial/210615_391_A1_S1.0.3/mmseqs/splits/116/nuc/parse_mmseqs_easy_taxonomy_SILVA.benchmark.txt,2,1.02,0.68,192.14,0.666667,2.0,0.000567,0.002281,2.3e-05,0.002304,2.0,0.002304
updated,taxonomy,mmseqs_easy_taxonomy_vs_SILVA,1.0.3,116.0,./microbial/210615_391_A1_S1.0.3/mmseqs/splits/116/nuc/mmseqs_easy_taxonomy_vs_SILVA.benchmark.txt,10,268.43,2517.91,11124.82,9.380136,10.0,0.745639,3.001197,0.355341,3.356538,10.0,3.356538
updated,taxonomy,mmseqs_bestmatch_db,1.0.3,128.0,./microbial/210615_391_A1_S1.0.3/mmseqs/splits/128/mmseqs_bestmatch_db.benchmark.txt,1,0.71,0.1,39.14,0.140845,1.0,0.000197,0.000794,3e-06,0.000797,1.0,0.000797
updated,taxonomy,parse_mmseqs_easy_taxonomy_SILVA,1.0.3,128.0,./microbial/210615_391_A1_S1.0.3/mmseqs/splits/128/nuc/parse_mmseqs_easy_taxonomy_SILVA.benchmark.txt,2,1.09,0.78,198.93,0.715596,2.0,0.000606,0.002437,2.6e-05,0.002463,2.0,0.002463
updated,taxonomy,mmseqs_easy_taxonomy_vs_SILVA,1.0.3,128.0,./microbial/210615_391_A1_S1.0.3/mmseqs/splits/128/nuc/mmseqs_easy_taxonomy_vs_SILVA.benchmark.txt,10,297.92,2507.96,11189.85,8.418233,10.0,0.827556,3.330911,0.396685,3.727596,10.0,3.727596
updated,taxonomy,mmseqs_bestmatch_db,1.0.3,335.0,./microbial/210615_391_A1_S1.0.3/mmseqs/splits/335/mmseqs_bestmatch_db.benchmark.txt,1,0.82,0.45,191.34,0.54878,1.0,0.000228,0.000917,1.9e-05,0.000935,1.0,0.000935
updated,taxonomy,parse_mmseqs_easy_taxonomy_SILVA,1.0.3,335.0,./microbial/210615_391_A1_S1.0.3/mmseqs/splits/335/nuc/parse_mmseqs_easy_taxonomy_SILVA.benchmark.txt,2,0.89,0.1,40.61,0.11236,2.0,0.000494,0.00199,4e-06,0.001994,2.0,0.001994
updated,taxonomy,mmseqs_easy_taxonomy_vs_SILVA,1.0.3,335.0,./microbial/210615_391_A1_S1.0.3/mmseqs/splits/335/nuc/mmseqs_easy_taxonomy_vs_SILVA.benchmark.txt,10,309.18,2780.18,11162.18,8.992108,10.0,0.858833,3.456804,0.41066,3.867464,10.0,3.867464
updated,taxonomy,mmseqs_bestmatch_db,1.0.3,117.0,./microbial/210615_391_A1_S1.0.3/mmseqs/splits/117/mmseqs_bestmatch_db.benchmark.txt,1,0.71,0.09,40.41,0.126761,1.0,0.000197,0.000794,3e-06,0.000797,1.0,0.000797
updated,taxonomy,parse_mmseqs_easy_taxonomy_SILVA,1.0.3,117.0,./microbial/210615_391_A1_S1.0.3/mmseqs/splits/117/nuc/parse_mmseqs_easy_taxonomy_SILVA.benchmark.txt,2,0.93,0.86,224.66,0.924731,2.0,0.000517,0.00208,2.5e-05,0.002104,2.0,0.002104
updated,taxonomy,mmseqs_easy_taxonomy_vs_SILVA,1.0.3,117.0,./microbial/210615_391_A1_S1.0.3/mmseqs/splits/117/nuc/mmseqs_easy_taxonomy_vs_SILVA.benchmark.txt,10,273.71,2524.99,11193.95,9.225056,10.0,0.760306,3.06023,0.364582,3.424812,10.0,3.424812
updated,taxonomy,mmseqs_bestmatch_db,1.0.3,359.0,./microbial/210615_391_A1_S1.0.3/mmseqs/splits/359/mmseqs_bestmatch_db.benchmark.txt,1,0.43,0.08,37.71,0.186047,1.0,0.000119,0.000481,2e-06,0.000483,1.0,0.000483
updated,taxonomy,parse_mmseqs_easy_taxonomy_SILVA,1.0.3,359.0,./microbial/210615_391_A1_S1.0.3/mmseqs/splits/359/nuc/parse_mmseqs_easy_taxonomy_SILVA.benchmark.txt,2,0.66,0.09,38.7,0.136364,2.0,0.000367,0.001476,3e-06,0.001479,2.0,0.001479
updated,taxonomy,mmseqs_easy_taxonomy_vs_SILVA,1.0.3,359.0,./microbial/210615_391_A1_S1.0.3/mmseqs/splits/359/nuc/mmseqs_easy_taxonomy_vs_SILVA.benchmark.txt,10,66.41,409.02,10724.11,6.159012,10.0,0.184472,0.742501,0.084745,0.827246,10.0,0.827246
updated,taxonomy,mmseqs_bestmatch_db,1.0.3,248.0,./microbial/210615_391_A1_S1.0.3/mmseqs/splits/248/mmseqs_bestmatch_db.benchmark.txt,1,0.77,0.57,174.69,0.74026,1.0,0.000214,0.000861,1.6e-05,0.000877,1.0,0.000877
updated,taxonomy,parse_mmseqs_easy_taxonomy_SILVA,1.0.3,248.0,./microbial/210615_391_A1_S1.0.3/mmseqs/splits/248/nuc/parse_mmseqs_easy_taxonomy_SILVA.benchmark.txt,2,0.95,0.79,213.51,0.831579,2.0,0.000528,0.002124,2.4e-05,0.002148,2.0,0.002148
updated,taxonomy,mmseqs_easy_taxonomy_vs_SILVA,1.0.3,248.0,./microbial/210615_391_A1_S1.0.3/mmseqs/splits/248/nuc/mmseqs_easy_taxonomy_vs_SILVA.benchmark.txt,10,273.65,2540.08,11178.27,9.282222,10.0,0.760139,3.059559,0.363992,3.423551,10.0,3.423551
updated,taxonomy,mmseqs_bestmatch_db,1.0.3,12.0,./microbial/210615_391_A1_S1.0.3/mmseqs/splits/012/mmseqs_bestmatch_db.benchmark.txt,1,3.18,0.72,180.4,0.226415,1.0,0.000883,0.003555,6.8e-05,0.003624,1.0,0.003624
updated,taxonomy,parse_mmseqs_easy_taxonomy_SILVA,1.0.3,12.0,./microbial/210615_391_A1_S1.0.3/mmseqs/splits/012/nuc/parse_mmseqs_easy_taxonomy_SILVA.benchmark.txt,2,0.89,0.81,214.69,0.910112,2.0,0.000494,0.00199,2.3e-05,0.002013,2.0,0.002013
updated,taxonomy,mmseqs_easy_taxonomy_vs_SILVA,1.0.3,12.0,./microbial/210615_391_A1_S1.0.3/mmseqs/splits/012/nuc/mmseqs_easy_taxonomy_vs_SILVA.benchmark.txt,10,325.35,2832.85,11141.45,8.707085,10.0,0.90375,3.637594,0.431334,4.068928,10.0,4.068928
updated,taxonomy,mmseqs_bestmatch_db,1.0.3,205.0,./microbial/210615_391_A1_S1.0.3/mmseqs/splits/205/mmseqs_bestmatch_db.benchmark.txt,1,0.88,0.41,171.25,0.465909,1.0,0.000244,0.000984,1.8e-05,0.001002,1.0,0.001002
updated,taxonomy,parse_mmseqs_easy_taxonomy_SILVA,1.0.3,205.0,./microbial/210615_391_A1_S1.0.3/mmseqs/splits/205/nuc/parse_mmseqs_easy_taxonomy_SILVA.benchmark.txt,2,0.9,0.97,237.03,1.077778,2.0,0.0005,0.002012,2.5e-05,0.002038,2.0,0.002038
updated,taxonomy,mmseqs_easy_taxonomy_vs_SILVA,1.0.3,205.0,./microbial/210615_391_A1_S1.0.3/mmseqs/splits/205/nuc/mmseqs_easy_taxonomy_vs_SILVA.benchmark.txt,10,267.84,2503.44,11185.22,9.346774,10.0,0.744,2.9946,0.356485,3.351085,10.0,3.351085
updated,taxonomy,mmseqs_bestmatch_db,1.0.3,350.0,./microbial/210615_391_A1_S1.0.3/mmseqs/splits/350/mmseqs_bestmatch_db.benchmark.txt,1,0.8,0.52,181.14,0.65,1.0,0.000222,0.000894,1.7e-05,0.000912,1.0,0.000912
updated,taxonomy,parse_mmseqs_easy_taxonomy_SILVA,1.0.3,350.0,./microbial/210615_391_A1_S1.0.3/mmseqs/splits/350/nuc/parse_mmseqs_easy_taxonomy_SILVA.benchmark.txt,2,0.95,0.87,232.76,0.915789,2.0,0.000528,0.002124,2.6e-05,0.002151,2.0,0.002151
updated,taxonomy,mmseqs_easy_taxonomy_vs_SILVA,1.0.3,350.0,./microbial/210615_391_A1_S1.0.3/mmseqs/splits/350/nuc/mmseqs_easy_taxonomy_vs_SILVA.benchmark.txt,10,309.39,2807.01,11169.55,9.072724,10.0,0.859417,3.459152,0.41121,3.870362,10.0,3.870362
updated,taxonomy,mmseqs_bestmatch_db,1.0.3,67.0,./microbial/210615_391_A1_S1.0.3/mmseqs/splits/067/mmseqs_bestmatch_db.benchmark.txt,1,0.84,0.51,186.93,0.607143,1.0,0.000233,0.000939,1.9e-05,0.000958,1.0,0.000958
updated,taxonomy,parse_mmseqs_easy_taxonomy_SILVA,1.0.3,67.0,./microbial/210615_391_A1_S1.0.3/mmseqs/splits/067/nuc/parse_mmseqs_easy_taxonomy_SILVA.benchmark.txt,2,0.9,0.97,225.67,1.077778,2.0,0.0005,0.002012,2.4e-05,0.002037,2.0,0.002037
updated,taxonomy,mmseqs_easy_taxonomy_vs_SILVA,1.0.3,67.0,./microbial/210615_391_A1_S1.0.3/mmseqs/splits/067/nuc/mmseqs_easy_taxonomy_vs_SILVA.benchmark.txt,10,323.94,2830.93,11136.18,8.739057,10.0,0.899833,3.621829,0.429262,4.051091,10.0,4.051091
updated,taxonomy,mmseqs_bestmatch_db,1.0.3,93.0,./microbial/210615_391_A1_S1.0.3/mmseqs/splits/093/mmseqs_bestmatch_db.benchmark.txt,1,0.82,0.54,169.16,0.658537,1.0,0.000228,0.000917,1.7e-05,0.000933,1.0,0.000933
updated,taxonomy,parse_mmseqs_easy_taxonomy_SILVA,1.0.3,93.0,./microbial/210615_391_A1_S1.0.3/mmseqs/splits/093/nuc/parse_mmseqs_easy_taxonomy_SILVA.benchmark.txt,2,4.12,0.78,203.67,0.18932,2.0,0.002289,0.009213,0.0001,0.009313,2.0,0.009313
updated,taxonomy,mmseqs_easy_taxonomy_vs_SILVA,1.0.3,93.0,./microbial/210615_391_A1_S1.0.3/mmseqs/splits/093/nuc/mmseqs_easy_taxonomy_vs_SILVA.benchmark.txt,10,323.87,2854.21,11177.97,8.812826,10.0,0.899639,3.621047,0.43078,4.051826,10.0,4.051826
updated,taxonomy,mmseqs_bestmatch_db,1.0.3,163.0,./microbial/210615_391_A1_S1.0.3/mmseqs/splits/163/mmseqs_bestmatch_db.benchmark.txt,1,0.7,0.08,36.73,0.114286,1.0,0.000194,0.000783,3e-06,0.000786,1.0,0.000786
updated,taxonomy,parse_mmseqs_easy_taxonomy_SILVA,1.0.3,163.0,./microbial/210615_391_A1_S1.0.3/mmseqs/splits/163/nuc/parse_mmseqs_easy_taxonomy_SILVA.benchmark.txt,2,1.34,0.9,192.07,0.671642,2.0,0.000744,0.002996,3.1e-05,0.003027,2.0,0.003027
updated,taxonomy,mmseqs_easy_taxonomy_vs_SILVA,1.0.3,163.0,./microbial/210615_391_A1_S1.0.3/mmseqs/splits/163/nuc/mmseqs_easy_taxonomy_vs_SILVA.benchmark.txt,10,340.35,3150.82,11144.8,9.257588,10.0,0.945417,3.805302,0.451356,4.256659,10.0,4.256659
updated,taxonomy,mmseqs_bestmatch_db,1.0.3,34.0,./microbial/210615_391_A1_S1.0.3/mmseqs/splits/034/mmseqs_bestmatch_db.benchmark.txt,1,0.81,0.77,194.66,0.950617,1.0,0.000225,0.000906,1.9e-05,0.000924,1.0,0.000924
updated,taxonomy,parse_mmseqs_easy_taxonomy_SILVA,1.0.3,34.0,./microbial/210615_391_A1_S1.0.3/mmseqs/splits/034/nuc/parse_mmseqs_easy_taxonomy_SILVA.benchmark.txt,2,0.9,0.94,225.23,1.044444,2.0,0.0005,0.002012,2.4e-05,0.002037,2.0,0.002037
updated,taxonomy,mmseqs_easy_taxonomy_vs_SILVA,1.0.3,34.0,./microbial/210615_391_A1_S1.0.3/mmseqs/splits/034/nuc/mmseqs_easy_taxonomy_vs_SILVA.benchmark.txt,10,353.64,3090.26,11140.25,8.738435,10.0,0.982333,3.953892,0.46879,4.422681,10.0,4.422681
updated,taxonomy,mmseqs_bestmatch_db,1.0.3,247.0,./microbial/210615_391_A1_S1.0.3/mmseqs/splits/247/mmseqs_bestmatch_db.benchmark.txt,1,0.77,0.53,180.02,0.688312,1.0,0.000214,0.000861,1.6e-05,0.000877,1.0,0.000877
updated,taxonomy,parse_mmseqs_easy_taxonomy_SILVA,1.0.3,247.0,./microbial/210615_391_A1_S1.0.3/mmseqs/splits/247/nuc/parse_mmseqs_easy_taxonomy_SILVA.benchmark.txt,2,0.96,0.95,229.28,0.989583,2.0,0.000533,0.002147,2.6e-05,0.002173,2.0,0.002173
updated,taxonomy,mmseqs_easy_taxonomy_vs_SILVA,1.0.3,247.0,./microbial/210615_391_A1_S1.0.3/mmseqs/splits/247/nuc/mmseqs_easy_taxonomy_vs_SILVA.benchmark.txt,10,289.87,2527.78,11134.43,8.720392,10.0,0.805194,3.240908,0.384055,3.624962,10.0,3.624962
updated,taxonomy,mmseqs_bestmatch_db,1.0.3,302.0,./microbial/210615_391_A1_S1.0.3/mmseqs/splits/302/mmseqs_bestmatch_db.benchmark.txt,1,0.7,0.08,36.96,0.114286,1.0,0.000194,0.000783,3e-06,0.000786,1.0,0.000786
updated,taxonomy,parse_mmseqs_easy_taxonomy_SILVA,1.0.3,302.0,./microbial/210615_391_A1_S1.0.3/mmseqs/splits/302/nuc/parse_mmseqs_easy_taxonomy_SILVA.benchmark.txt,2,2.47,0.73,183.34,0.295547,2.0,0.001372,0.005523,5.4e-05,0.005577,2.0,0.005577
updated,taxonomy,mmseqs_easy_taxonomy_vs_SILVA,1.0.3,302.0,./microbial/210615_391_A1_S1.0.3/mmseqs/splits/302/nuc/mmseqs_easy_taxonomy_vs_SILVA.benchmark.txt,10,275.73,2524.34,11173.02,9.155116,10.0,0.765917,3.082815,0.366586,3.449401,10.0,3.449401
updated,taxonomy,mmseqs_bestmatch_db,1.0.3,265.0,./microbial/210615_391_A1_S1.0.3/mmseqs/splits/265/mmseqs_bestmatch_db.benchmark.txt,1,0.71,0.09,37.26,0.126761,1.0,0.000197,0.000794,3e-06,0.000797,1.0,0.000797
updated,taxonomy,parse_mmseqs_easy_taxonomy_SILVA,1.0.3,265.0,./microbial/210615_391_A1_S1.0.3/mmseqs/splits/265/nuc/parse_mmseqs_easy_taxonomy_SILVA.benchmark.txt,2,3.61,1.03,200.13,0.285319,2.0,0.002006,0.008072,8.6e-05,0.008158,2.0,0.008158
updated,taxonomy,mmseqs_easy_taxonomy_vs_SILVA,1.0.3,265.0,./microbial/210615_391_A1_S1.0.3/mmseqs/splits/265/nuc/mmseqs_easy_taxonomy_vs_SILVA.benchmark.txt,10,279.89,2530.9,11159.62,9.042481,10.0,0.777472,3.129326,0.371671,3.500996,10.0,3.500996
updated,taxonomy,mmseqs_bestmatch_db,1.0.3,100.0,./microbial/210615_391_A1_S1.0.3/mmseqs/splits/100/mmseqs_bestmatch_db.benchmark.txt,1,0.7,0.08,37.03,0.114286,1.0,0.000194,0.000783,3e-06,0.000786,1.0,0.000786
updated,taxonomy,parse_mmseqs_easy_taxonomy_SILVA,1.0.3,100.0,./microbial/210615_391_A1_S1.0.3/mmseqs/splits/100/nuc/parse_mmseqs_easy_taxonomy_SILVA.benchmark.txt,2,1.09,0.95,213.84,0.87156,2.0,0.000606,0.002437,2.8e-05,0.002465,2.0,0.002465
updated,taxonomy,mmseqs_easy_taxonomy_vs_SILVA,1.0.3,100.0,./microbial/210615_391_A1_S1.0.3/mmseqs/splits/100/nuc/mmseqs_easy_taxonomy_vs_SILVA.benchmark.txt,10,323.32,2698.54,11173.99,8.346344,10.0,0.898111,3.614897,0.429895,4.044792,10.0,4.044792
updated,taxonomy,mmseqs_bestmatch_db,1.0.3,78.0,./microbial/210615_391_A1_S1.0.3/mmseqs/splits/078/mmseqs_bestmatch_db.benchmark.txt,1,0.97,0.52,169.59,0.536082,1.0,0.000269,0.001085,2e-05,0.001104,1.0,0.001104
updated,taxonomy,parse_mmseqs_easy_taxonomy_SILVA,1.0.3,78.0,./microbial/210615_391_A1_S1.0.3/mmseqs/splits/078/nuc/parse_mmseqs_easy_taxonomy_SILVA.benchmark.txt,2,2.37,1.15,167.66,0.485232,2.0,0.001317,0.0053,4.7e-05,0.005347,2.0,0.005347
updated,taxonomy,mmseqs_easy_taxonomy_vs_SILVA,1.0.3,78.0,./microbial/210615_391_A1_S1.0.3/mmseqs/splits/078/nuc/mmseqs_easy_taxonomy_vs_SILVA.benchmark.txt,10,276.97,2517.13,11186.79,9.088096,10.0,0.769361,3.096678,0.368689,3.465367,10.0,3.465367
updated,taxonomy,mmseqs_bestmatch_db,1.0.3,166.0,./microbial/210615_391_A1_S1.0.3/mmseqs/splits/166/mmseqs_bestmatch_db.benchmark.txt,1,0.76,0.59,180.53,0.776316,1.0,0.000211,0.00085,1.6e-05,0.000866,1.0,0.000866
updated,taxonomy,parse_mmseqs_easy_taxonomy_SILVA,1.0.3,166.0,./microbial/210615_391_A1_S1.0.3/mmseqs/splits/166/nuc/parse_mmseqs_easy_taxonomy_SILVA.benchmark.txt,2,1.19,0.84,207.94,0.705882,2.0,0.000661,0.002661,2.9e-05,0.00269,2.0,0.00269
updated,taxonomy,mmseqs_easy_taxonomy_vs_SILVA,1.0.3,166.0,./microbial/210615_391_A1_S1.0.3/mmseqs/splits/166/nuc/mmseqs_easy_taxonomy_vs_SILVA.benchmark.txt,10,279.22,2517.53,11165.46,9.016295,10.0,0.775611,3.121835,0.370975,3.49281,10.0,3.49281
updated,taxonomy,mmseqs_bestmatch_db,1.0.3,342.0,./microbial/210615_391_A1_S1.0.3/mmseqs/splits/342/mmseqs_bestmatch_db.benchmark.txt,1,0.74,0.61,185.52,0.824324,1.0,0.000206,0.000827,1.6e-05,0.000844,1.0,0.000844
updated,taxonomy,parse_mmseqs_easy_taxonomy_SILVA,1.0.3,342.0,./microbial/210615_391_A1_S1.0.3/mmseqs/splits/342/nuc/parse_mmseqs_easy_taxonomy_SILVA.benchmark.txt,2,1.05,0.73,204.25,0.695238,2.0,0.000583,0.002348,2.6e-05,0.002373,2.0,0.002373
updated,taxonomy,mmseqs_easy_taxonomy_vs_SILVA,1.0.3,342.0,./microbial/210615_391_A1_S1.0.3/mmseqs/splits/342/nuc/mmseqs_easy_taxonomy_vs_SILVA.benchmark.txt,10,279.63,2526.28,11180.31,9.034367,10.0,0.77675,3.126419,0.372014,3.498433,10.0,3.498433
updated,taxonomy,mmseqs_bestmatch_db,1.0.3,98.0,./microbial/210615_391_A1_S1.0.3/mmseqs/splits/098/mmseqs_bestmatch_db.benchmark.txt,1,0.84,0.45,177.37,0.535714,1.0,0.000233,0.000939,1.8e-05,0.000957,1.0,0.000957
updated,taxonomy,parse_mmseqs_easy_taxonomy_SILVA,1.0.3,98.0,./microbial/210615_391_A1_S1.0.3/mmseqs/splits/098/nuc/parse_mmseqs_easy_taxonomy_SILVA.benchmark.txt,2,0.93,0.85,225.76,0.913978,2.0,0.000517,0.00208,2.5e-05,0.002105,2.0,0.002105
updated,taxonomy,mmseqs_easy_taxonomy_vs_SILVA,1.0.3,98.0,./microbial/210615_391_A1_S1.0.3/mmseqs/splits/098/nuc/mmseqs_easy_taxonomy_vs_SILVA.benchmark.txt,10,301.69,2537.69,11174.01,8.411581,10.0,0.838028,3.373062,0.401136,3.774198,10.0,3.774198
updated,taxonomy,mmseqs_bestmatch_db,1.0.3,204.0,./microbial/210615_391_A1_S1.0.3/mmseqs/splits/204/mmseqs_bestmatch_db.benchmark.txt,1,0.76,0.65,170.95,0.855263,1.0,0.000211,0.00085,1.5e-05,0.000865,1.0,0.000865
updated,taxonomy,parse_mmseqs_easy_taxonomy_SILVA,1.0.3,204.0,./microbial/210615_391_A1_S1.0.3/mmseqs/splits/204/nuc/parse_mmseqs_easy_taxonomy_SILVA.benchmark.txt,2,0.86,0.93,226.5,1.081395,2.0,0.000478,0.001923,2.3e-05,0.001946,2.0,0.001946
updated,taxonomy,mmseqs_easy_taxonomy_vs_SILVA,1.0.3,204.0,./microbial/210615_391_A1_S1.0.3/mmseqs/splits/204/nuc/mmseqs_easy_taxonomy_vs_SILVA.benchmark.txt,10,307.4,2727.29,11178.04,8.872121,10.0,0.853889,3.436903,0.408876,3.845778,10.0,3.845778
updated,taxonomy,mmseqs_bestmatch_db,1.0.3,292.0,./microbial/210615_391_A1_S1.0.3/mmseqs/splits/292/mmseqs_bestmatch_db.benchmark.txt,1,0.75,0.11,37.86,0.146667,1.0,0.000208,0.000839,3e-06,0.000842,1.0,0.000842
updated,taxonomy,parse_mmseqs_easy_taxonomy_SILVA,1.0.3,292.0,./microbial/210615_391_A1_S1.0.3/mmseqs/splits/292/nuc/parse_mmseqs_easy_taxonomy_SILVA.benchmark.txt,2,2.92,0.68,186.68,0.232877,2.0,0.001622,0.006529,6.5e-05,0.006594,2.0,0.006594
updated,taxonomy,mmseqs_easy_taxonomy_vs_SILVA,1.0.3,292.0,./microbial/210615_391_A1_S1.0.3/mmseqs/splits/292/nuc/mmseqs_easy_taxonomy_vs_SILVA.benchmark.txt,10,278.23,2525.13,11166.68,9.075693,10.0,0.772861,3.110766,0.3697,3.480466,10.0,3.480466
updated,taxonomy,mmseqs_bestmatch_db,1.0.3,65.0,./microbial/210615_391_A1_S1.0.3/mmseqs/splits/065/mmseqs_bestmatch_db.benchmark.txt,1,1.44,0.84,182.32,0.583333,1.0,0.0004,0.00161,3.1e-05,0.001641,1.0,0.001641
updated,taxonomy,parse_mmseqs_easy_taxonomy_SILVA,1.0.3,65.0,./microbial/210615_391_A1_S1.0.3/mmseqs/splits/065/nuc/parse_mmseqs_easy_taxonomy_SILVA.benchmark.txt,2,1.18,0.53,181.1,0.449153,2.0,0.000656,0.002639,2.5e-05,0.002664,2.0,0.002664
updated,taxonomy,mmseqs_easy_taxonomy_vs_SILVA,1.0.3,65.0,./microbial/210615_391_A1_S1.0.3/mmseqs/splits/065/nuc/mmseqs_easy_taxonomy_vs_SILVA.benchmark.txt,10,269.22,2525.04,11162.98,9.379095,10.0,0.747833,3.010029,0.35761,3.367639,10.0,3.367639
updated,taxonomy,mmseqs_bestmatch_db,1.0.3,85.0,./microbial/210615_391_A1_S1.0.3/mmseqs/splits/085/mmseqs_bestmatch_db.benchmark.txt,1,0.82,0.58,170.83,0.707317,1.0,0.000228,0.000917,1.7e-05,0.000933,1.0,0.000933
updated,taxonomy,parse_mmseqs_easy_taxonomy_SILVA,1.0.3,85.0,./microbial/210615_391_A1_S1.0.3/mmseqs/splits/085/nuc/parse_mmseqs_easy_taxonomy_SILVA.benchmark.txt,2,1.15,0.73,180.82,0.634783,2.0,0.000639,0.002572,2.5e-05,0.002596,2.0,0.002596
updated,taxonomy,mmseqs_easy_taxonomy_vs_SILVA,1.0.3,85.0,./microbial/210615_391_A1_S1.0.3/mmseqs/splits/085/nuc/mmseqs_easy_taxonomy_vs_SILVA.benchmark.txt,10,297.75,2511.62,11127.55,8.435332,10.0,0.827083,3.32901,0.394251,3.723262,10.0,3.723262
updated,taxonomy,mmseqs_bestmatch_db,1.0.3,88.0,./microbial/210615_391_A1_S1.0.3/mmseqs/splits/088/mmseqs_bestmatch_db.benchmark.txt,1,0.7,0.09,38.0,0.128571,1.0,0.000194,0.000783,3e-06,0.000786,1.0,0.000786
updated,taxonomy,parse_mmseqs_easy_taxonomy_SILVA,1.0.3,88.0,./microbial/210615_391_A1_S1.0.3/mmseqs/splits/088/nuc/parse_mmseqs_easy_taxonomy_SILVA.benchmark.txt,2,0.97,0.83,212.91,0.85567,2.0,0.000539,0.002169,2.5e-05,0.002194,2.0,0.002194
updated,taxonomy,mmseqs_easy_taxonomy_vs_SILVA,1.0.3,88.0,./microbial/210615_391_A1_S1.0.3/mmseqs/splits/088/nuc/mmseqs_easy_taxonomy_vs_SILVA.benchmark.txt,10,268.09,2207.03,11120.28,8.232422,10.0,0.744694,2.997395,0.354746,3.352142,10.0,3.352142
updated,taxonomy,mmseqs_bestmatch_db,1.0.3,81.0,./microbial/210615_391_A1_S1.0.3/mmseqs/splits/081/mmseqs_bestmatch_db.benchmark.txt,1,1.04,0.26,80.02,0.25,1.0,0.000289,0.001163,1e-05,0.001173,1.0,0.001173
updated,taxonomy,parse_mmseqs_easy_taxonomy_SILVA,1.0.3,81.0,./microbial/210615_391_A1_S1.0.3/mmseqs/splits/081/nuc/parse_mmseqs_easy_taxonomy_SILVA.benchmark.txt,2,1.15,0.61,177.79,0.530435,2.0,0.000639,0.002572,2.4e-05,0.002596,2.0,0.002596
updated,taxonomy,mmseqs_easy_taxonomy_vs_SILVA,1.0.3,81.0,./microbial/210615_391_A1_S1.0.3/mmseqs/splits/081/nuc/mmseqs_easy_taxonomy_vs_SILVA.benchmark.txt,10,314.17,2814.76,11175.91,8.959353,10.0,0.872694,3.512595,0.417801,3.930396,10.0,3.930396
updated,taxonomy,mmseqs_bestmatch_db,1.0.3,170.0,./microbial/210615_391_A1_S1.0.3/mmseqs/splits/170/mmseqs_bestmatch_db.benchmark.txt,1,0.75,0.56,179.98,0.746667,1.0,0.000208,0.000839,1.6e-05,0.000855,1.0,0.000855
updated,taxonomy,parse_mmseqs_easy_taxonomy_SILVA,1.0.3,170.0,./microbial/210615_391_A1_S1.0.3/mmseqs/splits/170/nuc/parse_mmseqs_easy_taxonomy_SILVA.benchmark.txt,2,1.33,0.73,193.36,0.548872,2.0,0.000739,0.002974,3.1e-05,0.003005,2.0,0.003005
updated,taxonomy,mmseqs_easy_taxonomy_vs_SILVA,1.0.3,170.0,./microbial/210615_391_A1_S1.0.3/mmseqs/splits/170/nuc/mmseqs_easy_taxonomy_vs_SILVA.benchmark.txt,10,292.25,2519.1,11192.24,8.619675,10.0,0.811806,3.267517,0.389218,3.656736,10.0,3.656736
updated,taxonomy,mmseqs_bestmatch_db,1.0.3,209.0,./microbial/210615_391_A1_S1.0.3/mmseqs/splits/209/mmseqs_bestmatch_db.benchmark.txt,1,0.78,0.53,169.34,0.679487,1.0,0.000217,0.000872,1.6e-05,0.000888,1.0,0.000888
updated,taxonomy,parse_mmseqs_easy_taxonomy_SILVA,1.0.3,209.0,./microbial/210615_391_A1_S1.0.3/mmseqs/splits/209/nuc/parse_mmseqs_easy_taxonomy_SILVA.benchmark.txt,2,0.97,0.86,212.18,0.886598,2.0,0.000539,0.002169,2.4e-05,0.002194,2.0,0.002194
updated,taxonomy,mmseqs_easy_taxonomy_vs_SILVA,1.0.3,209.0,./microbial/210615_391_A1_S1.0.3/mmseqs/splits/209/nuc/mmseqs_easy_taxonomy_vs_SILVA.benchmark.txt,10,316.13,2771.19,11174.75,8.765982,10.0,0.878139,3.534509,0.420364,3.954873,10.0,3.954873
updated,taxonomy,mmseqs_bestmatch_db,1.0.3,282.0,./microbial/210615_391_A1_S1.0.3/mmseqs/splits/282/mmseqs_bestmatch_db.benchmark.txt,1,1.0,0.54,156.77,0.54,1.0,0.000278,0.001118,1.9e-05,0.001137,1.0,0.001137
updated,taxonomy,parse_mmseqs_easy_taxonomy_SILVA,1.0.3,282.0,./microbial/210615_391_A1_S1.0.3/mmseqs/splits/282/nuc/parse_mmseqs_easy_taxonomy_SILVA.benchmark.txt,2,1.36,0.65,172.49,0.477941,2.0,0.000756,0.003041,2.8e-05,0.003069,2.0,0.003069
updated,taxonomy,mmseqs_easy_taxonomy_vs_SILVA,1.0.3,282.0,./microbial/210615_391_A1_S1.0.3/mmseqs/splits/282/nuc/mmseqs_easy_taxonomy_vs_SILVA.benchmark.txt,10,265.77,2222.4,11162.4,8.362118,10.0,0.73825,2.971456,0.353008,3.324465,10.0,3.324465
updated,taxonomy,mmseqs_bestmatch_db,1.0.3,162.0,./microbial/210615_391_A1_S1.0.3/mmseqs/splits/162/mmseqs_bestmatch_db.benchmark.txt,1,0.79,0.57,186.53,0.721519,1.0,0.000219,0.000883,1.8e-05,0.000901,1.0,0.000901
updated,taxonomy,parse_mmseqs_easy_taxonomy_SILVA,1.0.3,162.0,./microbial/210615_391_A1_S1.0.3/mmseqs/splits/162/nuc/parse_mmseqs_easy_taxonomy_SILVA.benchmark.txt,2,0.91,0.88,223.64,0.967033,2.0,0.000506,0.002035,2.4e-05,0.002059,2.0,0.002059
updated,taxonomy,mmseqs_easy_taxonomy_vs_SILVA,1.0.3,162.0,./microbial/210615_391_A1_S1.0.3/mmseqs/splits/162/nuc/mmseqs_easy_taxonomy_vs_SILVA.benchmark.txt,10,270.6,2522.37,11212.71,9.321397,10.0,0.751667,3.025458,0.361044,3.386502,10.0,3.386502
updated,taxonomy,mmseqs_bestmatch_db,1.0.3,147.0,./microbial/210615_391_A1_S1.0.3/mmseqs/splits/147/mmseqs_bestmatch_db.benchmark.txt,1,0.74,0.09,37.01,0.121622,1.0,0.000206,0.000827,3e-06,0.000831,1.0,0.000831
updated,taxonomy,parse_mmseqs_easy_taxonomy_SILVA,1.0.3,147.0,./microbial/210615_391_A1_S1.0.3/mmseqs/splits/147/nuc/parse_mmseqs_easy_taxonomy_SILVA.benchmark.txt,2,0.99,0.92,229.25,0.929293,2.0,0.00055,0.002214,2.7e-05,0.002241,2.0,0.002241
updated,taxonomy,mmseqs_easy_taxonomy_vs_SILVA,1.0.3,147.0,./microbial/210615_391_A1_S1.0.3/mmseqs/splits/147/nuc/mmseqs_easy_taxonomy_vs_SILVA.benchmark.txt,10,270.11,2515.91,11189.43,9.31439,10.0,0.750306,3.01998,0.359642,3.379622,10.0,3.379622
updated,taxonomy,mmseqs_bestmatch_db,1.0.3,237.0,./microbial/210615_391_A1_S1.0.3/mmseqs/splits/237/mmseqs_bestmatch_db.benchmark.txt,1,0.87,0.67,178.39,0.770115,1.0,0.000242,0.000973,1.8e-05,0.000991,1.0,0.000991
updated,taxonomy,parse_mmseqs_easy_taxonomy_SILVA,1.0.3,237.0,./microbial/210615_391_A1_S1.0.3/mmseqs/splits/237/nuc/parse_mmseqs_easy_taxonomy_SILVA.benchmark.txt,2,2.55,0.81,199.73,0.317647,2.0,0.001417,0.005702,6.1e-05,0.005763,2.0,0.005763
updated,taxonomy,mmseqs_easy_taxonomy_vs_SILVA,1.0.3,237.0,./microbial/210615_391_A1_S1.0.3/mmseqs/splits/237/nuc/mmseqs_easy_taxonomy_vs_SILVA.benchmark.txt,10,362.99,2610.44,11175.76,7.191493,10.0,1.008306,4.05843,0.482718,4.541148,10.0,4.541148
updated,taxonomy,mmseqs_bestmatch_db,1.0.3,165.0,./microbial/210615_391_A1_S1.0.3/mmseqs/splits/165/mmseqs_bestmatch_db.benchmark.txt,1,0.63,0.09,39.65,0.142857,1.0,0.000175,0.000704,3e-06,0.000707,1.0,0.000707
updated,taxonomy,parse_mmseqs_easy_taxonomy_SILVA,1.0.3,165.0,./microbial/210615_391_A1_S1.0.3/mmseqs/splits/165/nuc/parse_mmseqs_easy_taxonomy_SILVA.benchmark.txt,2,0.95,0.8,218.38,0.842105,2.0,0.000528,0.002124,2.5e-05,0.002149,2.0,0.002149
updated,taxonomy,mmseqs_easy_taxonomy_vs_SILVA,1.0.3,165.0,./microbial/210615_391_A1_S1.0.3/mmseqs/splits/165/nuc/mmseqs_easy_taxonomy_vs_SILVA.benchmark.txt,10,316.35,2817.67,11160.66,8.906812,10.0,0.87875,3.536969,0.420126,3.957095,10.0,3.957095
updated,taxonomy,mmseqs_bestmatch_db,1.0.3,27.0,./microbial/210615_391_A1_S1.0.3/mmseqs/splits/027/mmseqs_bestmatch_db.benchmark.txt,1,0.66,0.09,38.06,0.136364,1.0,0.000183,0.000738,3e-06,0.000741,1.0,0.000741
updated,taxonomy,parse_mmseqs_easy_taxonomy_SILVA,1.0.3,27.0,./microbial/210615_391_A1_S1.0.3/mmseqs/splits/027/nuc/parse_mmseqs_easy_taxonomy_SILVA.benchmark.txt,2,0.98,0.95,231.73,0.969388,2.0,0.000544,0.002191,2.7e-05,0.002218,2.0,0.002218
updated,taxonomy,mmseqs_easy_taxonomy_vs_SILVA,1.0.3,27.0,./microbial/210615_391_A1_S1.0.3/mmseqs/splits/027/nuc/mmseqs_easy_taxonomy_vs_SILVA.benchmark.txt,10,352.7,3101.22,11133.12,8.792798,10.0,0.979722,3.943382,0.467244,4.410626,10.0,4.410626
updated,taxonomy,mmseqs_bestmatch_db,1.0.3,73.0,./microbial/210615_391_A1_S1.0.3/mmseqs/splits/073/mmseqs_bestmatch_db.benchmark.txt,1,0.72,0.08,36.64,0.111111,1.0,0.0002,0.000805,3e-06,0.000808,1.0,0.000808
updated,taxonomy,parse_mmseqs_easy_taxonomy_SILVA,1.0.3,73.0,./microbial/210615_391_A1_S1.0.3/mmseqs/splits/073/nuc/parse_mmseqs_easy_taxonomy_SILVA.benchmark.txt,2,1.16,0.99,213.41,0.853448,2.0,0.000644,0.002594,2.9e-05,0.002623,2.0,0.002623
updated,taxonomy,mmseqs_easy_taxonomy_vs_SILVA,1.0.3,73.0,./microbial/210615_391_A1_S1.0.3/mmseqs/splits/073/nuc/mmseqs_easy_taxonomy_vs_SILVA.benchmark.txt,10,313.81,2793.68,11204.19,8.902457,10.0,0.871694,3.50857,0.418378,3.926948,10.0,3.926948
updated,taxonomy,mmseqs_bestmatch_db,1.0.3,181.0,./microbial/210615_391_A1_S1.0.3/mmseqs/splits/181/mmseqs_bestmatch_db.benchmark.txt,1,0.87,0.54,172.82,0.62069,1.0,0.000242,0.000973,1.8e-05,0.000991,1.0,0.000991
updated,taxonomy,parse_mmseqs_easy_taxonomy_SILVA,1.0.3,181.0,./microbial/210615_391_A1_S1.0.3/mmseqs/splits/181/nuc/parse_mmseqs_easy_taxonomy_SILVA.benchmark.txt,2,0.94,0.9,228.8,0.957447,2.0,0.000522,0.002102,2.6e-05,0.002128,2.0,0.002128
updated,taxonomy,mmseqs_easy_taxonomy_vs_SILVA,1.0.3,181.0,./microbial/210615_391_A1_S1.0.3/mmseqs/splits/181/nuc/mmseqs_easy_taxonomy_vs_SILVA.benchmark.txt,10,369.32,3415.89,11177.2,9.249134,10.0,1.025889,4.129203,0.491199,4.620402,10.0,4.620402
updated,taxonomy,mmseqs_bestmatch_db,1.0.3,120.0,./microbial/210615_391_A1_S1.0.3/mmseqs/splits/120/mmseqs_bestmatch_db.benchmark.txt,1,0.88,0.44,169.46,0.5,1.0,0.000244,0.000984,1.8e-05,0.001002,1.0,0.001002
updated,taxonomy,parse_mmseqs_easy_taxonomy_SILVA,1.0.3,120.0,./microbial/210615_391_A1_S1.0.3/mmseqs/splits/120/nuc/parse_mmseqs_easy_taxonomy_SILVA.benchmark.txt,2,0.95,0.85,215.27,0.894737,2.0,0.000528,0.002124,2.4e-05,0.002149,2.0,0.002149
updated,taxonomy,mmseqs_easy_taxonomy_vs_SILVA,1.0.3,120.0,./microbial/210615_391_A1_S1.0.3/mmseqs/splits/120/nuc/mmseqs_easy_taxonomy_vs_SILVA.benchmark.txt,10,293.9,2519.96,11185.13,8.574209,10.0,0.816389,3.285965,0.391167,3.677132,10.0,3.677132
updated,taxonomy,mmseqs_bestmatch_db,1.0.3,300.0,./microbial/210615_391_A1_S1.0.3/mmseqs/splits/300/mmseqs_bestmatch_db.benchmark.txt,1,0.86,0.59,168.33,0.686047,1.0,0.000239,0.000962,1.7e-05,0.000979,1.0,0.000979
updated,taxonomy,parse_mmseqs_easy_taxonomy_SILVA,1.0.3,300.0,./microbial/210615_391_A1_S1.0.3/mmseqs/splits/300/nuc/parse_mmseqs_easy_taxonomy_SILVA.benchmark.txt,2,2.22,1.19,222.5,0.536036,2.0,0.001233,0.004964,5.9e-05,0.005023,2.0,0.005023
updated,taxonomy,mmseqs_easy_taxonomy_vs_SILVA,1.0.3,300.0,./microbial/210615_391_A1_S1.0.3/mmseqs/splits/300/nuc/mmseqs_easy_taxonomy_vs_SILVA.benchmark.txt,10,283.15,2489.11,11186.71,8.790782,10.0,0.786528,3.165774,0.376913,3.542687,10.0,3.542687
updated,taxonomy,mmseqs_bestmatch_db,1.0.3,294.0,./microbial/210615_391_A1_S1.0.3/mmseqs/splits/294/mmseqs_bestmatch_db.benchmark.txt,1,1.03,0.23,85.43,0.223301,1.0,0.000286,0.001152,1e-05,0.001162,1.0,0.001162
updated,taxonomy,parse_mmseqs_easy_taxonomy_SILVA,1.0.3,294.0,./microbial/210615_391_A1_S1.0.3/mmseqs/splits/294/nuc/parse_mmseqs_easy_taxonomy_SILVA.benchmark.txt,2,0.93,0.97,230.75,1.043011,2.0,0.000517,0.00208,2.6e-05,0.002105,2.0,0.002105
updated,taxonomy,mmseqs_easy_taxonomy_vs_SILVA,1.0.3,294.0,./microbial/210615_391_A1_S1.0.3/mmseqs/splits/294/nuc/mmseqs_easy_taxonomy_vs_SILVA.benchmark.txt,10,269.28,2529.82,11195.11,9.394756,10.0,0.748,3.0107,0.358719,3.369419,10.0,3.369419
updated,taxonomy,mmseqs_bestmatch_db,1.0.3,125.0,./microbial/210615_391_A1_S1.0.3/mmseqs/splits/125/mmseqs_bestmatch_db.benchmark.txt,1,1.18,0.33,122.21,0.279661,1.0,0.000328,0.001319,1.7e-05,0.001336,1.0,0.001336
updated,taxonomy,parse_mmseqs_easy_taxonomy_SILVA,1.0.3,125.0,./microbial/210615_391_A1_S1.0.3/mmseqs/splits/125/nuc/parse_mmseqs_easy_taxonomy_SILVA.benchmark.txt,2,0.91,0.9,230.79,0.989011,2.0,0.000506,0.002035,2.5e-05,0.00206,2.0,0.00206
updated,taxonomy,mmseqs_easy_taxonomy_vs_SILVA,1.0.3,125.0,./microbial/210615_391_A1_S1.0.3/mmseqs/splits/125/nuc/mmseqs_easy_taxonomy_vs_SILVA.benchmark.txt,10,288.05,2536.45,11192.95,8.805589,10.0,0.800139,3.220559,0.383649,3.604208,10.0,3.604208
updated,taxonomy,mmseqs_bestmatch_db,1.0.3,229.0,./microbial/210615_391_A1_S1.0.3/mmseqs/splits/229/mmseqs_bestmatch_db.benchmark.txt,1,0.79,0.63,181.89,0.797468,1.0,0.000219,0.000883,1.7e-05,0.0009,1.0,0.0009
updated,taxonomy,parse_mmseqs_easy_taxonomy_SILVA,1.0.3,229.0,./microbial/210615_391_A1_S1.0.3/mmseqs/splits/229/nuc/parse_mmseqs_easy_taxonomy_SILVA.benchmark.txt,2,1.35,0.7,170.78,0.518519,2.0,0.00075,0.003019,2.7e-05,0.003046,2.0,0.003046
updated,taxonomy,mmseqs_easy_taxonomy_vs_SILVA,1.0.3,229.0,./microbial/210615_391_A1_S1.0.3/mmseqs/splits/229/nuc/mmseqs_easy_taxonomy_vs_SILVA.benchmark.txt,10,311.69,2793.74,11153.66,8.963201,10.0,0.865806,3.484867,0.413677,3.898545,10.0,3.898545
updated,taxonomy,mmseqs_bestmatch_db,1.0.3,18.0,./microbial/210615_391_A1_S1.0.3/mmseqs/splits/018/mmseqs_bestmatch_db.benchmark.txt,1,0.95,0.35,110.09,0.368421,1.0,0.000264,0.001062,1.2e-05,0.001075,1.0,0.001075
updated,taxonomy,parse_mmseqs_easy_taxonomy_SILVA,1.0.3,18.0,./microbial/210615_391_A1_S1.0.3/mmseqs/splits/018/nuc/parse_mmseqs_easy_taxonomy_SILVA.benchmark.txt,2,0.8,0.91,225.62,1.1375,2.0,0.000444,0.001789,2.1e-05,0.00181,2.0,0.00181
updated,taxonomy,mmseqs_easy_taxonomy_vs_SILVA,1.0.3,18.0,./microbial/210615_391_A1_S1.0.3/mmseqs/splits/018/nuc/mmseqs_easy_taxonomy_vs_SILVA.benchmark.txt,10,372.61,3417.36,11178.68,9.171412,10.0,1.035028,4.165987,0.49564,4.661627,10.0,4.661627
updated,taxonomy,mmseqs_bestmatch_db,1.0.3,191.0,./microbial/210615_391_A1_S1.0.3/mmseqs/splits/191/mmseqs_bestmatch_db.benchmark.txt,1,1.01,0.22,73.96,0.217822,1.0,0.000281,0.001129,9e-06,0.001138,1.0,0.001138
updated,taxonomy,parse_mmseqs_easy_taxonomy_SILVA,1.0.3,191.0,./microbial/210615_391_A1_S1.0.3/mmseqs/splits/191/nuc/parse_mmseqs_easy_taxonomy_SILVA.benchmark.txt,2,0.99,0.81,213.44,0.818182,2.0,0.00055,0.002214,2.5e-05,0.002239,2.0,0.002239
updated,taxonomy,mmseqs_easy_taxonomy_vs_SILVA,1.0.3,191.0,./microbial/210615_391_A1_S1.0.3/mmseqs/splits/191/nuc/mmseqs_easy_taxonomy_vs_SILVA.benchmark.txt,10,358.4,3158.23,11161.77,8.812026,10.0,0.995556,4.007111,0.476017,4.483128,10.0,4.483128
updated,taxonomy,mmseqs_bestmatch_db,1.0.3,59.0,./microbial/210615_391_A1_S1.0.3/mmseqs/splits/059/mmseqs_bestmatch_db.benchmark.txt,1,0.81,0.54,188.3,0.666667,1.0,0.000225,0.000906,1.8e-05,0.000924,1.0,0.000924
updated,taxonomy,parse_mmseqs_easy_taxonomy_SILVA,1.0.3,59.0,./microbial/210615_391_A1_S1.0.3/mmseqs/splits/059/nuc/parse_mmseqs_easy_taxonomy_SILVA.benchmark.txt,2,0.92,0.96,230.27,1.043478,2.0,0.000511,0.002057,2.5e-05,0.002082,2.0,0.002082
updated,taxonomy,mmseqs_easy_taxonomy_vs_SILVA,1.0.3,59.0,./microbial/210615_391_A1_S1.0.3/mmseqs/splits/059/nuc/mmseqs_easy_taxonomy_vs_SILVA.benchmark.txt,10,313.23,2796.89,11202.1,8.929189,10.0,0.870083,3.502085,0.417527,3.919612,10.0,3.919612
updated,taxonomy,mmseqs_bestmatch_db,1.0.3,176.0,./microbial/210615_391_A1_S1.0.3/mmseqs/splits/176/mmseqs_bestmatch_db.benchmark.txt,1,0.75,0.59,186.61,0.786667,1.0,0.000208,0.000839,1.7e-05,0.000855,1.0,0.000855
updated,taxonomy,parse_mmseqs_easy_taxonomy_SILVA,1.0.3,176.0,./microbial/210615_391_A1_S1.0.3/mmseqs/splits/176/nuc/parse_mmseqs_easy_taxonomy_SILVA.benchmark.txt,2,1.3,0.9,190.07,0.692308,2.0,0.000722,0.002907,2.9e-05,0.002936,2.0,0.002936
updated,taxonomy,mmseqs_easy_taxonomy_vs_SILVA,1.0.3,176.0,./microbial/210615_391_A1_S1.0.3/mmseqs/splits/176/nuc/mmseqs_easy_taxonomy_vs_SILVA.benchmark.txt,10,314.85,2827.68,11170.81,8.981039,10.0,0.874583,3.520198,0.418514,3.938712,10.0,3.938712
updated,taxonomy,mmseqs_bestmatch_db,1.0.3,343.0,./microbial/210615_391_A1_S1.0.3/mmseqs/splits/343/mmseqs_bestmatch_db.benchmark.txt,1,1.02,0.56,155.27,0.54902,1.0,0.000283,0.00114,1.9e-05,0.001159,1.0,0.001159
updated,taxonomy,parse_mmseqs_easy_taxonomy_SILVA,1.0.3,343.0,./microbial/210615_391_A1_S1.0.3/mmseqs/splits/343/nuc/parse_mmseqs_easy_taxonomy_SILVA.benchmark.txt,2,0.92,0.85,226.5,0.923913,2.0,0.000511,0.002057,2.5e-05,0.002082,2.0,0.002082
updated,taxonomy,mmseqs_easy_taxonomy_vs_SILVA,1.0.3,343.0,./microbial/210615_391_A1_S1.0.3/mmseqs/splits/343/nuc/mmseqs_easy_taxonomy_vs_SILVA.benchmark.txt,10,312.87,2825.2,11169.33,9.029949,10.0,0.869083,3.49806,0.415827,3.913887,10.0,3.913887
updated,taxonomy,mmseqs_bestmatch_db,1.0.3,349.0,./microbial/210615_391_A1_S1.0.3/mmseqs/splits/349/mmseqs_bestmatch_db.benchmark.txt,1,0.96,0.51,158.54,0.53125,1.0,0.000267,0.001073,1.8e-05,0.001091,1.0,0.001091
updated,taxonomy,parse_mmseqs_easy_taxonomy_SILVA,1.0.3,349.0,./microbial/210615_391_A1_S1.0.3/mmseqs/splits/349/nuc/parse_mmseqs_easy_taxonomy_SILVA.benchmark.txt,2,3.18,0.41,89.23,0.128931,2.0,0.001767,0.007111,3.4e-05,0.007145,2.0,0.007145
updated,taxonomy,mmseqs_easy_taxonomy_vs_SILVA,1.0.3,349.0,./microbial/210615_391_A1_S1.0.3/mmseqs/splits/349/nuc/mmseqs_easy_taxonomy_vs_SILVA.benchmark.txt,10,306.76,2821.67,11147.32,9.198298,10.0,0.852111,3.429747,0.406903,3.83665,10.0,3.83665
updated,taxonomy,mmseqs_bestmatch_db,1.0.3,183.0,./microbial/210615_391_A1_S1.0.3/mmseqs/splits/183/mmseqs_bestmatch_db.benchmark.txt,1,0.77,0.55,177.61,0.714286,1.0,0.000214,0.000861,1.6e-05,0.000877,1.0,0.000877
updated,taxonomy,parse_mmseqs_easy_taxonomy_SILVA,1.0.3,183.0,./microbial/210615_391_A1_S1.0.3/mmseqs/splits/183/nuc/parse_mmseqs_easy_taxonomy_SILVA.benchmark.txt,2,0.98,0.82,218.25,0.836735,2.0,0.000544,0.002191,2.5e-05,0.002217,2.0,0.002217
updated,taxonomy,mmseqs_easy_taxonomy_vs_SILVA,1.0.3,183.0,./microbial/210615_391_A1_S1.0.3/mmseqs/splits/183/nuc/mmseqs_easy_taxonomy_vs_SILVA.benchmark.txt,10,277.8,2535.18,11140.51,9.125918,10.0,0.771667,3.105958,0.368264,3.474222,10.0,3.474222
updated,taxonomy,mmseqs_bestmatch_db,1.0.3,154.0,./microbial/210615_391_A1_S1.0.3/mmseqs/splits/154/mmseqs_bestmatch_db.benchmark.txt,1,0.67,0.09,38.32,0.134328,1.0,0.000186,0.000749,3e-06,0.000752,1.0,0.000752
updated,taxonomy,parse_mmseqs_easy_taxonomy_SILVA,1.0.3,154.0,./microbial/210615_391_A1_S1.0.3/mmseqs/splits/154/nuc/parse_mmseqs_easy_taxonomy_SILVA.benchmark.txt,2,0.92,0.84,221.03,0.913043,2.0,0.000511,0.002057,2.4e-05,0.002081,2.0,0.002081
updated,taxonomy,mmseqs_easy_taxonomy_vs_SILVA,1.0.3,154.0,./microbial/210615_391_A1_S1.0.3/mmseqs/splits/154/nuc/mmseqs_easy_taxonomy_vs_SILVA.benchmark.txt,10,300.39,2726.73,11174.5,9.0773,10.0,0.834417,3.358527,0.399425,3.757952,10.0,3.757952
updated,taxonomy,mmseqs_bestmatch_db,1.0.3,296.0,./microbial/210615_391_A1_S1.0.3/mmseqs/splits/296/mmseqs_bestmatch_db.benchmark.txt,1,0.65,0.09,44.66,0.138462,1.0,0.000181,0.000727,3e-06,0.00073,1.0,0.00073
updated,taxonomy,parse_mmseqs_easy_taxonomy_SILVA,1.0.3,296.0,./microbial/210615_391_A1_S1.0.3/mmseqs/splits/296/nuc/parse_mmseqs_easy_taxonomy_SILVA.benchmark.txt,2,0.99,0.69,200.15,0.69697,2.0,0.00055,0.002214,2.4e-05,0.002237,2.0,0.002237
updated,taxonomy,mmseqs_easy_taxonomy_vs_SILVA,1.0.3,296.0,./microbial/210615_391_A1_S1.0.3/mmseqs/splits/296/nuc/mmseqs_easy_taxonomy_vs_SILVA.benchmark.txt,10,272.11,2483.49,11175.24,9.126787,10.0,0.755861,3.042341,0.361845,3.404186,10.0,3.404186
updated,taxonomy,mmseqs_bestmatch_db,1.0.3,214.0,./microbial/210615_391_A1_S1.0.3/mmseqs/splits/214/mmseqs_bestmatch_db.benchmark.txt,1,0.63,0.09,41.81,0.142857,1.0,0.000175,0.000704,3e-06,0.000708,1.0,0.000708
updated,taxonomy,parse_mmseqs_easy_taxonomy_SILVA,1.0.3,214.0,./microbial/210615_391_A1_S1.0.3/mmseqs/splits/214/nuc/parse_mmseqs_easy_taxonomy_SILVA.benchmark.txt,2,0.94,0.74,212.52,0.787234,2.0,0.000522,0.002102,2.4e-05,0.002126,2.0,0.002126
updated,taxonomy,mmseqs_easy_taxonomy_vs_SILVA,1.0.3,214.0,./microbial/210615_391_A1_S1.0.3/mmseqs/splits/214/nuc/mmseqs_easy_taxonomy_vs_SILVA.benchmark.txt,10,359.7,3140.7,11130.46,8.731443,10.0,0.999167,4.021646,0.476404,4.49805,10.0,4.49805
updated,taxonomy,mmseqs_bestmatch_db,1.0.3,271.0,./microbial/210615_391_A1_S1.0.3/mmseqs/splits/271/mmseqs_bestmatch_db.benchmark.txt,1,0.84,0.58,175.7,0.690476,1.0,0.000233,0.000939,1.8e-05,0.000957,1.0,0.000957
updated,taxonomy,parse_mmseqs_easy_taxonomy_SILVA,1.0.3,271.0,./microbial/210615_391_A1_S1.0.3/mmseqs/splits/271/nuc/parse_mmseqs_easy_taxonomy_SILVA.benchmark.txt,2,1.35,0.45,122.9,0.333333,2.0,0.00075,0.003019,2e-05,0.003038,2.0,0.003038
updated,taxonomy,mmseqs_easy_taxonomy_vs_SILVA,1.0.3,271.0,./microbial/210615_391_A1_S1.0.3/mmseqs/splits/271/nuc/mmseqs_easy_taxonomy_vs_SILVA.benchmark.txt,10,257.98,2211.68,11147.84,8.573068,10.0,0.716611,2.88436,0.342214,3.226574,10.0,3.226574
updated,taxonomy,mmseqs_bestmatch_db,1.0.3,357.0,./microbial/210615_391_A1_S1.0.3/mmseqs/splits/357/mmseqs_bestmatch_db.benchmark.txt,1,0.93,0.53,175.04,0.569892,1.0,0.000258,0.00104,1.9e-05,0.001059,1.0,0.001059
updated,taxonomy,parse_mmseqs_easy_taxonomy_SILVA,1.0.3,357.0,./microbial/210615_391_A1_S1.0.3/mmseqs/splits/357/nuc/parse_mmseqs_easy_taxonomy_SILVA.benchmark.txt,2,1.16,0.92,186.29,0.793103,2.0,0.000644,0.002594,2.6e-05,0.00262,2.0,0.00262
updated,taxonomy,mmseqs_easy_taxonomy_vs_SILVA,1.0.3,357.0,./microbial/210615_391_A1_S1.0.3/mmseqs/splits/357/nuc/mmseqs_easy_taxonomy_vs_SILVA.benchmark.txt,10,377.94,3402.09,11185.62,9.001667,10.0,1.049833,4.225579,0.503042,4.728622,10.0,4.728622
updated,taxonomy,mmseqs_bestmatch_db,1.0.3,6.0,./microbial/210615_391_A1_S1.0.3/mmseqs/splits/006/mmseqs_bestmatch_db.benchmark.txt,1,0.81,0.52,204.31,0.641975,1.0,0.000225,0.000906,2e-05,0.000925,1.0,0.000925
updated,taxonomy,parse_mmseqs_easy_taxonomy_SILVA,1.0.3,6.0,./microbial/210615_391_A1_S1.0.3/mmseqs/splits/006/nuc/parse_mmseqs_easy_taxonomy_SILVA.benchmark.txt,2,1.07,0.67,187.39,0.626168,2.0,0.000594,0.002393,2.4e-05,0.002416,2.0,0.002416
updated,taxonomy,mmseqs_easy_taxonomy_vs_SILVA,1.0.3,6.0,./microbial/210615_391_A1_S1.0.3/mmseqs/splits/006/nuc/mmseqs_easy_taxonomy_vs_SILVA.benchmark.txt,10,421.51,3741.74,11156.23,8.87699,10.0,1.170861,4.712716,0.55956,5.272276,10.0,5.272276
updated,taxonomy,mmseqs_bestmatch_db,1.0.3,149.0,./microbial/210615_391_A1_S1.0.3/mmseqs/splits/149/mmseqs_bestmatch_db.benchmark.txt,1,0.77,0.58,169.6,0.753247,1.0,0.000214,0.000861,1.6e-05,0.000876,1.0,0.000876
updated,taxonomy,parse_mmseqs_easy_taxonomy_SILVA,1.0.3,149.0,./microbial/210615_391_A1_S1.0.3/mmseqs/splits/149/nuc/parse_mmseqs_easy_taxonomy_SILVA.benchmark.txt,2,2.57,0.54,140.31,0.210117,2.0,0.001428,0.005747,4.3e-05,0.00579,2.0,0.00579
updated,taxonomy,mmseqs_easy_taxonomy_vs_SILVA,1.0.3,149.0,./microbial/210615_391_A1_S1.0.3/mmseqs/splits/149/nuc/mmseqs_easy_taxonomy_vs_SILVA.benchmark.txt,10,298.65,2810.11,11173.21,9.409376,10.0,0.829583,3.339073,0.397065,3.736138,10.0,3.736138
updated,taxonomy,mmseqs_bestmatch_db,1.0.3,293.0,./microbial/210615_391_A1_S1.0.3/mmseqs/splits/293/mmseqs_bestmatch_db.benchmark.txt,1,1.0,0.32,105.61,0.32,1.0,0.000278,0.001118,1.3e-05,0.001131,1.0,0.001131
updated,taxonomy,parse_mmseqs_easy_taxonomy_SILVA,1.0.3,293.0,./microbial/210615_391_A1_S1.0.3/mmseqs/splits/293/nuc/parse_mmseqs_easy_taxonomy_SILVA.benchmark.txt,2,0.84,0.93,233.46,1.107143,2.0,0.000467,0.001878,2.3e-05,0.001902,2.0,0.001902
updated,taxonomy,mmseqs_easy_taxonomy_vs_SILVA,1.0.3,293.0,./microbial/210615_391_A1_S1.0.3/mmseqs/splits/293/nuc/mmseqs_easy_taxonomy_vs_SILVA.benchmark.txt,10,335.58,3113.61,11130.32,9.278294,10.0,0.932167,3.751971,0.444452,4.196423,10.0,4.196423
updated,taxonomy,mmseqs_bestmatch_db,1.0.3,115.0,./microbial/210615_391_A1_S1.0.3/mmseqs/splits/115/mmseqs_bestmatch_db.benchmark.txt,1,0.8,0.44,170.06,0.55,1.0,0.000222,0.000894,1.6e-05,0.000911,1.0,0.000911
updated,taxonomy,parse_mmseqs_easy_taxonomy_SILVA,1.0.3,115.0,./microbial/210615_391_A1_S1.0.3/mmseqs/splits/115/nuc/parse_mmseqs_easy_taxonomy_SILVA.benchmark.txt,2,0.96,0.77,207.89,0.802083,2.0,0.000533,0.002147,2.4e-05,0.00217,2.0,0.00217
updated,taxonomy,mmseqs_easy_taxonomy_vs_SILVA,1.0.3,115.0,./microbial/210615_391_A1_S1.0.3/mmseqs/splits/115/nuc/mmseqs_easy_taxonomy_vs_SILVA.benchmark.txt,10,281.26,2525.84,11171.18,8.980445,10.0,0.781278,3.144643,0.373877,3.51852,10.0,3.51852
updated,taxonomy,mmseqs_bestmatch_db,1.0.3,72.0,./microbial/210615_391_A1_S1.0.3/mmseqs/splits/072/mmseqs_bestmatch_db.benchmark.txt,1,1.66,0.46,157.14,0.277108,1.0,0.000461,0.001856,3.1e-05,0.001887,1.0,0.001887
updated,taxonomy,parse_mmseqs_easy_taxonomy_SILVA,1.0.3,72.0,./microbial/210615_391_A1_S1.0.3/mmseqs/splits/072/nuc/parse_mmseqs_easy_taxonomy_SILVA.benchmark.txt,2,0.87,0.88,226.67,1.011494,2.0,0.000483,0.001945,2.3e-05,0.001969,2.0,0.001969
updated,taxonomy,mmseqs_easy_taxonomy_vs_SILVA,1.0.3,72.0,./microbial/210615_391_A1_S1.0.3/mmseqs/splits/072/nuc/mmseqs_easy_taxonomy_vs_SILVA.benchmark.txt,10,325.22,2849.08,11133.79,8.76047,10.0,0.903389,3.63614,0.430866,4.067006,10.0,4.067006
updated,taxonomy,mmseqs_bestmatch_db,1.0.3,246.0,./microbial/210615_391_A1_S1.0.3/mmseqs/splits/246/mmseqs_bestmatch_db.benchmark.txt,1,0.76,0.66,178.63,0.868421,1.0,0.000211,0.00085,1.6e-05,0.000866,1.0,0.000866
updated,taxonomy,parse_mmseqs_easy_taxonomy_SILVA,1.0.3,246.0,./microbial/210615_391_A1_S1.0.3/mmseqs/splits/246/nuc/parse_mmseqs_easy_taxonomy_SILVA.benchmark.txt,2,0.85,0.89,230.45,1.047059,2.0,0.000472,0.001901,2.3e-05,0.001924,2.0,0.001924
updated,taxonomy,mmseqs_easy_taxonomy_vs_SILVA,1.0.3,246.0,./microbial/210615_391_A1_S1.0.3/mmseqs/splits/246/nuc/mmseqs_easy_taxonomy_vs_SILVA.benchmark.txt,10,340.39,3087.51,11160.33,9.070507,10.0,0.945528,3.805749,0.452039,4.257788,10.0,4.257788
updated,taxonomy,mmseqs_bestmatch_db,1.0.3,103.0,./microbial/210615_391_A1_S1.0.3/mmseqs/splits/103/mmseqs_bestmatch_db.benchmark.txt,1,2.67,0.66,173.78,0.247191,1.0,0.000742,0.002985,5.5e-05,0.00304,1.0,0.00304
updated,taxonomy,parse_mmseqs_easy_taxonomy_SILVA,1.0.3,103.0,./microbial/210615_391_A1_S1.0.3/mmseqs/splits/103/nuc/parse_mmseqs_easy_taxonomy_SILVA.benchmark.txt,2,0.92,0.8,159.03,0.869565,2.0,0.000511,0.002057,1.7e-05,0.002075,2.0,0.002075
updated,taxonomy,mmseqs_easy_taxonomy_vs_SILVA,1.0.3,103.0,./microbial/210615_391_A1_S1.0.3/mmseqs/splits/103/nuc/mmseqs_easy_taxonomy_vs_SILVA.benchmark.txt,10,265.53,2237.26,11136.35,8.425639,10.0,0.737583,2.968773,0.351867,3.32064,10.0,3.32064
updated,taxonomy,mmseqs_bestmatch_db,1.0.3,256.0,./microbial/210615_391_A1_S1.0.3/mmseqs/splits/256/mmseqs_bestmatch_db.benchmark.txt,1,0.6,0.09,37.92,0.15,1.0,0.000167,0.000671,3e-06,0.000674,1.0,0.000674
updated,taxonomy,parse_mmseqs_easy_taxonomy_SILVA,1.0.3,256.0,./microbial/210615_391_A1_S1.0.3/mmseqs/splits/256/nuc/parse_mmseqs_easy_taxonomy_SILVA.benchmark.txt,2,1.01,0.6,194.57,0.594059,2.0,0.000561,0.002258,2.3e-05,0.002282,2.0,0.002282
updated,taxonomy,mmseqs_easy_taxonomy_vs_SILVA,1.0.3,256.0,./microbial/210615_391_A1_S1.0.3/mmseqs/splits/256/nuc/mmseqs_easy_taxonomy_vs_SILVA.benchmark.txt,10,277.01,2547.47,11138.36,9.196311,10.0,0.769472,3.097126,0.367146,3.464271,10.0,3.464271
updated,taxonomy,mmseqs_bestmatch_db,1.0.3,318.0,./microbial/210615_391_A1_S1.0.3/mmseqs/splits/318/mmseqs_bestmatch_db.benchmark.txt,1,0.83,0.45,197.03,0.542169,1.0,0.000231,0.000928,1.9e-05,0.000947,1.0,0.000947
updated,taxonomy,parse_mmseqs_easy_taxonomy_SILVA,1.0.3,318.0,./microbial/210615_391_A1_S1.0.3/mmseqs/splits/318/nuc/parse_mmseqs_easy_taxonomy_SILVA.benchmark.txt,2,0.86,0.96,228.1,1.116279,2.0,0.000478,0.001923,2.3e-05,0.001946,2.0,0.001946
updated,taxonomy,mmseqs_easy_taxonomy_vs_SILVA,1.0.3,318.0,./microbial/210615_391_A1_S1.0.3/mmseqs/splits/318/nuc/mmseqs_easy_taxonomy_vs_SILVA.benchmark.txt,10,262.83,2157.5,11175.7,8.208728,10.0,0.730083,2.938585,0.349519,3.288105,10.0,3.288105
updated,taxonomy,mmseqs_bestmatch_db,1.0.3,317.0,./microbial/210615_391_A1_S1.0.3/mmseqs/splits/317/mmseqs_bestmatch_db.benchmark.txt,1,0.91,0.73,183.07,0.802198,1.0,0.000253,0.001017,2e-05,0.001037,1.0,0.001037
updated,taxonomy,parse_mmseqs_easy_taxonomy_SILVA,1.0.3,317.0,./microbial/210615_391_A1_S1.0.3/mmseqs/splits/317/nuc/parse_mmseqs_easy_taxonomy_SILVA.benchmark.txt,2,0.88,0.97,228.5,1.102273,2.0,0.000489,0.001968,2.4e-05,0.001992,2.0,0.001992
updated,taxonomy,mmseqs_easy_taxonomy_vs_SILVA,1.0.3,317.0,./microbial/210615_391_A1_S1.0.3/mmseqs/splits/317/nuc/mmseqs_easy_taxonomy_vs_SILVA.benchmark.txt,10,358.0,3132.88,11131.29,8.751061,10.0,0.994444,4.002639,0.474188,4.476826,10.0,4.476826
updated,taxonomy,mmseqs_bestmatch_db,1.0.3,99.0,./microbial/210615_391_A1_S1.0.3/mmseqs/splits/099/mmseqs_bestmatch_db.benchmark.txt,1,0.78,0.59,177.06,0.75641,1.0,0.000217,0.000872,1.6e-05,0.000889,1.0,0.000889
updated,taxonomy,parse_mmseqs_easy_taxonomy_SILVA,1.0.3,99.0,./microbial/210615_391_A1_S1.0.3/mmseqs/splits/099/nuc/parse_mmseqs_easy_taxonomy_SILVA.benchmark.txt,2,0.89,0.91,225.36,1.022472,2.0,0.000494,0.00199,2.4e-05,0.002014,2.0,0.002014
updated,taxonomy,mmseqs_easy_taxonomy_vs_SILVA,1.0.3,99.0,./microbial/210615_391_A1_S1.0.3/mmseqs/splits/099/nuc/mmseqs_easy_taxonomy_vs_SILVA.benchmark.txt,10,293.32,2528.59,11206.71,8.620585,10.0,0.814778,3.279481,0.391148,3.670629,10.0,3.670629
updated,taxonomy,mmseqs_bestmatch_db,1.0.3,321.0,./microbial/210615_391_A1_S1.0.3/mmseqs/splits/321/mmseqs_bestmatch_db.benchmark.txt,1,3.38,0.65,168.77,0.192308,1.0,0.000939,0.003779,6.8e-05,0.003847,1.0,0.003847
updated,taxonomy,parse_mmseqs_easy_taxonomy_SILVA,1.0.3,321.0,./microbial/210615_391_A1_S1.0.3/mmseqs/splits/321/nuc/parse_mmseqs_easy_taxonomy_SILVA.benchmark.txt,2,1.01,0.66,195.66,0.653465,2.0,0.000561,0.002258,2.4e-05,0.002282,2.0,0.002282
updated,taxonomy,mmseqs_easy_taxonomy_vs_SILVA,1.0.3,321.0,./microbial/210615_391_A1_S1.0.3/mmseqs/splits/321/nuc/mmseqs_easy_taxonomy_vs_SILVA.benchmark.txt,10,271.04,2515.61,11171.95,9.281324,10.0,0.752889,3.030378,0.360316,3.390694,10.0,3.390694
updated,taxonomy,mmseqs_bestmatch_db,1.0.3,279.0,./microbial/210615_391_A1_S1.0.3/mmseqs/splits/279/mmseqs_bestmatch_db.benchmark.txt,1,0.97,0.68,178.39,0.701031,1.0,0.000269,0.001085,2.1e-05,0.001105,1.0,0.001105
updated,taxonomy,parse_mmseqs_easy_taxonomy_SILVA,1.0.3,279.0,./microbial/210615_391_A1_S1.0.3/mmseqs/splits/279/nuc/parse_mmseqs_easy_taxonomy_SILVA.benchmark.txt,2,0.95,0.76,210.66,0.8,2.0,0.000528,0.002124,2.4e-05,0.002148,2.0,0.002148
updated,taxonomy,mmseqs_easy_taxonomy_vs_SILVA,1.0.3,279.0,./microbial/210615_391_A1_S1.0.3/mmseqs/splits/279/nuc/mmseqs_easy_taxonomy_vs_SILVA.benchmark.txt,10,292.87,2514.49,11180.04,8.585686,10.0,0.813528,3.274449,0.389619,3.664068,10.0,3.664068
updated,taxonomy,mmseqs_bestmatch_db,1.0.3,281.0,./microbial/210615_391_A1_S1.0.3/mmseqs/splits/281/mmseqs_bestmatch_db.benchmark.txt,1,0.9,0.6,179.83,0.666667,1.0,0.00025,0.001006,1.9e-05,0.001026,1.0,0.001026
updated,taxonomy,parse_mmseqs_easy_taxonomy_SILVA,1.0.3,281.0,./microbial/210615_391_A1_S1.0.3/mmseqs/splits/281/nuc/parse_mmseqs_easy_taxonomy_SILVA.benchmark.txt,2,1.05,0.74,194.54,0.704762,2.0,0.000583,0.002348,2.4e-05,0.002372,2.0,0.002372
updated,taxonomy,mmseqs_easy_taxonomy_vs_SILVA,1.0.3,281.0,./microbial/210615_391_A1_S1.0.3/mmseqs/splits/281/nuc/mmseqs_easy_taxonomy_vs_SILVA.benchmark.txt,10,305.39,2622.18,11188.96,8.586332,10.0,0.848306,3.41443,0.406599,3.821029,10.0,3.821029
updated,taxonomy,mmseqs_bestmatch_db,1.0.3,126.0,./microbial/210615_391_A1_S1.0.3/mmseqs/splits/126/mmseqs_bestmatch_db.benchmark.txt,1,0.98,0.54,170.63,0.55102,1.0,0.000272,0.001096,2e-05,0.001116,1.0,0.001116
updated,taxonomy,parse_mmseqs_easy_taxonomy_SILVA,1.0.3,126.0,./microbial/210615_391_A1_S1.0.3/mmseqs/splits/126/nuc/parse_mmseqs_easy_taxonomy_SILVA.benchmark.txt,2,0.98,0.98,235.98,1.0,2.0,0.000544,0.002191,2.8e-05,0.002219,2.0,0.002219
updated,taxonomy,mmseqs_easy_taxonomy_vs_SILVA,1.0.3,126.0,./microbial/210615_391_A1_S1.0.3/mmseqs/splits/126/nuc/mmseqs_easy_taxonomy_vs_SILVA.benchmark.txt,10,271.31,2496.5,11142.64,9.201651,10.0,0.753639,3.033397,0.359729,3.393126,10.0,3.393126
updated,taxonomy,mmseqs_bestmatch_db,1.0.3,94.0,./microbial/210615_391_A1_S1.0.3/mmseqs/splits/094/mmseqs_bestmatch_db.benchmark.txt,1,0.89,0.56,182.99,0.629213,1.0,0.000247,0.000995,1.9e-05,0.001014,1.0,0.001014
updated,taxonomy,parse_mmseqs_easy_taxonomy_SILVA,1.0.3,94.0,./microbial/210615_391_A1_S1.0.3/mmseqs/splits/094/nuc/parse_mmseqs_easy_taxonomy_SILVA.benchmark.txt,2,1.2,0.91,204.29,0.758333,2.0,0.000667,0.002683,2.9e-05,0.002713,2.0,0.002713
updated,taxonomy,mmseqs_easy_taxonomy_vs_SILVA,1.0.3,94.0,./microbial/210615_391_A1_S1.0.3/mmseqs/splits/094/nuc/mmseqs_easy_taxonomy_vs_SILVA.benchmark.txt,10,286.87,2507.87,11188.19,8.742183,10.0,0.796861,3.207366,0.381915,3.589281,10.0,3.589281
updated,taxonomy,mmseqs_bestmatch_db,1.0.3,28.0,./microbial/210615_391_A1_S1.0.3/mmseqs/splits/028/mmseqs_bestmatch_db.benchmark.txt,1,0.68,0.09,37.26,0.132353,1.0,0.000189,0.00076,3e-06,0.000763,1.0,0.000763
updated,taxonomy,parse_mmseqs_easy_taxonomy_SILVA,1.0.3,28.0,./microbial/210615_391_A1_S1.0.3/mmseqs/splits/028/nuc/parse_mmseqs_easy_taxonomy_SILVA.benchmark.txt,2,1.05,0.57,203.46,0.542857,2.0,0.000583,0.002348,2.5e-05,0.002373,2.0,0.002373
updated,taxonomy,mmseqs_easy_taxonomy_vs_SILVA,1.0.3,28.0,./microbial/210615_391_A1_S1.0.3/mmseqs/splits/028/nuc/mmseqs_easy_taxonomy_vs_SILVA.benchmark.txt,10,392.21,3437.37,11171.54,8.764106,10.0,1.089472,4.385126,0.521379,4.906504,10.0,4.906504
updated,taxonomy,mmseqs_bestmatch_db,1.0.3,299.0,./microbial/210615_391_A1_S1.0.3/mmseqs/splits/299/mmseqs_bestmatch_db.benchmark.txt,1,1.11,0.39,105.7,0.351351,1.0,0.000308,0.001241,1.4e-05,0.001255,1.0,0.001255
updated,taxonomy,parse_mmseqs_easy_taxonomy_SILVA,1.0.3,299.0,./microbial/210615_391_A1_S1.0.3/mmseqs/splits/299/nuc/parse_mmseqs_easy_taxonomy_SILVA.benchmark.txt,2,1.04,0.93,208.59,0.894231,2.0,0.000578,0.002326,2.6e-05,0.002351,2.0,0.002351
updated,taxonomy,mmseqs_easy_taxonomy_vs_SILVA,1.0.3,299.0,./microbial/210615_391_A1_S1.0.3/mmseqs/splits/299/nuc/mmseqs_easy_taxonomy_vs_SILVA.benchmark.txt,10,325.9,2828.28,11127.45,8.678368,10.0,0.905278,3.643743,0.431521,4.075264,10.0,4.075264
updated,taxonomy,mmseqs_bestmatch_db,1.0.3,179.0,./microbial/210615_391_A1_S1.0.3/mmseqs/splits/179/mmseqs_bestmatch_db.benchmark.txt,1,1.04,0.67,171.25,0.644231,1.0,0.000289,0.001163,2.1e-05,0.001184,1.0,0.001184
updated,taxonomy,parse_mmseqs_easy_taxonomy_SILVA,1.0.3,179.0,./microbial/210615_391_A1_S1.0.3/mmseqs/splits/179/nuc/parse_mmseqs_easy_taxonomy_SILVA.benchmark.txt,2,1.14,0.24,94.5,0.210526,2.0,0.000633,0.002549,1.3e-05,0.002562,2.0,0.002562
updated,taxonomy,mmseqs_easy_taxonomy_vs_SILVA,1.0.3,179.0,./microbial/210615_391_A1_S1.0.3/mmseqs/splits/179/nuc/mmseqs_easy_taxonomy_vs_SILVA.benchmark.txt,10,304.59,2830.88,11158.11,9.294067,10.0,0.846083,3.405485,0.404416,3.809901,10.0,3.809901
updated,taxonomy,mmseqs_bestmatch_db,1.0.3,151.0,./microbial/210615_391_A1_S1.0.3/mmseqs/splits/151/mmseqs_bestmatch_db.benchmark.txt,1,0.86,0.57,188.4,0.662791,1.0,0.000239,0.000962,1.9e-05,0.000981,1.0,0.000981
updated,taxonomy,parse_mmseqs_easy_taxonomy_SILVA,1.0.3,151.0,./microbial/210615_391_A1_S1.0.3/mmseqs/splits/151/nuc/parse_mmseqs_easy_taxonomy_SILVA.benchmark.txt,2,1.04,0.64,141.54,0.615385,2.0,0.000578,0.002326,1.8e-05,0.002343,2.0,0.002343
updated,taxonomy,mmseqs_easy_taxonomy_vs_SILVA,1.0.3,151.0,./microbial/210615_391_A1_S1.0.3/mmseqs/splits/151/nuc/mmseqs_easy_taxonomy_vs_SILVA.benchmark.txt,10,272.11,2525.59,11179.12,9.281504,10.0,0.755861,3.042341,0.361971,3.404312,10.0,3.404312
updated,taxonomy,mmseqs_bestmatch_db,1.0.3,137.0,./microbial/210615_391_A1_S1.0.3/mmseqs/splits/137/mmseqs_bestmatch_db.benchmark.txt,1,0.74,0.64,193.91,0.864865,1.0,0.000206,0.000827,1.7e-05,0.000844,1.0,0.000844
updated,taxonomy,parse_mmseqs_easy_taxonomy_SILVA,1.0.3,137.0,./microbial/210615_391_A1_S1.0.3/mmseqs/splits/137/nuc/parse_mmseqs_easy_taxonomy_SILVA.benchmark.txt,2,0.95,0.96,231.21,1.010526,2.0,0.000528,0.002124,2.6e-05,0.00215,2.0,0.00215
updated,taxonomy,mmseqs_easy_taxonomy_vs_SILVA,1.0.3,137.0,./microbial/210615_391_A1_S1.0.3/mmseqs/splits/137/nuc/mmseqs_easy_taxonomy_vs_SILVA.benchmark.txt,10,275.9,2524.28,11163.67,9.149257,10.0,0.766389,3.084715,0.366505,3.451221,10.0,3.451221
updated,taxonomy,mmseqs_bestmatch_db,1.0.3,287.0,./microbial/210615_391_A1_S1.0.3/mmseqs/splits/287/mmseqs_bestmatch_db.benchmark.txt,1,0.98,0.45,157.89,0.459184,1.0,0.000272,0.001096,1.8e-05,0.001114,1.0,0.001114
updated,taxonomy,parse_mmseqs_easy_taxonomy_SILVA,1.0.3,287.0,./microbial/210615_391_A1_S1.0.3/mmseqs/splits/287/nuc/parse_mmseqs_easy_taxonomy_SILVA.benchmark.txt,2,2.03,0.33,90.52,0.162562,2.0,0.001128,0.004539,2.2e-05,0.004561,2.0,0.004561
updated,taxonomy,mmseqs_easy_taxonomy_vs_SILVA,1.0.3,287.0,./microbial/210615_391_A1_S1.0.3/mmseqs/splits/287/nuc/mmseqs_easy_taxonomy_vs_SILVA.benchmark.txt,10,348.35,3109.2,11141.1,8.925506,10.0,0.967639,3.894747,0.461812,4.356559,10.0,4.356559
updated,taxonomy,mmseqs_bestmatch_db,1.0.3,327.0,./microbial/210615_391_A1_S1.0.3/mmseqs/splits/327/mmseqs_bestmatch_db.benchmark.txt,1,0.99,0.6,165.44,0.606061,1.0,0.000275,0.001107,1.9e-05,0.001126,1.0,0.001126
updated,taxonomy,parse_mmseqs_easy_taxonomy_SILVA,1.0.3,327.0,./microbial/210615_391_A1_S1.0.3/mmseqs/splits/327/nuc/parse_mmseqs_easy_taxonomy_SILVA.benchmark.txt,2,0.91,0.85,234.36,0.934066,2.0,0.000506,0.002035,2.5e-05,0.00206,2.0,0.00206
updated,taxonomy,mmseqs_easy_taxonomy_vs_SILVA,1.0.3,327.0,./microbial/210615_391_A1_S1.0.3/mmseqs/splits/327/nuc/mmseqs_easy_taxonomy_vs_SILVA.benchmark.txt,10,277.21,2517.03,11173.78,9.079867,10.0,0.770028,3.099362,0.368579,3.467941,10.0,3.467941
updated,taxonomy,mmseqs_bestmatch_db,1.0.3,22.0,./microbial/210615_391_A1_S1.0.3/mmseqs/splits/022/mmseqs_bestmatch_db.benchmark.txt,1,0.81,0.58,183.81,0.716049,1.0,0.000225,0.000906,1.8e-05,0.000923,1.0,0.000923
updated,taxonomy,parse_mmseqs_easy_taxonomy_SILVA,1.0.3,22.0,./microbial/210615_391_A1_S1.0.3/mmseqs/splits/022/nuc/parse_mmseqs_easy_taxonomy_SILVA.benchmark.txt,2,0.85,0.1,40.91,0.117647,2.0,0.000472,0.001901,4e-06,0.001905,2.0,0.001905
updated,taxonomy,mmseqs_easy_taxonomy_vs_SILVA,1.0.3,22.0,./microbial/210615_391_A1_S1.0.3/mmseqs/splits/022/nuc/mmseqs_easy_taxonomy_vs_SILVA.benchmark.txt,10,424.37,3759.04,11122.52,8.857931,10.0,1.178806,4.744692,0.561655,5.306347,10.0,5.306347
updated,taxonomy,mmseqs_bestmatch_db,1.0.3,182.0,./microbial/210615_391_A1_S1.0.3/mmseqs/splits/182/mmseqs_bestmatch_db.benchmark.txt,1,0.79,0.62,178.28,0.78481,1.0,0.000219,0.000883,1.7e-05,0.0009,1.0,0.0009
updated,taxonomy,parse_mmseqs_easy_taxonomy_SILVA,1.0.3,182.0,./microbial/210615_391_A1_S1.0.3/mmseqs/splits/182/nuc/parse_mmseqs_easy_taxonomy_SILVA.benchmark.txt,2,1.32,1.04,201.17,0.787879,2.0,0.000733,0.002952,3.2e-05,0.002983,2.0,0.002983
updated,taxonomy,mmseqs_easy_taxonomy_vs_SILVA,1.0.3,182.0,./microbial/210615_391_A1_S1.0.3/mmseqs/splits/182/nuc/mmseqs_easy_taxonomy_vs_SILVA.benchmark.txt,10,342.59,3155.92,11134.6,9.211944,10.0,0.951639,3.830347,0.453911,4.284258,10.0,4.284258
updated,taxonomy,mmseqs_bestmatch_db,1.0.3,215.0,./microbial/210615_391_A1_S1.0.3/mmseqs/splits/215/mmseqs_bestmatch_db.benchmark.txt,1,0.76,0.54,180.46,0.710526,1.0,0.000211,0.00085,1.6e-05,0.000866,1.0,0.000866
updated,taxonomy,parse_mmseqs_easy_taxonomy_SILVA,1.0.3,215.0,./microbial/210615_391_A1_S1.0.3/mmseqs/splits/215/nuc/parse_mmseqs_easy_taxonomy_SILVA.benchmark.txt,2,1.02,0.82,207.17,0.803922,2.0,0.000567,0.002281,2.5e-05,0.002306,2.0,0.002306
updated,taxonomy,mmseqs_easy_taxonomy_vs_SILVA,1.0.3,215.0,./microbial/210615_391_A1_S1.0.3/mmseqs/splits/215/nuc/mmseqs_easy_taxonomy_vs_SILVA.benchmark.txt,10,277.41,2488.57,11171.09,8.970729,10.0,0.770583,3.101598,0.368756,3.470354,10.0,3.470354
updated,taxonomy,mmseqs_bestmatch_db,1.0.3,140.0,./microbial/210615_391_A1_S1.0.3/mmseqs/splits/140/mmseqs_bestmatch_db.benchmark.txt,1,0.81,0.46,186.28,0.567901,1.0,0.000225,0.000906,1.8e-05,0.000924,1.0,0.000924
updated,taxonomy,parse_mmseqs_easy_taxonomy_SILVA,1.0.3,140.0,./microbial/210615_391_A1_S1.0.3/mmseqs/splits/140/nuc/parse_mmseqs_easy_taxonomy_SILVA.benchmark.txt,2,2.62,0.27,85.56,0.103053,2.0,0.001456,0.005859,2.7e-05,0.005885,2.0,0.005885
updated,taxonomy,mmseqs_easy_taxonomy_vs_SILVA,1.0.3,140.0,./microbial/210615_391_A1_S1.0.3/mmseqs/splits/140/nuc/mmseqs_easy_taxonomy_vs_SILVA.benchmark.txt,10,287.47,2476.29,11181.95,8.614081,10.0,0.798528,3.214074,0.3825,3.596575,10.0,3.596575
updated,taxonomy,mmseqs_bestmatch_db,1.0.3,133.0,./microbial/210615_391_A1_S1.0.3/mmseqs/splits/133/mmseqs_bestmatch_db.benchmark.txt,1,0.88,0.77,183.29,0.875,1.0,0.000244,0.000984,1.9e-05,0.001003,1.0,0.001003
updated,taxonomy,parse_mmseqs_easy_taxonomy_SILVA,1.0.3,133.0,./microbial/210615_391_A1_S1.0.3/mmseqs/splits/133/nuc/parse_mmseqs_easy_taxonomy_SILVA.benchmark.txt,2,1.2,0.25,97.51,0.208333,2.0,0.000667,0.002683,1.4e-05,0.002697,2.0,0.002697
updated,taxonomy,mmseqs_easy_taxonomy_vs_SILVA,1.0.3,133.0,./microbial/210615_391_A1_S1.0.3/mmseqs/splits/133/nuc/mmseqs_easy_taxonomy_vs_SILVA.benchmark.txt,10,272.01,2512.77,11182.79,9.237785,10.0,0.755583,3.041223,0.361957,3.40318,10.0,3.40318
updated,taxonomy,mmseqs_bestmatch_db,1.0.3,295.0,./microbial/210615_391_A1_S1.0.3/mmseqs/splits/295/mmseqs_bestmatch_db.benchmark.txt,1,0.76,0.61,177.68,0.802632,1.0,0.000211,0.00085,1.6e-05,0.000866,1.0,0.000866
updated,taxonomy,parse_mmseqs_easy_taxonomy_SILVA,1.0.3,295.0,./microbial/210615_391_A1_S1.0.3/mmseqs/splits/295/nuc/parse_mmseqs_easy_taxonomy_SILVA.benchmark.txt,2,1.1,0.52,184.5,0.472727,2.0,0.000611,0.00246,2.4e-05,0.002484,2.0,0.002484
updated,taxonomy,mmseqs_easy_taxonomy_vs_SILVA,1.0.3,295.0,./microbial/210615_391_A1_S1.0.3/mmseqs/splits/295/nuc/mmseqs_easy_taxonomy_vs_SILVA.benchmark.txt,10,344.69,3129.49,11140.21,9.079144,10.0,0.957472,3.853826,0.456924,4.310749,10.0,4.310749
updated,taxonomy,mmseqs_bestmatch_db,1.0.3,76.0,./microbial/210615_391_A1_S1.0.3/mmseqs/splits/076/mmseqs_bestmatch_db.benchmark.txt,1,0.82,0.62,182.66,0.756098,1.0,0.000228,0.000917,1.8e-05,0.000935,1.0,0.000935
updated,taxonomy,parse_mmseqs_easy_taxonomy_SILVA,1.0.3,76.0,./microbial/210615_391_A1_S1.0.3/mmseqs/splits/076/nuc/parse_mmseqs_easy_taxonomy_SILVA.benchmark.txt,2,1.27,0.53,178.72,0.417323,2.0,0.000706,0.00284,2.7e-05,0.002867,2.0,0.002867
updated,taxonomy,mmseqs_easy_taxonomy_vs_SILVA,1.0.3,76.0,./microbial/210615_391_A1_S1.0.3/mmseqs/splits/076/nuc/mmseqs_easy_taxonomy_vs_SILVA.benchmark.txt,10,300.97,2818.12,11169.69,9.363458,10.0,0.836028,3.365012,0.400024,3.765036,10.0,3.765036
updated,taxonomy,mmseqs_bestmatch_db,1.0.3,75.0,./microbial/210615_391_A1_S1.0.3/mmseqs/splits/075/mmseqs_bestmatch_db.benchmark.txt,1,0.71,0.09,37.52,0.126761,1.0,0.000197,0.000794,3e-06,0.000797,1.0,0.000797
updated,taxonomy,parse_mmseqs_easy_taxonomy_SILVA,1.0.3,75.0,./microbial/210615_391_A1_S1.0.3/mmseqs/splits/075/nuc/parse_mmseqs_easy_taxonomy_SILVA.benchmark.txt,2,1.15,0.42,165.7,0.365217,2.0,0.000639,0.002572,2.3e-05,0.002594,2.0,0.002594
updated,taxonomy,mmseqs_easy_taxonomy_vs_SILVA,1.0.3,75.0,./microbial/210615_391_A1_S1.0.3/mmseqs/splits/075/nuc/mmseqs_easy_taxonomy_vs_SILVA.benchmark.txt,10,331.63,2840.29,11148.39,8.564635,10.0,0.921194,3.707808,0.439934,4.147742,10.0,4.147742
updated,taxonomy,mmseqs_bestmatch_db,1.0.3,108.0,./microbial/210615_391_A1_S1.0.3/mmseqs/splits/108/mmseqs_bestmatch_db.benchmark.txt,1,1.68,0.51,116.61,0.303571,1.0,0.000467,0.001878,2.3e-05,0.001902,1.0,0.001902
updated,taxonomy,parse_mmseqs_easy_taxonomy_SILVA,1.0.3,108.0,./microbial/210615_391_A1_S1.0.3/mmseqs/splits/108/nuc/parse_mmseqs_easy_taxonomy_SILVA.benchmark.txt,2,0.9,0.88,218.04,0.977778,2.0,0.0005,0.002012,2.3e-05,0.002036,2.0,0.002036
updated,taxonomy,mmseqs_easy_taxonomy_vs_SILVA,1.0.3,108.0,./microbial/210615_391_A1_S1.0.3/mmseqs/splits/108/nuc/mmseqs_easy_taxonomy_vs_SILVA.benchmark.txt,10,317.46,2872.03,11206.03,9.046904,10.0,0.881833,3.549379,0.423314,3.972693,10.0,3.972693
updated,taxonomy,mmseqs_bestmatch_db,1.0.3,9.0,./microbial/210615_391_A1_S1.0.3/mmseqs/splits/009/mmseqs_bestmatch_db.benchmark.txt,1,0.83,0.48,193.98,0.578313,1.0,0.000231,0.000928,1.9e-05,0.000947,1.0,0.000947
updated,taxonomy,parse_mmseqs_easy_taxonomy_SILVA,1.0.3,9.0,./microbial/210615_391_A1_S1.0.3/mmseqs/splits/009/nuc/parse_mmseqs_easy_taxonomy_SILVA.benchmark.txt,2,3.86,0.81,127.52,0.209845,2.0,0.002144,0.008631,5.9e-05,0.00869,2.0,0.00869
updated,taxonomy,mmseqs_easy_taxonomy_vs_SILVA,1.0.3,9.0,./microbial/210615_391_A1_S1.0.3/mmseqs/splits/009/nuc/mmseqs_easy_taxonomy_vs_SILVA.benchmark.txt,10,309.8,2820.28,11127.38,9.103551,10.0,0.860556,3.463736,0.4102,3.873936,10.0,3.873936
updated,taxonomy,mmseqs_bestmatch_db,1.0.3,198.0,./microbial/210615_391_A1_S1.0.3/mmseqs/splits/198/mmseqs_bestmatch_db.benchmark.txt,1,2.31,0.63,187.63,0.272727,1.0,0.000642,0.002583,5.2e-05,0.002634,1.0,0.002634
updated,taxonomy,parse_mmseqs_easy_taxonomy_SILVA,1.0.3,198.0,./microbial/210615_391_A1_S1.0.3/mmseqs/splits/198/nuc/parse_mmseqs_easy_taxonomy_SILVA.benchmark.txt,2,1.27,0.66,179.18,0.519685,2.0,0.000706,0.00284,2.7e-05,0.002867,2.0,0.002867
updated,taxonomy,mmseqs_easy_taxonomy_vs_SILVA,1.0.3,198.0,./microbial/210615_391_A1_S1.0.3/mmseqs/splits/198/nuc/mmseqs_easy_taxonomy_vs_SILVA.benchmark.txt,10,291.46,2514.85,11139.85,8.628457,10.0,0.809611,3.258685,0.386349,3.645034,10.0,3.645034
updated,taxonomy,mmseqs_bestmatch_db,1.0.3,304.0,./microbial/210615_391_A1_S1.0.3/mmseqs/splits/304/mmseqs_bestmatch_db.benchmark.txt,1,0.82,0.45,182.16,0.54878,1.0,0.000228,0.000917,1.8e-05,0.000935,1.0,0.000935
updated,taxonomy,parse_mmseqs_easy_taxonomy_SILVA,1.0.3,304.0,./microbial/210615_391_A1_S1.0.3/mmseqs/splits/304/nuc/parse_mmseqs_easy_taxonomy_SILVA.benchmark.txt,2,1.0,0.73,205.7,0.73,2.0,0.000556,0.002236,2.4e-05,0.002261,2.0,0.002261
updated,taxonomy,mmseqs_easy_taxonomy_vs_SILVA,1.0.3,304.0,./microbial/210615_391_A1_S1.0.3/mmseqs/splits/304/nuc/mmseqs_easy_taxonomy_vs_SILVA.benchmark.txt,10,275.24,2371.43,11173.07,8.615863,10.0,0.764556,3.077336,0.365936,3.443273,10.0,3.443273
updated,taxonomy,mmseqs_bestmatch_db,1.0.3,312.0,./microbial/210615_391_A1_S1.0.3/mmseqs/splits/312/mmseqs_bestmatch_db.benchmark.txt,1,0.96,0.23,79.79,0.239583,1.0,0.000267,0.001073,9e-06,0.001082,1.0,0.001082
updated,taxonomy,parse_mmseqs_easy_taxonomy_SILVA,1.0.3,312.0,./microbial/210615_391_A1_S1.0.3/mmseqs/splits/312/nuc/parse_mmseqs_easy_taxonomy_SILVA.benchmark.txt,2,1.13,0.57,193.6,0.504425,2.0,0.000628,0.002527,2.6e-05,0.002553,2.0,0.002553
updated,taxonomy,mmseqs_easy_taxonomy_vs_SILVA,1.0.3,312.0,./microbial/210615_391_A1_S1.0.3/mmseqs/splits/312/nuc/mmseqs_easy_taxonomy_vs_SILVA.benchmark.txt,10,279.17,2505.74,11169.95,8.975678,10.0,0.775472,3.121276,0.371058,3.492334,10.0,3.492334
updated,taxonomy,mmseqs_bestmatch_db,1.0.3,254.0,./microbial/210615_391_A1_S1.0.3/mmseqs/splits/254/mmseqs_bestmatch_db.benchmark.txt,1,0.68,0.08,36.97,0.117647,1.0,0.000189,0.00076,3e-06,0.000763,1.0,0.000763
updated,taxonomy,parse_mmseqs_easy_taxonomy_SILVA,1.0.3,254.0,./microbial/210615_391_A1_S1.0.3/mmseqs/splits/254/nuc/parse_mmseqs_easy_taxonomy_SILVA.benchmark.txt,2,2.8,1.05,220.45,0.375,2.0,0.001556,0.006261,7.3e-05,0.006335,2.0,0.006335
updated,taxonomy,mmseqs_easy_taxonomy_vs_SILVA,1.0.3,254.0,./microbial/210615_391_A1_S1.0.3/mmseqs/splits/254/nuc/mmseqs_easy_taxonomy_vs_SILVA.benchmark.txt,10,418.15,3689.47,11162.15,8.823317,10.0,1.161528,4.675149,0.555394,5.230544,10.0,5.230544
updated,taxonomy,mmseqs_bestmatch_db,1.0.3,306.0,./microbial/210615_391_A1_S1.0.3/mmseqs/splits/306/mmseqs_bestmatch_db.benchmark.txt,1,0.76,0.57,187.41,0.75,1.0,0.000211,0.00085,1.7e-05,0.000867,1.0,0.000867
updated,taxonomy,parse_mmseqs_easy_taxonomy_SILVA,1.0.3,306.0,./microbial/210615_391_A1_S1.0.3/mmseqs/splits/306/nuc/parse_mmseqs_easy_taxonomy_SILVA.benchmark.txt,2,0.9,0.94,236.88,1.044444,2.0,0.0005,0.002012,2.5e-05,0.002038,2.0,0.002038
updated,taxonomy,mmseqs_easy_taxonomy_vs_SILVA,1.0.3,306.0,./microbial/210615_391_A1_S1.0.3/mmseqs/splits/306/nuc/mmseqs_easy_taxonomy_vs_SILVA.benchmark.txt,10,345.87,3121.2,11132.63,9.0242,10.0,0.96075,3.867019,0.458176,4.325195,10.0,4.325195
updated,taxonomy,mmseqs_bestmatch_db,1.0.3,208.0,./microbial/210615_391_A1_S1.0.3/mmseqs/splits/208/mmseqs_bestmatch_db.benchmark.txt,1,0.89,0.54,166.64,0.606742,1.0,0.000247,0.000995,1.8e-05,0.001013,1.0,0.001013
updated,taxonomy,parse_mmseqs_easy_taxonomy_SILVA,1.0.3,208.0,./microbial/210615_391_A1_S1.0.3/mmseqs/splits/208/nuc/parse_mmseqs_easy_taxonomy_SILVA.benchmark.txt,2,0.91,0.85,226.6,0.934066,2.0,0.000506,0.002035,2.5e-05,0.002059,2.0,0.002059
updated,taxonomy,mmseqs_easy_taxonomy_vs_SILVA,1.0.3,208.0,./microbial/210615_391_A1_S1.0.3/mmseqs/splits/208/nuc/mmseqs_easy_taxonomy_vs_SILVA.benchmark.txt,10,271.87,2520.0,11184.54,9.269136,10.0,0.755194,3.039658,0.361827,3.401485,10.0,3.401485
updated,taxonomy,mmseqs_bestmatch_db,1.0.3,193.0,./microbial/210615_391_A1_S1.0.3/mmseqs/splits/193/mmseqs_bestmatch_db.benchmark.txt,1,0.6,0.09,37.04,0.15,1.0,0.000167,0.000671,3e-06,0.000673,1.0,0.000673
updated,taxonomy,parse_mmseqs_easy_taxonomy_SILVA,1.0.3,193.0,./microbial/210615_391_A1_S1.0.3/mmseqs/splits/193/nuc/parse_mmseqs_easy_taxonomy_SILVA.benchmark.txt,2,0.98,0.61,198.38,0.622449,2.0,0.000544,0.002191,2.3e-05,0.002215,2.0,0.002215
updated,taxonomy,mmseqs_easy_taxonomy_vs_SILVA,1.0.3,193.0,./microbial/210615_391_A1_S1.0.3/mmseqs/splits/193/nuc/mmseqs_easy_taxonomy_vs_SILVA.benchmark.txt,10,272.18,2520.24,11196.07,9.259461,10.0,0.756056,3.043124,0.362613,3.405737,10.0,3.405737
updated,taxonomy,mmseqs_bestmatch_db,1.0.3,87.0,./microbial/210615_391_A1_S1.0.3/mmseqs/splits/087/mmseqs_bestmatch_db.benchmark.txt,1,1.02,0.69,198.84,0.676471,1.0,0.000283,0.00114,2.4e-05,0.001165,1.0,0.001165
updated,taxonomy,parse_mmseqs_easy_taxonomy_SILVA,1.0.3,87.0,./microbial/210615_391_A1_S1.0.3/mmseqs/splits/087/nuc/parse_mmseqs_easy_taxonomy_SILVA.benchmark.txt,2,1.03,0.98,224.55,0.951456,2.0,0.000572,0.002303,2.8e-05,0.002331,2.0,0.002331
updated,taxonomy,mmseqs_easy_taxonomy_vs_SILVA,1.0.3,87.0,./microbial/210615_391_A1_S1.0.3/mmseqs/splits/087/nuc/mmseqs_easy_taxonomy_vs_SILVA.benchmark.txt,10,318.65,2819.2,11143.34,8.847325,10.0,0.885139,3.562684,0.422524,3.985208,10.0,3.985208
updated,taxonomy,mmseqs_bestmatch_db,1.0.3,331.0,./microbial/210615_391_A1_S1.0.3/mmseqs/splits/331/mmseqs_bestmatch_db.benchmark.txt,1,1.02,0.36,112.54,0.352941,1.0,0.000283,0.00114,1.4e-05,0.001154,1.0,0.001154
updated,taxonomy,parse_mmseqs_easy_taxonomy_SILVA,1.0.3,331.0,./microbial/210615_391_A1_S1.0.3/mmseqs/splits/331/nuc/parse_mmseqs_easy_taxonomy_SILVA.benchmark.txt,2,1.03,0.77,210.89,0.747573,2.0,0.000572,0.002303,2.6e-05,0.002329,2.0,0.002329
updated,taxonomy,mmseqs_easy_taxonomy_vs_SILVA,1.0.3,331.0,./microbial/210615_391_A1_S1.0.3/mmseqs/splits/331/nuc/mmseqs_easy_taxonomy_vs_SILVA.benchmark.txt,10,273.04,2527.53,11170.04,9.256995,10.0,0.758444,3.052739,0.362913,3.415652,10.0,3.415652
updated,taxonomy,mmseqs_bestmatch_db,1.0.3,201.0,./microbial/210615_391_A1_S1.0.3/mmseqs/splits/201/mmseqs_bestmatch_db.benchmark.txt,1,1.44,0.45,195.12,0.3125,1.0,0.0004,0.00161,3.3e-05,0.001643,1.0,0.001643
updated,taxonomy,parse_mmseqs_easy_taxonomy_SILVA,1.0.3,201.0,./microbial/210615_391_A1_S1.0.3/mmseqs/splits/201/nuc/parse_mmseqs_easy_taxonomy_SILVA.benchmark.txt,2,0.95,0.87,222.31,0.915789,2.0,0.000528,0.002124,2.5e-05,0.002149,2.0,0.002149
updated,taxonomy,mmseqs_easy_taxonomy_vs_SILVA,1.0.3,201.0,./microbial/210615_391_A1_S1.0.3/mmseqs/splits/201/nuc/mmseqs_easy_taxonomy_vs_SILVA.benchmark.txt,10,269.86,2518.34,11196.92,9.332024,10.0,0.749611,3.017185,0.35955,3.376734,10.0,3.376734
updated,taxonomy,mmseqs_bestmatch_db,1.0.3,167.0,./microbial/210615_391_A1_S1.0.3/mmseqs/splits/167/mmseqs_bestmatch_db.benchmark.txt,1,0.69,0.09,42.43,0.130435,1.0,0.000192,0.000771,3e-06,0.000775,1.0,0.000775
updated,taxonomy,parse_mmseqs_easy_taxonomy_SILVA,1.0.3,167.0,./microbial/210615_391_A1_S1.0.3/mmseqs/splits/167/nuc/parse_mmseqs_easy_taxonomy_SILVA.benchmark.txt,2,1.11,0.94,209.54,0.846847,2.0,0.000617,0.002482,2.8e-05,0.00251,2.0,0.00251
updated,taxonomy,mmseqs_easy_taxonomy_vs_SILVA,1.0.3,167.0,./microbial/210615_391_A1_S1.0.3/mmseqs/splits/167/nuc/mmseqs_easy_taxonomy_vs_SILVA.benchmark.txt,10,269.85,2526.73,11171.34,9.363461,10.0,0.749583,3.017073,0.358715,3.375788,10.0,3.375788
updated,taxonomy,mmseqs_bestmatch_db,1.0.3,212.0,./microbial/210615_391_A1_S1.0.3/mmseqs/splits/212/mmseqs_bestmatch_db.benchmark.txt,1,0.91,0.48,188.25,0.527473,1.0,0.000253,0.001017,2e-05,0.001038,1.0,0.001038
updated,taxonomy,parse_mmseqs_easy_taxonomy_SILVA,1.0.3,212.0,./microbial/210615_391_A1_S1.0.3/mmseqs/splits/212/nuc/parse_mmseqs_easy_taxonomy_SILVA.benchmark.txt,2,0.91,0.93,227.15,1.021978,2.0,0.000506,0.002035,2.5e-05,0.002059,2.0,0.002059
updated,taxonomy,mmseqs_easy_taxonomy_vs_SILVA,1.0.3,212.0,./microbial/210615_391_A1_S1.0.3/mmseqs/splits/212/nuc/mmseqs_easy_taxonomy_vs_SILVA.benchmark.txt,10,330.45,3116.44,11132.53,9.430897,10.0,0.917917,3.694615,0.437745,4.13236,10.0,4.13236
updated,taxonomy,mmseqs_bestmatch_db,1.0.3,11.0,./microbial/210615_391_A1_S1.0.3/mmseqs/splits/011/mmseqs_bestmatch_db.benchmark.txt,1,0.77,0.6,196.55,0.779221,1.0,0.000214,0.000861,1.8e-05,0.000879,1.0,0.000879
updated,taxonomy,parse_mmseqs_easy_taxonomy_SILVA,1.0.3,11.0,./microbial/210615_391_A1_S1.0.3/mmseqs/splits/011/nuc/parse_mmseqs_easy_taxonomy_SILVA.benchmark.txt,2,0.84,0.87,222.07,1.035714,2.0,0.000467,0.001878,2.2e-05,0.001901,2.0,0.001901
updated,taxonomy,mmseqs_easy_taxonomy_vs_SILVA,1.0.3,11.0,./microbial/210615_391_A1_S1.0.3/mmseqs/splits/011/nuc/mmseqs_easy_taxonomy_vs_SILVA.benchmark.txt,10,317.52,2832.72,11160.32,8.921391,10.0,0.882,3.55005,0.421667,3.971717,10.0,3.971717
updated,taxonomy,mmseqs_bestmatch_db,1.0.3,53.0,./microbial/210615_391_A1_S1.0.3/mmseqs/splits/053/mmseqs_bestmatch_db.benchmark.txt,1,0.84,0.59,174.06,0.702381,1.0,0.000233,0.000939,1.7e-05,0.000957,1.0,0.000957
updated,taxonomy,parse_mmseqs_easy_taxonomy_SILVA,1.0.3,53.0,./microbial/210615_391_A1_S1.0.3/mmseqs/splits/053/nuc/parse_mmseqs_easy_taxonomy_SILVA.benchmark.txt,2,0.89,0.9,230.23,1.011236,2.0,0.000494,0.00199,2.4e-05,0.002015,2.0,0.002015
updated,taxonomy,mmseqs_easy_taxonomy_vs_SILVA,1.0.3,53.0,./microbial/210615_391_A1_S1.0.3/mmseqs/splits/053/nuc/mmseqs_easy_taxonomy_vs_SILVA.benchmark.txt,10,268.23,2512.24,11186.34,9.365992,10.0,0.745083,2.99896,0.35704,3.356001,10.0,3.356001
updated,taxonomy,mmseqs_bestmatch_db,1.0.3,230.0,./microbial/210615_391_A1_S1.0.3/mmseqs/splits/230/mmseqs_bestmatch_db.benchmark.txt,1,0.75,0.59,186.33,0.786667,1.0,0.000208,0.000839,1.7e-05,0.000855,1.0,0.000855
updated,taxonomy,parse_mmseqs_easy_taxonomy_SILVA,1.0.3,230.0,./microbial/210615_391_A1_S1.0.3/mmseqs/splits/230/nuc/parse_mmseqs_easy_taxonomy_SILVA.benchmark.txt,2,0.99,0.8,212.09,0.808081,2.0,0.00055,0.002214,2.5e-05,0.002239,2.0,0.002239
updated,taxonomy,mmseqs_easy_taxonomy_vs_SILVA,1.0.3,230.0,./microbial/210615_391_A1_S1.0.3/mmseqs/splits/230/nuc/mmseqs_easy_taxonomy_vs_SILVA.benchmark.txt,10,286.87,2500.39,11173.87,8.716108,10.0,0.796861,3.207366,0.381426,3.588792,10.0,3.588792
updated,taxonomy,mmseqs_bestmatch_db,1.0.3,195.0,./microbial/210615_391_A1_S1.0.3/mmseqs/splits/195/mmseqs_bestmatch_db.benchmark.txt,1,0.69,0.09,36.84,0.130435,1.0,0.000192,0.000771,3e-06,0.000774,1.0,0.000774
updated,taxonomy,parse_mmseqs_easy_taxonomy_SILVA,1.0.3,195.0,./microbial/210615_391_A1_S1.0.3/mmseqs/splits/195/nuc/parse_mmseqs_easy_taxonomy_SILVA.benchmark.txt,2,0.98,0.82,224.95,0.836735,2.0,0.000544,0.002191,2.6e-05,0.002218,2.0,0.002218
updated,taxonomy,mmseqs_easy_taxonomy_vs_SILVA,1.0.3,195.0,./microbial/210615_391_A1_S1.0.3/mmseqs/splits/195/nuc/mmseqs_easy_taxonomy_vs_SILVA.benchmark.txt,10,308.62,2822.13,11148.78,9.144352,10.0,0.857278,3.450543,0.409424,3.859967,10.0,3.859967
updated,taxonomy,mmseqs_bestmatch_db,1.0.3,259.0,./microbial/210615_391_A1_S1.0.3/mmseqs/splits/259/mmseqs_bestmatch_db.benchmark.txt,1,2.95,0.58,157.74,0.19661,1.0,0.000819,0.003298,5.5e-05,0.003354,1.0,0.003354
updated,taxonomy,parse_mmseqs_easy_taxonomy_SILVA,1.0.3,259.0,./microbial/210615_391_A1_S1.0.3/mmseqs/splits/259/nuc/parse_mmseqs_easy_taxonomy_SILVA.benchmark.txt,2,0.92,0.94,229.18,1.021739,2.0,0.000511,0.002057,2.5e-05,0.002082,2.0,0.002082
updated,taxonomy,mmseqs_easy_taxonomy_vs_SILVA,1.0.3,259.0,./microbial/210615_391_A1_S1.0.3/mmseqs/splits/259/nuc/mmseqs_easy_taxonomy_vs_SILVA.benchmark.txt,10,285.22,2509.31,11182.06,8.797805,10.0,0.792278,3.188918,0.37951,3.568428,10.0,3.568428
updated,taxonomy,mmseqs_bestmatch_db,1.0.3,244.0,./microbial/210615_391_A1_S1.0.3/mmseqs/splits/244/mmseqs_bestmatch_db.benchmark.txt,1,0.82,0.61,197.51,0.743902,1.0,0.000228,0.000917,1.9e-05,0.000936,1.0,0.000936
updated,taxonomy,parse_mmseqs_easy_taxonomy_SILVA,1.0.3,244.0,./microbial/210615_391_A1_S1.0.3/mmseqs/splits/244/nuc/parse_mmseqs_easy_taxonomy_SILVA.benchmark.txt,2,0.93,0.82,222.11,0.88172,2.0,0.000517,0.00208,2.5e-05,0.002104,2.0,0.002104
updated,taxonomy,mmseqs_easy_taxonomy_vs_SILVA,1.0.3,244.0,./microbial/210615_391_A1_S1.0.3/mmseqs/splits/244/nuc/mmseqs_easy_taxonomy_vs_SILVA.benchmark.txt,10,354.71,3129.31,11205.04,8.822165,10.0,0.985306,3.965855,0.472943,4.438797,10.0,4.438797
updated,taxonomy,mmseqs_bestmatch_db,1.0.3,178.0,./microbial/210615_391_A1_S1.0.3/mmseqs/splits/178/mmseqs_bestmatch_db.benchmark.txt,1,0.69,0.08,36.99,0.115942,1.0,0.000192,0.000771,3e-06,0.000774,1.0,0.000774
updated,taxonomy,parse_mmseqs_easy_taxonomy_SILVA,1.0.3,178.0,./microbial/210615_391_A1_S1.0.3/mmseqs/splits/178/nuc/parse_mmseqs_easy_taxonomy_SILVA.benchmark.txt,2,1.15,0.81,195.0,0.704348,2.0,0.000639,0.002572,2.7e-05,0.002598,2.0,0.002598
updated,taxonomy,mmseqs_easy_taxonomy_vs_SILVA,1.0.3,178.0,./microbial/210615_391_A1_S1.0.3/mmseqs/splits/178/nuc/mmseqs_easy_taxonomy_vs_SILVA.benchmark.txt,10,338.85,3123.51,11137.33,9.217973,10.0,0.94125,3.788531,0.449066,4.237597,10.0,4.237597
updated,taxonomy,mmseqs_bestmatch_db,1.0.3,112.0,./microbial/210615_391_A1_S1.0.3/mmseqs/splits/112/mmseqs_bestmatch_db.benchmark.txt,1,0.8,0.46,167.34,0.575,1.0,0.000222,0.000894,1.6e-05,0.00091,1.0,0.00091
updated,taxonomy,parse_mmseqs_easy_taxonomy_SILVA,1.0.3,112.0,./microbial/210615_391_A1_S1.0.3/mmseqs/splits/112/nuc/parse_mmseqs_easy_taxonomy_SILVA.benchmark.txt,2,0.91,0.93,229.36,1.021978,2.0,0.000506,0.002035,2.5e-05,0.00206,2.0,0.00206
updated,taxonomy,mmseqs_easy_taxonomy_vs_SILVA,1.0.3,112.0,./microbial/210615_391_A1_S1.0.3/mmseqs/splits/112/nuc/mmseqs_easy_taxonomy_vs_SILVA.benchmark.txt,10,314.06,2795.69,11189.54,8.90177,10.0,0.872389,3.511365,0.418164,3.929529,10.0,3.929529
updated,taxonomy,mmseqs_bestmatch_db,1.0.3,255.0,./microbial/210615_391_A1_S1.0.3/mmseqs/splits/255/mmseqs_bestmatch_db.benchmark.txt,1,1.9,0.55,189.61,0.289474,1.0,0.000528,0.002124,4.3e-05,0.002167,1.0,0.002167
updated,taxonomy,parse_mmseqs_easy_taxonomy_SILVA,1.0.3,255.0,./microbial/210615_391_A1_S1.0.3/mmseqs/splits/255/nuc/parse_mmseqs_easy_taxonomy_SILVA.benchmark.txt,2,2.75,0.92,176.13,0.334545,2.0,0.001528,0.006149,5.8e-05,0.006207,2.0,0.006207
updated,taxonomy,mmseqs_easy_taxonomy_vs_SILVA,1.0.3,255.0,./microbial/210615_391_A1_S1.0.3/mmseqs/splits/255/nuc/mmseqs_easy_taxonomy_vs_SILVA.benchmark.txt,10,274.43,2529.85,11141.1,9.218562,10.0,0.762306,3.06828,0.363816,3.432095,10.0,3.432095
updated,taxonomy,mmseqs_bestmatch_db,1.0.3,297.0,./microbial/210615_391_A1_S1.0.3/mmseqs/splits/297/mmseqs_bestmatch_db.benchmark.txt,1,3.26,0.74,185.25,0.226994,1.0,0.000906,0.003645,7.2e-05,0.003717,1.0,0.003717
updated,taxonomy,parse_mmseqs_easy_taxonomy_SILVA,1.0.3,297.0,./microbial/210615_391_A1_S1.0.3/mmseqs/splits/297/nuc/parse_mmseqs_easy_taxonomy_SILVA.benchmark.txt,2,1.27,0.21,91.58,0.165354,2.0,0.000706,0.00284,1.4e-05,0.002854,2.0,0.002854
updated,taxonomy,mmseqs_easy_taxonomy_vs_SILVA,1.0.3,297.0,./microbial/210615_391_A1_S1.0.3/mmseqs/splits/297/nuc/mmseqs_easy_taxonomy_vs_SILVA.benchmark.txt,10,312.39,2769.17,11173.1,8.864464,10.0,0.86775,3.492694,0.415329,3.908023,10.0,3.908023
updated,taxonomy,mmseqs_bestmatch_db,1.0.3,330.0,./microbial/210615_391_A1_S1.0.3/mmseqs/splits/330/mmseqs_bestmatch_db.benchmark.txt,1,0.78,0.6,180.95,0.769231,1.0,0.000217,0.000872,1.7e-05,0.000889,1.0,0.000889
updated,taxonomy,parse_mmseqs_easy_taxonomy_SILVA,1.0.3,330.0,./microbial/210615_391_A1_S1.0.3/mmseqs/splits/330/nuc/parse_mmseqs_easy_taxonomy_SILVA.benchmark.txt,2,0.91,0.93,231.48,1.021978,2.0,0.000506,0.002035,2.5e-05,0.00206,2.0,0.00206
updated,taxonomy,mmseqs_easy_taxonomy_vs_SILVA,1.0.3,330.0,./microbial/210615_391_A1_S1.0.3/mmseqs/splits/330/nuc/mmseqs_easy_taxonomy_vs_SILVA.benchmark.txt,10,323.55,2820.22,11180.53,8.716489,10.0,0.89875,3.617469,0.430453,4.047921,10.0,4.047921
updated,taxonomy,mmseqs_bestmatch_db,1.0.3,235.0,./microbial/210615_391_A1_S1.0.3/mmseqs/splits/235/mmseqs_bestmatch_db.benchmark.txt,1,0.74,0.66,181.24,0.891892,1.0,0.000206,0.000827,1.6e-05,0.000843,1.0,0.000843
updated,taxonomy,parse_mmseqs_easy_taxonomy_SILVA,1.0.3,235.0,./microbial/210615_391_A1_S1.0.3/mmseqs/splits/235/nuc/parse_mmseqs_easy_taxonomy_SILVA.benchmark.txt,2,1.11,0.73,198.44,0.657658,2.0,0.000617,0.002482,2.6e-05,0.002508,2.0,0.002508
updated,taxonomy,mmseqs_easy_taxonomy_vs_SILVA,1.0.3,235.0,./microbial/210615_391_A1_S1.0.3/mmseqs/splits/235/nuc/mmseqs_easy_taxonomy_vs_SILVA.benchmark.txt,10,282.1,2466.01,11199.95,8.741616,10.0,0.783611,3.154035,0.375959,3.529994,10.0,3.529994
updated,taxonomy,mmseqs_bestmatch_db,1.0.3,206.0,./microbial/210615_391_A1_S1.0.3/mmseqs/splits/206/mmseqs_bestmatch_db.benchmark.txt,1,1.05,0.6,162.53,0.571429,1.0,0.000292,0.001174,2e-05,0.001194,1.0,0.001194
updated,taxonomy,parse_mmseqs_easy_taxonomy_SILVA,1.0.3,206.0,./microbial/210615_391_A1_S1.0.3/mmseqs/splits/206/nuc/parse_mmseqs_easy_taxonomy_SILVA.benchmark.txt,2,2.55,0.96,145.19,0.376471,2.0,0.001417,0.005702,4.4e-05,0.005746,2.0,0.005746
updated,taxonomy,mmseqs_easy_taxonomy_vs_SILVA,1.0.3,206.0,./microbial/210615_391_A1_S1.0.3/mmseqs/splits/206/nuc/mmseqs_easy_taxonomy_vs_SILVA.benchmark.txt,10,289.35,2483.66,11200.51,8.583584,10.0,0.80375,3.235094,0.385641,3.620734,10.0,3.620734
updated,taxonomy,mmseqs_bestmatch_db,1.0.3,129.0,./microbial/210615_391_A1_S1.0.3/mmseqs/splits/129/mmseqs_bestmatch_db.benchmark.txt,1,0.6,0.09,36.87,0.15,1.0,0.000167,0.000671,3e-06,0.000673,1.0,0.000673
updated,taxonomy,parse_mmseqs_easy_taxonomy_SILVA,1.0.3,129.0,./microbial/210615_391_A1_S1.0.3/mmseqs/splits/129/nuc/parse_mmseqs_easy_taxonomy_SILVA.benchmark.txt,2,1.29,0.31,71.84,0.24031,2.0,0.000717,0.002885,1.1e-05,0.002896,2.0,0.002896
updated,taxonomy,mmseqs_easy_taxonomy_vs_SILVA,1.0.3,129.0,./microbial/210615_391_A1_S1.0.3/mmseqs/splits/129/nuc/mmseqs_easy_taxonomy_vs_SILVA.benchmark.txt,10,266.81,2511.29,11184.67,9.412278,10.0,0.741139,2.983084,0.355097,3.338181,10.0,3.338181
updated,taxonomy,mmseqs_bestmatch_db,1.0.3,245.0,./microbial/210615_391_A1_S1.0.3/mmseqs/splits/245/mmseqs_bestmatch_db.benchmark.txt,1,0.6,0.09,38.15,0.15,1.0,0.000167,0.000671,3e-06,0.000674,1.0,0.000674
updated,taxonomy,parse_mmseqs_easy_taxonomy_SILVA,1.0.3,245.0,./microbial/210615_391_A1_S1.0.3/mmseqs/splits/245/nuc/parse_mmseqs_easy_taxonomy_SILVA.benchmark.txt,2,1.13,0.46,175.31,0.40708,2.0,0.000628,0.002527,2.4e-05,0.00255,2.0,0.00255
updated,taxonomy,mmseqs_easy_taxonomy_vs_SILVA,1.0.3,245.0,./microbial/210615_391_A1_S1.0.3/mmseqs/splits/245/nuc/mmseqs_easy_taxonomy_vs_SILVA.benchmark.txt,10,301.1,2825.03,11185.96,9.382365,10.0,0.836389,3.366465,0.40078,3.767245,10.0,3.767245
updated,taxonomy,mmseqs_bestmatch_db,1.0.3,241.0,./microbial/210615_391_A1_S1.0.3/mmseqs/splits/241/mmseqs_bestmatch_db.benchmark.txt,1,0.73,0.59,180.4,0.808219,1.0,0.000203,0.000816,1.6e-05,0.000832,1.0,0.000832
updated,taxonomy,parse_mmseqs_easy_taxonomy_SILVA,1.0.3,241.0,./microbial/210615_391_A1_S1.0.3/mmseqs/splits/241/nuc/parse_mmseqs_easy_taxonomy_SILVA.benchmark.txt,2,0.9,0.86,226.85,0.955556,2.0,0.0005,0.002012,2.4e-05,0.002037,2.0,0.002037
updated,taxonomy,mmseqs_easy_taxonomy_vs_SILVA,1.0.3,241.0,./microbial/210615_391_A1_S1.0.3/mmseqs/splits/241/nuc/mmseqs_easy_taxonomy_vs_SILVA.benchmark.txt,10,291.35,2532.74,11135.83,8.693118,10.0,0.809306,3.257455,0.386064,3.643519,10.0,3.643519
updated,taxonomy,mmseqs_bestmatch_db,1.0.3,190.0,./microbial/210615_391_A1_S1.0.3/mmseqs/splits/190/mmseqs_bestmatch_db.benchmark.txt,1,0.85,0.42,176.59,0.494118,1.0,0.000236,0.00095,1.8e-05,0.000968,1.0,0.000968
updated,taxonomy,parse_mmseqs_easy_taxonomy_SILVA,1.0.3,190.0,./microbial/210615_391_A1_S1.0.3/mmseqs/splits/190/nuc/parse_mmseqs_easy_taxonomy_SILVA.benchmark.txt,2,1.4,0.97,197.61,0.692857,2.0,0.000778,0.003131,3.3e-05,0.003163,2.0,0.003163
updated,taxonomy,mmseqs_easy_taxonomy_vs_SILVA,1.0.3,190.0,./microbial/210615_391_A1_S1.0.3/mmseqs/splits/190/nuc/mmseqs_easy_taxonomy_vs_SILVA.benchmark.txt,10,297.74,2518.59,11175.36,8.459025,10.0,0.827056,3.328899,0.395932,3.72483,10.0,3.72483
updated,taxonomy,mmseqs_bestmatch_db,1.0.3,66.0,./microbial/210615_391_A1_S1.0.3/mmseqs/splits/066/mmseqs_bestmatch_db.benchmark.txt,1,0.79,0.5,174.55,0.632911,1.0,0.000219,0.000883,1.6e-05,0.0009,1.0,0.0009
updated,taxonomy,parse_mmseqs_easy_taxonomy_SILVA,1.0.3,66.0,./microbial/210615_391_A1_S1.0.3/mmseqs/splits/066/nuc/parse_mmseqs_easy_taxonomy_SILVA.benchmark.txt,2,0.92,1.03,240.43,1.119565,2.0,0.000511,0.002057,2.6e-05,0.002084,2.0,0.002084
updated,taxonomy,mmseqs_easy_taxonomy_vs_SILVA,1.0.3,66.0,./microbial/210615_391_A1_S1.0.3/mmseqs/splits/066/nuc/mmseqs_easy_taxonomy_vs_SILVA.benchmark.txt,10,277.73,2532.1,11154.69,9.117128,10.0,0.771472,3.105176,0.36864,3.473815,10.0,3.473815
updated,taxonomy,mmseqs_bestmatch_db,1.0.3,326.0,./microbial/210615_391_A1_S1.0.3/mmseqs/splits/326/mmseqs_bestmatch_db.benchmark.txt,1,0.77,0.55,186.68,0.714286,1.0,0.000214,0.000861,1.7e-05,0.000878,1.0,0.000878
updated,taxonomy,parse_mmseqs_easy_taxonomy_SILVA,1.0.3,326.0,./microbial/210615_391_A1_S1.0.3/mmseqs/splits/326/nuc/parse_mmseqs_easy_taxonomy_SILVA.benchmark.txt,2,1.17,0.74,185.99,0.632479,2.0,0.00065,0.002616,2.6e-05,0.002642,2.0,0.002642
updated,taxonomy,mmseqs_easy_taxonomy_vs_SILVA,1.0.3,326.0,./microbial/210615_391_A1_S1.0.3/mmseqs/splits/326/nuc/mmseqs_easy_taxonomy_vs_SILVA.benchmark.txt,10,300.46,2475.99,11126.95,8.240664,10.0,0.834611,3.35931,0.397818,3.757128,10.0,3.757128
updated,taxonomy,mmseqs_bestmatch_db,1.0.3,25.0,./microbial/210615_391_A1_S1.0.3/mmseqs/splits/025/mmseqs_bestmatch_db.benchmark.txt,1,0.64,0.09,38.48,0.140625,1.0,0.000178,0.000716,3e-06,0.000718,1.0,0.000718
updated,taxonomy,parse_mmseqs_easy_taxonomy_SILVA,1.0.3,25.0,./microbial/210615_391_A1_S1.0.3/mmseqs/splits/025/nuc/parse_mmseqs_easy_taxonomy_SILVA.benchmark.txt,2,0.84,0.82,221.77,0.97619,2.0,0.000467,0.001878,2.2e-05,0.001901,2.0,0.001901
updated,taxonomy,mmseqs_easy_taxonomy_vs_SILVA,1.0.3,25.0,./microbial/210615_391_A1_S1.0.3/mmseqs/splits/025/nuc/mmseqs_easy_taxonomy_vs_SILVA.benchmark.txt,10,294.22,2559.89,11135.88,8.700598,10.0,0.817278,3.289543,0.389869,3.679412,10.0,3.679412
updated,taxonomy,mmseqs_bestmatch_db,1.0.3,122.0,./microbial/210615_391_A1_S1.0.3/mmseqs/splits/122/mmseqs_bestmatch_db.benchmark.txt,1,0.71,0.09,37.59,0.126761,1.0,0.000197,0.000794,3e-06,0.000797,1.0,0.000797
updated,taxonomy,parse_mmseqs_easy_taxonomy_SILVA,1.0.3,122.0,./microbial/210615_391_A1_S1.0.3/mmseqs/splits/122/nuc/parse_mmseqs_easy_taxonomy_SILVA.benchmark.txt,2,0.97,1.0,226.11,1.030928,2.0,0.000539,0.002169,2.6e-05,0.002195,2.0,0.002195
updated,taxonomy,mmseqs_easy_taxonomy_vs_SILVA,1.0.3,122.0,./microbial/210615_391_A1_S1.0.3/mmseqs/splits/122/nuc/mmseqs_easy_taxonomy_vs_SILVA.benchmark.txt,10,277.76,2489.29,11175.07,8.962018,10.0,0.771556,3.105511,0.369353,3.474864,10.0,3.474864
updated,taxonomy,mmseqs_bestmatch_db,1.0.3,344.0,./microbial/210615_391_A1_S1.0.3/mmseqs/splits/344/mmseqs_bestmatch_db.benchmark.txt,1,0.82,0.54,168.14,0.658537,1.0,0.000228,0.000917,1.6e-05,0.000933,1.0,0.000933
updated,taxonomy,parse_mmseqs_easy_taxonomy_SILVA,1.0.3,344.0,./microbial/210615_391_A1_S1.0.3/mmseqs/splits/344/nuc/parse_mmseqs_easy_taxonomy_SILVA.benchmark.txt,2,0.93,0.88,236.7,0.946237,2.0,0.000517,0.00208,2.6e-05,0.002106,2.0,0.002106
updated,taxonomy,mmseqs_easy_taxonomy_vs_SILVA,1.0.3,344.0,./microbial/210615_391_A1_S1.0.3/mmseqs/splits/344/nuc/mmseqs_easy_taxonomy_vs_SILVA.benchmark.txt,10,272.91,2512.27,11176.08,9.205489,10.0,0.758083,3.051285,0.362936,3.414222,10.0,3.414222
updated,taxonomy,mmseqs_bestmatch_db,1.0.3,104.0,./microbial/210615_391_A1_S1.0.3/mmseqs/splits/104/mmseqs_bestmatch_db.benchmark.txt,1,0.65,0.09,42.78,0.138462,1.0,0.000181,0.000727,3e-06,0.00073,1.0,0.00073
updated,taxonomy,parse_mmseqs_easy_taxonomy_SILVA,1.0.3,104.0,./microbial/210615_391_A1_S1.0.3/mmseqs/splits/104/nuc/parse_mmseqs_easy_taxonomy_SILVA.benchmark.txt,2,0.91,0.95,233.39,1.043956,2.0,0.000506,0.002035,2.5e-05,0.00206,2.0,0.00206
updated,taxonomy,mmseqs_easy_taxonomy_vs_SILVA,1.0.3,104.0,./microbial/210615_391_A1_S1.0.3/mmseqs/splits/104/nuc/mmseqs_easy_taxonomy_vs_SILVA.benchmark.txt,10,308.18,2817.71,11173.05,9.143066,10.0,0.856056,3.445624,0.40973,3.855354,10.0,3.855354
updated,taxonomy,mmseqs_bestmatch_db,1.0.3,272.0,./microbial/210615_391_A1_S1.0.3/mmseqs/splits/272/mmseqs_bestmatch_db.benchmark.txt,1,2.07,0.63,174.3,0.304348,1.0,0.000575,0.002314,4.3e-05,0.002357,1.0,0.002357
updated,taxonomy,parse_mmseqs_easy_taxonomy_SILVA,1.0.3,272.0,./microbial/210615_391_A1_S1.0.3/mmseqs/splits/272/nuc/parse_mmseqs_easy_taxonomy_SILVA.benchmark.txt,2,0.96,0.81,221.32,0.84375,2.0,0.000533,0.002147,2.5e-05,0.002172,2.0,0.002172
updated,taxonomy,mmseqs_easy_taxonomy_vs_SILVA,1.0.3,272.0,./microbial/210615_391_A1_S1.0.3/mmseqs/splits/272/nuc/mmseqs_easy_taxonomy_vs_SILVA.benchmark.txt,10,267.04,2218.61,11197.2,8.308156,10.0,0.741778,2.985656,0.355801,3.341457,10.0,3.341457
updated,taxonomy,mmseqs_bestmatch_db,1.0.3,7.0,./microbial/210615_391_A1_S1.0.3/mmseqs/splits/007/mmseqs_bestmatch_db.benchmark.txt,1,0.92,0.48,207.26,0.521739,1.0,0.000256,0.001029,2.3e-05,0.001051,1.0,0.001051
updated,taxonomy,parse_mmseqs_easy_taxonomy_SILVA,1.0.3,7.0,./microbial/210615_391_A1_S1.0.3/mmseqs/splits/007/nuc/parse_mmseqs_easy_taxonomy_SILVA.benchmark.txt,2,0.86,0.09,37.3,0.104651,2.0,0.000478,0.001923,4e-06,0.001927,2.0,0.001927
updated,taxonomy,mmseqs_easy_taxonomy_vs_SILVA,1.0.3,7.0,./microbial/210615_391_A1_S1.0.3/mmseqs/splits/007/nuc/mmseqs_easy_taxonomy_vs_SILVA.benchmark.txt,10,372.76,3433.31,11135.86,9.210511,10.0,1.035444,4.167664,0.493941,4.661604,10.0,4.661604
updated,taxonomy,mmseqs_bestmatch_db,1.0.3,262.0,./microbial/210615_391_A1_S1.0.3/mmseqs/splits/262/mmseqs_bestmatch_db.benchmark.txt,1,1.98,0.57,177.81,0.287879,1.0,0.00055,0.002214,4.2e-05,0.002256,1.0,0.002256
updated,taxonomy,parse_mmseqs_easy_taxonomy_SILVA,1.0.3,262.0,./microbial/210615_391_A1_S1.0.3/mmseqs/splits/262/nuc/parse_mmseqs_easy_taxonomy_SILVA.benchmark.txt,2,2.37,1.14,169.54,0.481013,2.0,0.001317,0.0053,4.8e-05,0.005347,2.0,0.005347
updated,taxonomy,mmseqs_easy_taxonomy_vs_SILVA,1.0.3,262.0,./microbial/210615_391_A1_S1.0.3/mmseqs/splits/262/nuc/mmseqs_easy_taxonomy_vs_SILVA.benchmark.txt,10,276.59,2537.99,11137.61,9.176001,10.0,0.768306,3.09243,0.366564,3.458994,10.0,3.458994
updated,taxonomy,mmseqs_bestmatch_db,1.0.3,314.0,./microbial/210615_391_A1_S1.0.3/mmseqs/splits/314/mmseqs_bestmatch_db.benchmark.txt,1,0.89,0.44,174.04,0.494382,1.0,0.000247,0.000995,1.8e-05,0.001014,1.0,0.001014
updated,taxonomy,parse_mmseqs_easy_taxonomy_SILVA,1.0.3,314.0,./microbial/210615_391_A1_S1.0.3/mmseqs/splits/314/nuc/parse_mmseqs_easy_taxonomy_SILVA.benchmark.txt,2,2.43,0.67,186.05,0.27572,2.0,0.00135,0.005434,5.4e-05,0.005488,2.0,0.005488
updated,taxonomy,mmseqs_easy_taxonomy_vs_SILVA,1.0.3,314.0,./microbial/210615_391_A1_S1.0.3/mmseqs/splits/314/nuc/mmseqs_easy_taxonomy_vs_SILVA.benchmark.txt,10,328.12,2837.8,11163.62,8.648665,10.0,0.911444,3.668564,0.435872,4.104436,10.0,4.104436
updated,taxonomy,mmseqs_bestmatch_db,1.0.3,14.0,./microbial/210615_391_A1_S1.0.3/mmseqs/splits/014/mmseqs_bestmatch_db.benchmark.txt,1,0.79,0.53,193.49,0.670886,1.0,0.000219,0.000883,1.8e-05,0.000901,1.0,0.000901
updated,taxonomy,parse_mmseqs_easy_taxonomy_SILVA,1.0.3,14.0,./microbial/210615_391_A1_S1.0.3/mmseqs/splits/014/nuc/parse_mmseqs_easy_taxonomy_SILVA.benchmark.txt,2,0.82,0.91,222.31,1.109756,2.0,0.000456,0.001834,2.2e-05,0.001855,2.0,0.001855
updated,taxonomy,mmseqs_easy_taxonomy_vs_SILVA,1.0.3,14.0,./microbial/210615_391_A1_S1.0.3/mmseqs/splits/014/nuc/mmseqs_easy_taxonomy_vs_SILVA.benchmark.txt,10,317.12,2798.57,11174.29,8.824956,10.0,0.880889,3.545578,0.421663,3.96724,10.0,3.96724
updated,taxonomy,mmseqs_bestmatch_db,1.0.3,239.0,./microbial/210615_391_A1_S1.0.3/mmseqs/splits/239/mmseqs_bestmatch_db.benchmark.txt,1,0.69,0.08,36.81,0.115942,1.0,0.000192,0.000771,3e-06,0.000774,1.0,0.000774
updated,taxonomy,parse_mmseqs_easy_taxonomy_SILVA,1.0.3,239.0,./microbial/210615_391_A1_S1.0.3/mmseqs/splits/239/nuc/parse_mmseqs_easy_taxonomy_SILVA.benchmark.txt,2,1.97,0.51,118.83,0.258883,2.0,0.001094,0.004405,2.8e-05,0.004433,2.0,0.004433
updated,taxonomy,mmseqs_easy_taxonomy_vs_SILVA,1.0.3,239.0,./microbial/210615_391_A1_S1.0.3/mmseqs/splits/239/nuc/mmseqs_easy_taxonomy_vs_SILVA.benchmark.txt,10,273.28,2519.55,11195.13,9.219665,10.0,0.759111,3.055422,0.364048,3.41947,10.0,3.41947
updated,taxonomy,mmseqs_bestmatch_db,1.0.3,90.0,./microbial/210615_391_A1_S1.0.3/mmseqs/splits/090/mmseqs_bestmatch_db.benchmark.txt,1,0.94,0.64,178.52,0.680851,1.0,0.000261,0.001051,2e-05,0.001071,1.0,0.001071
updated,taxonomy,parse_mmseqs_easy_taxonomy_SILVA,1.0.3,90.0,./microbial/210615_391_A1_S1.0.3/mmseqs/splits/090/nuc/parse_mmseqs_easy_taxonomy_SILVA.benchmark.txt,2,0.95,0.99,236.41,1.042105,2.0,0.000528,0.002124,2.7e-05,0.002151,2.0,0.002151
updated,taxonomy,mmseqs_easy_taxonomy_vs_SILVA,1.0.3,90.0,./microbial/210615_391_A1_S1.0.3/mmseqs/splits/090/nuc/mmseqs_easy_taxonomy_vs_SILVA.benchmark.txt,10,333.15,3089.29,11196.95,9.27297,10.0,0.925417,3.724802,0.443875,4.168678,10.0,4.168678
updated,taxonomy,mmseqs_bestmatch_db,1.0.3,196.0,./microbial/210615_391_A1_S1.0.3/mmseqs/splits/196/mmseqs_bestmatch_db.benchmark.txt,1,0.71,0.09,36.89,0.126761,1.0,0.000197,0.000794,3e-06,0.000797,1.0,0.000797
updated,taxonomy,parse_mmseqs_easy_taxonomy_SILVA,1.0.3,196.0,./microbial/210615_391_A1_S1.0.3/mmseqs/splits/196/nuc/parse_mmseqs_easy_taxonomy_SILVA.benchmark.txt,2,1.16,0.96,203.44,0.827586,2.0,0.000644,0.002594,2.8e-05,0.002622,2.0,0.002622
updated,taxonomy,mmseqs_easy_taxonomy_vs_SILVA,1.0.3,196.0,./microbial/210615_391_A1_S1.0.3/mmseqs/splits/196/nuc/mmseqs_easy_taxonomy_vs_SILVA.benchmark.txt,10,298.12,2774.37,11132.73,9.306219,10.0,0.828111,3.333147,0.394925,3.728072,10.0,3.728072
updated,taxonomy,mmseqs_bestmatch_db,1.0.3,158.0,./microbial/210615_391_A1_S1.0.3/mmseqs/splits/158/mmseqs_bestmatch_db.benchmark.txt,1,0.89,0.35,117.38,0.393258,1.0,0.000247,0.000995,1.2e-05,0.001008,1.0,0.001008
updated,taxonomy,parse_mmseqs_easy_taxonomy_SILVA,1.0.3,158.0,./microbial/210615_391_A1_S1.0.3/mmseqs/splits/158/nuc/parse_mmseqs_easy_taxonomy_SILVA.benchmark.txt,2,0.89,0.95,236.07,1.067416,2.0,0.000494,0.00199,2.5e-05,0.002015,2.0,0.002015
updated,taxonomy,mmseqs_easy_taxonomy_vs_SILVA,1.0.3,158.0,./microbial/210615_391_A1_S1.0.3/mmseqs/splits/158/nuc/mmseqs_easy_taxonomy_vs_SILVA.benchmark.txt,10,288.18,2528.6,11132.4,8.774377,10.0,0.8005,3.222012,0.381746,3.603758,10.0,3.603758
updated,taxonomy,mmseqs_bestmatch_db,1.0.3,355.0,./microbial/210615_391_A1_S1.0.3/mmseqs/splits/355/mmseqs_bestmatch_db.benchmark.txt,1,0.8,0.59,179.51,0.7375,1.0,0.000222,0.000894,1.7e-05,0.000912,1.0,0.000912
updated,taxonomy,parse_mmseqs_easy_taxonomy_SILVA,1.0.3,355.0,./microbial/210615_391_A1_S1.0.3/mmseqs/splits/355/nuc/parse_mmseqs_easy_taxonomy_SILVA.benchmark.txt,2,0.86,0.94,232.77,1.093023,2.0,0.000478,0.001923,2.4e-05,0.001947,2.0,0.001947
updated,taxonomy,mmseqs_easy_taxonomy_vs_SILVA,1.0.3,355.0,./microbial/210615_391_A1_S1.0.3/mmseqs/splits/355/nuc/mmseqs_easy_taxonomy_vs_SILVA.benchmark.txt,10,343.48,3157.58,11142.65,9.192908,10.0,0.954111,3.840297,0.455419,4.295717,10.0,4.295717
updated,taxonomy,mmseqs_bestmatch_db,1.0.3,48.0,./microbial/210615_391_A1_S1.0.3/mmseqs/splits/048/mmseqs_bestmatch_db.benchmark.txt,1,0.63,0.09,38.75,0.142857,1.0,0.000175,0.000704,3e-06,0.000707,1.0,0.000707
updated,taxonomy,parse_mmseqs_easy_taxonomy_SILVA,1.0.3,48.0,./microbial/210615_391_A1_S1.0.3/mmseqs/splits/048/nuc/parse_mmseqs_easy_taxonomy_SILVA.benchmark.txt,2,0.98,0.88,218.34,0.897959,2.0,0.000544,0.002191,2.5e-05,0.002217,2.0,0.002217
updated,taxonomy,mmseqs_easy_taxonomy_vs_SILVA,1.0.3,48.0,./microbial/210615_391_A1_S1.0.3/mmseqs/splits/048/nuc/mmseqs_easy_taxonomy_vs_SILVA.benchmark.txt,10,276.46,2512.14,11202.0,9.086812,10.0,0.767944,3.090976,0.36851,3.459487,10.0,3.459487
updated,taxonomy,mmseqs_bestmatch_db,1.0.3,38.0,./microbial/210615_391_A1_S1.0.3/mmseqs/splits/038/mmseqs_bestmatch_db.benchmark.txt,1,0.78,0.58,181.78,0.74359,1.0,0.000217,0.000872,1.7e-05,0.000889,1.0,0.000889
updated,taxonomy,parse_mmseqs_easy_taxonomy_SILVA,1.0.3,38.0,./microbial/210615_391_A1_S1.0.3/mmseqs/splits/038/nuc/parse_mmseqs_easy_taxonomy_SILVA.benchmark.txt,2,0.99,0.97,228.02,0.979798,2.0,0.00055,0.002214,2.7e-05,0.002241,2.0,0.002241
updated,taxonomy,mmseqs_easy_taxonomy_vs_SILVA,1.0.3,38.0,./microbial/210615_391_A1_S1.0.3/mmseqs/splits/038/nuc/mmseqs_easy_taxonomy_vs_SILVA.benchmark.txt,10,365.29,3295.43,11130.89,9.021408,10.0,1.014694,4.084145,0.483826,4.567971,10.0,4.567971
updated,taxonomy,mmseqs_bestmatch_db,1.0.3,70.0,./microbial/210615_391_A1_S1.0.3/mmseqs/splits/070/mmseqs_bestmatch_db.benchmark.txt,1,0.74,0.11,39.5,0.148649,1.0,0.000206,0.000827,3e-06,0.000831,1.0,0.000831
updated,taxonomy,parse_mmseqs_easy_taxonomy_SILVA,1.0.3,70.0,./microbial/210615_391_A1_S1.0.3/mmseqs/splits/070/nuc/parse_mmseqs_easy_taxonomy_SILVA.benchmark.txt,2,0.91,0.92,231.88,1.010989,2.0,0.000506,0.002035,2.5e-05,0.00206,2.0,0.00206
updated,taxonomy,mmseqs_easy_taxonomy_vs_SILVA,1.0.3,70.0,./microbial/210615_391_A1_S1.0.3/mmseqs/splits/070/nuc/mmseqs_easy_taxonomy_vs_SILVA.benchmark.txt,10,276.28,2519.23,11192.57,9.118394,10.0,0.767444,3.088964,0.36796,3.456924,10.0,3.456924
updated,taxonomy,mmseqs_bestmatch_db,1.0.3,270.0,./microbial/210615_391_A1_S1.0.3/mmseqs/splits/270/mmseqs_bestmatch_db.benchmark.txt,1,0.86,0.49,188.74,0.569767,1.0,0.000239,0.000962,1.9e-05,0.000981,1.0,0.000981
updated,taxonomy,parse_mmseqs_easy_taxonomy_SILVA,1.0.3,270.0,./microbial/210615_391_A1_S1.0.3/mmseqs/splits/270/nuc/parse_mmseqs_easy_taxonomy_SILVA.benchmark.txt,2,1.01,0.83,218.05,0.821782,2.0,0.000561,0.002258,2.6e-05,0.002285,2.0,0.002285
updated,taxonomy,mmseqs_easy_taxonomy_vs_SILVA,1.0.3,270.0,./microbial/210615_391_A1_S1.0.3/mmseqs/splits/270/nuc/mmseqs_easy_taxonomy_vs_SILVA.benchmark.txt,10,285.48,2528.6,11133.33,8.857363,10.0,0.793,3.191825,0.378201,3.570026,10.0,3.570026
updated,taxonomy,mmseqs_bestmatch_db,1.0.3,50.0,./microbial/210615_391_A1_S1.0.3/mmseqs/splits/050/mmseqs_bestmatch_db.benchmark.txt,1,1.0,0.56,168.73,0.56,1.0,0.000278,0.001118,2e-05,0.001138,1.0,0.001138
updated,taxonomy,parse_mmseqs_easy_taxonomy_SILVA,1.0.3,50.0,./microbial/210615_391_A1_S1.0.3/mmseqs/splits/050/nuc/parse_mmseqs_easy_taxonomy_SILVA.benchmark.txt,2,0.97,0.87,214.36,0.896907,2.0,0.000539,0.002169,2.5e-05,0.002194,2.0,0.002194
updated,taxonomy,mmseqs_easy_taxonomy_vs_SILVA,1.0.3,50.0,./microbial/210615_391_A1_S1.0.3/mmseqs/splits/050/nuc/mmseqs_easy_taxonomy_vs_SILVA.benchmark.txt,10,339.68,2914.32,11196.69,8.579604,10.0,0.943556,3.797811,0.452565,4.250376,10.0,4.250376
updated,taxonomy,mmseqs_bestmatch_db,1.0.3,2.0,./microbial/210615_391_A1_S1.0.3/mmseqs/splits/002/mmseqs_bestmatch_db.benchmark.txt,1,0.9,0.54,216.85,0.6,1.0,0.00025,0.001006,2.3e-05,0.001029,1.0,0.001029
updated,taxonomy,parse_mmseqs_easy_taxonomy_SILVA,1.0.3,2.0,./microbial/210615_391_A1_S1.0.3/mmseqs/splits/002/nuc/parse_mmseqs_easy_taxonomy_SILVA.benchmark.txt,2,0.89,0.83,216.29,0.932584,2.0,0.000494,0.00199,2.3e-05,0.002013,2.0,0.002013
updated,taxonomy,mmseqs_easy_taxonomy_vs_SILVA,1.0.3,2.0,./microbial/210615_391_A1_S1.0.3/mmseqs/splits/002/nuc/mmseqs_easy_taxonomy_vs_SILVA.benchmark.txt,10,348.83,3125.58,11168.52,8.960181,10.0,0.968972,3.900113,0.463587,4.3637,10.0,4.3637
updated,taxonomy,mmseqs_bestmatch_db,1.0.3,303.0,./microbial/210615_391_A1_S1.0.3/mmseqs/splits/303/mmseqs_bestmatch_db.benchmark.txt,1,0.87,0.55,180.71,0.632184,1.0,0.000242,0.000973,1.9e-05,0.000991,1.0,0.000991
updated,taxonomy,parse_mmseqs_easy_taxonomy_SILVA,1.0.3,303.0,./microbial/210615_391_A1_S1.0.3/mmseqs/splits/303/nuc/parse_mmseqs_easy_taxonomy_SILVA.benchmark.txt,2,1.06,0.92,203.99,0.867925,2.0,0.000589,0.00237,2.6e-05,0.002396,2.0,0.002396
updated,taxonomy,mmseqs_easy_taxonomy_vs_SILVA,1.0.3,303.0,./microbial/210615_391_A1_S1.0.3/mmseqs/splits/303/nuc/mmseqs_easy_taxonomy_vs_SILVA.benchmark.txt,10,346.54,3111.34,11157.51,8.9783,10.0,0.962611,3.87451,0.460089,4.334599,10.0,4.334599
updated,taxonomy,mmseqs_bestmatch_db,1.0.3,113.0,./microbial/210615_391_A1_S1.0.3/mmseqs/splits/113/mmseqs_bestmatch_db.benchmark.txt,1,0.85,0.71,168.22,0.835294,1.0,0.000236,0.00095,1.7e-05,0.000967,1.0,0.000967
updated,taxonomy,parse_mmseqs_easy_taxonomy_SILVA,1.0.3,113.0,./microbial/210615_391_A1_S1.0.3/mmseqs/splits/113/nuc/parse_mmseqs_easy_taxonomy_SILVA.benchmark.txt,2,1.07,0.67,204.29,0.626168,2.0,0.000594,0.002393,2.6e-05,0.002419,2.0,0.002419
updated,taxonomy,mmseqs_easy_taxonomy_vs_SILVA,1.0.3,113.0,./microbial/210615_391_A1_S1.0.3/mmseqs/splits/113/nuc/mmseqs_easy_taxonomy_vs_SILVA.benchmark.txt,10,292.07,2492.24,11171.38,8.533023,10.0,0.811306,3.265505,0.388254,3.653758,10.0,3.653758
updated,taxonomy,mmseqs_bestmatch_db,1.0.3,332.0,./microbial/210615_391_A1_S1.0.3/mmseqs/splits/332/mmseqs_bestmatch_db.benchmark.txt,1,0.74,0.64,185.24,0.864865,1.0,0.000206,0.000827,1.6e-05,0.000844,1.0,0.000844
updated,taxonomy,parse_mmseqs_easy_taxonomy_SILVA,1.0.3,332.0,./microbial/210615_391_A1_S1.0.3/mmseqs/splits/332/nuc/parse_mmseqs_easy_taxonomy_SILVA.benchmark.txt,2,0.89,0.09,37.96,0.101124,2.0,0.000494,0.00199,4e-06,0.001994,2.0,0.001994
updated,taxonomy,mmseqs_easy_taxonomy_vs_SILVA,1.0.3,332.0,./microbial/210615_391_A1_S1.0.3/mmseqs/splits/332/nuc/mmseqs_easy_taxonomy_vs_SILVA.benchmark.txt,10,283.05,2613.39,11168.36,9.232962,10.0,0.78625,3.164656,0.376161,3.540818,10.0,3.540818
updated,taxonomy,mmseqs_bestmatch_db,1.0.3,328.0,./microbial/210615_391_A1_S1.0.3/mmseqs/splits/328/mmseqs_bestmatch_db.benchmark.txt,1,0.73,0.58,185.32,0.794521,1.0,0.000203,0.000816,1.6e-05,0.000832,1.0,0.000832
updated,taxonomy,parse_mmseqs_easy_taxonomy_SILVA,1.0.3,328.0,./microbial/210615_391_A1_S1.0.3/mmseqs/splits/328/nuc/parse_mmseqs_easy_taxonomy_SILVA.benchmark.txt,2,1.06,0.64,198.56,0.603774,2.0,0.000589,0.00237,2.5e-05,0.002395,2.0,0.002395
updated,taxonomy,mmseqs_easy_taxonomy_vs_SILVA,1.0.3,328.0,./microbial/210615_391_A1_S1.0.3/mmseqs/splits/328/nuc/mmseqs_easy_taxonomy_vs_SILVA.benchmark.txt,10,302.32,2789.69,11176.01,9.227607,10.0,0.839778,3.380106,0.402046,3.782151,10.0,3.782151
updated,taxonomy,mmseqs_bestmatch_db,1.0.3,118.0,./microbial/210615_391_A1_S1.0.3/mmseqs/splits/118/mmseqs_bestmatch_db.benchmark.txt,1,0.69,0.08,36.61,0.115942,1.0,0.000192,0.000771,3e-06,0.000774,1.0,0.000774
updated,taxonomy,parse_mmseqs_easy_taxonomy_SILVA,1.0.3,118.0,./microbial/210615_391_A1_S1.0.3/mmseqs/splits/118/nuc/parse_mmseqs_easy_taxonomy_SILVA.benchmark.txt,2,0.92,0.85,227.75,0.923913,2.0,0.000511,0.002057,2.5e-05,0.002082,2.0,0.002082
updated,taxonomy,mmseqs_easy_taxonomy_vs_SILVA,1.0.3,118.0,./microbial/210615_391_A1_S1.0.3/mmseqs/splits/118/nuc/mmseqs_easy_taxonomy_vs_SILVA.benchmark.txt,10,318.98,2779.2,11188.04,8.712772,10.0,0.886056,3.566374,0.424658,3.991031,10.0,3.991031
updated,taxonomy,mmseqs_bestmatch_db,1.0.3,219.0,./microbial/210615_391_A1_S1.0.3/mmseqs/splits/219/mmseqs_bestmatch_db.benchmark.txt,1,0.95,0.47,167.98,0.494737,1.0,0.000264,0.001062,1.9e-05,0.001081,1.0,0.001081
updated,taxonomy,parse_mmseqs_easy_taxonomy_SILVA,1.0.3,219.0,./microbial/210615_391_A1_S1.0.3/mmseqs/splits/219/nuc/parse_mmseqs_easy_taxonomy_SILVA.benchmark.txt,2,1.4,0.87,175.12,0.621429,2.0,0.000778,0.003131,2.9e-05,0.00316,2.0,0.00316
updated,taxonomy,mmseqs_easy_taxonomy_vs_SILVA,1.0.3,219.0,./microbial/210615_391_A1_S1.0.3/mmseqs/splits/219/nuc/mmseqs_easy_taxonomy_vs_SILVA.benchmark.txt,10,312.91,2813.38,11174.75,8.99102,10.0,0.869194,3.498508,0.416082,3.91459,10.0,3.91459
updated,taxonomy,mmseqs_bestmatch_db,1.0.3,8.0,./microbial/210615_391_A1_S1.0.3/mmseqs/splits/008/mmseqs_bestmatch_db.benchmark.txt,1,0.8,0.65,192.55,0.8125,1.0,0.000222,0.000894,1.8e-05,0.000913,1.0,0.000913
updated,taxonomy,parse_mmseqs_easy_taxonomy_SILVA,1.0.3,8.0,./microbial/210615_391_A1_S1.0.3/mmseqs/splits/008/nuc/parse_mmseqs_easy_taxonomy_SILVA.benchmark.txt,2,0.93,0.65,198.41,0.698925,2.0,0.000517,0.00208,2.2e-05,0.002102,2.0,0.002102
updated,taxonomy,mmseqs_easy_taxonomy_vs_SILVA,1.0.3,8.0,./microbial/210615_391_A1_S1.0.3/mmseqs/splits/008/nuc/mmseqs_easy_taxonomy_vs_SILVA.benchmark.txt,10,386.4,3454.54,11139.12,8.940321,10.0,1.073333,4.320167,0.512165,4.832331,10.0,4.832331
updated,taxonomy,mmseqs_bestmatch_db,1.0.3,31.0,./microbial/210615_391_A1_S1.0.3/mmseqs/splits/031/mmseqs_bestmatch_db.benchmark.txt,1,0.94,0.48,165.64,0.510638,1.0,0.000261,0.001051,1.9e-05,0.001069,1.0,0.001069
updated,taxonomy,parse_mmseqs_easy_taxonomy_SILVA,1.0.3,31.0,./microbial/210615_391_A1_S1.0.3/mmseqs/splits/031/nuc/parse_mmseqs_easy_taxonomy_SILVA.benchmark.txt,2,0.84,0.09,38.39,0.107143,2.0,0.000467,0.001878,4e-06,0.001882,2.0,0.001882
updated,taxonomy,mmseqs_easy_taxonomy_vs_SILVA,1.0.3,31.0,./microbial/210615_391_A1_S1.0.3/mmseqs/splits/031/nuc/mmseqs_easy_taxonomy_vs_SILVA.benchmark.txt,10,353.02,3116.59,11140.63,8.828367,10.0,0.980611,3.94696,0.467984,4.414943,10.0,4.414943
updated,taxonomy,mmseqs_bestmatch_db,1.0.3,172.0,./microbial/210615_391_A1_S1.0.3/mmseqs/splits/172/mmseqs_bestmatch_db.benchmark.txt,1,0.78,0.53,181.37,0.679487,1.0,0.000217,0.000872,1.7e-05,0.000889,1.0,0.000889
updated,taxonomy,parse_mmseqs_easy_taxonomy_SILVA,1.0.3,172.0,./microbial/210615_391_A1_S1.0.3/mmseqs/splits/172/nuc/parse_mmseqs_easy_taxonomy_SILVA.benchmark.txt,2,0.87,0.9,226.9,1.034483,2.0,0.000483,0.001945,2.3e-05,0.001969,2.0,0.001969
updated,taxonomy,mmseqs_easy_taxonomy_vs_SILVA,1.0.3,172.0,./microbial/210615_391_A1_S1.0.3/mmseqs/splits/172/nuc/mmseqs_easy_taxonomy_vs_SILVA.benchmark.txt,10,266.5,2500.85,11168.22,9.384053,10.0,0.740278,2.979618,0.354163,3.333781,10.0,3.333781
updated,taxonomy,mmseqs_bestmatch_db,1.0.3,145.0,./microbial/210615_391_A1_S1.0.3/mmseqs/splits/145/mmseqs_bestmatch_db.benchmark.txt,1,0.81,0.54,178.13,0.666667,1.0,0.000225,0.000906,1.7e-05,0.000923,1.0,0.000923
updated,taxonomy,parse_mmseqs_easy_taxonomy_SILVA,1.0.3,145.0,./microbial/210615_391_A1_S1.0.3/mmseqs/splits/145/nuc/parse_mmseqs_easy_taxonomy_SILVA.benchmark.txt,2,0.9,0.8,220.79,0.888889,2.0,0.0005,0.002012,2.4e-05,0.002036,2.0,0.002036
updated,taxonomy,mmseqs_easy_taxonomy_vs_SILVA,1.0.3,145.0,./microbial/210615_391_A1_S1.0.3/mmseqs/splits/145/nuc/mmseqs_easy_taxonomy_vs_SILVA.benchmark.txt,10,269.19,2522.08,11142.46,9.369144,10.0,0.74775,3.009694,0.356912,3.366606,10.0,3.366606
updated,taxonomy,mmseqs_bestmatch_db,1.0.3,285.0,./microbial/210615_391_A1_S1.0.3/mmseqs/splits/285/mmseqs_bestmatch_db.benchmark.txt,1,0.84,0.79,181.97,0.940476,1.0,0.000233,0.000939,1.8e-05,0.000957,1.0,0.000957
updated,taxonomy,parse_mmseqs_easy_taxonomy_SILVA,1.0.3,285.0,./microbial/210615_391_A1_S1.0.3/mmseqs/splits/285/nuc/parse_mmseqs_easy_taxonomy_SILVA.benchmark.txt,2,0.89,0.84,222.5,0.94382,2.0,0.000494,0.00199,2.4e-05,0.002014,2.0,0.002014
updated,taxonomy,mmseqs_easy_taxonomy_vs_SILVA,1.0.3,285.0,./microbial/210615_391_A1_S1.0.3/mmseqs/splits/285/nuc/mmseqs_easy_taxonomy_vs_SILVA.benchmark.txt,10,310.54,2807.27,11168.75,9.039963,10.0,0.862611,3.47201,0.412709,3.884719,10.0,3.884719
updated,taxonomy,mmseqs_bestmatch_db,1.0.3,42.0,./microbial/210615_391_A1_S1.0.3/mmseqs/splits/042/mmseqs_bestmatch_db.benchmark.txt,1,1.07,0.7,178.29,0.654206,1.0,0.000297,0.001196,2.3e-05,0.001219,1.0,0.001219
updated,taxonomy,parse_mmseqs_easy_taxonomy_SILVA,1.0.3,42.0,./microbial/210615_391_A1_S1.0.3/mmseqs/splits/042/nuc/parse_mmseqs_easy_taxonomy_SILVA.benchmark.txt,2,1.18,0.57,179.82,0.483051,2.0,0.000656,0.002639,2.5e-05,0.002664,2.0,0.002664
updated,taxonomy,mmseqs_easy_taxonomy_vs_SILVA,1.0.3,42.0,./microbial/210615_391_A1_S1.0.3/mmseqs/splits/042/nuc/mmseqs_easy_taxonomy_vs_SILVA.benchmark.txt,10,303.44,2821.07,11141.36,9.296962,10.0,0.842889,3.392628,0.402284,3.794912,10.0,3.794912
updated,taxonomy,mmseqs_bestmatch_db,1.0.3,33.0,./microbial/210615_391_A1_S1.0.3/mmseqs/splits/033/mmseqs_bestmatch_db.benchmark.txt,1,0.82,0.47,196.38,0.573171,1.0,0.000228,0.000917,1.9e-05,0.000936,1.0,0.000936
updated,taxonomy,parse_mmseqs_easy_taxonomy_SILVA,1.0.3,33.0,./microbial/210615_391_A1_S1.0.3/mmseqs/splits/033/nuc/parse_mmseqs_easy_taxonomy_SILVA.benchmark.txt,2,2.22,0.85,199.84,0.382883,2.0,0.001233,0.004964,5.3e-05,0.005017,2.0,0.005017
updated,taxonomy,mmseqs_easy_taxonomy_vs_SILVA,1.0.3,33.0,./microbial/210615_391_A1_S1.0.3/mmseqs/splits/033/nuc/mmseqs_easy_taxonomy_vs_SILVA.benchmark.txt,10,304.81,2808.06,11160.02,9.212493,10.0,0.846694,3.407945,0.404777,3.812722,10.0,3.812722
updated,taxonomy,mmseqs_bestmatch_db,1.0.3,228.0,./microbial/210615_391_A1_S1.0.3/mmseqs/splits/228/mmseqs_bestmatch_db.benchmark.txt,1,1.47,0.27,100.97,0.183673,1.0,0.000408,0.001644,1.8e-05,0.001661,1.0,0.001661
updated,taxonomy,parse_mmseqs_easy_taxonomy_SILVA,1.0.3,228.0,./microbial/210615_391_A1_S1.0.3/mmseqs/splits/228/nuc/parse_mmseqs_easy_taxonomy_SILVA.benchmark.txt,2,0.95,0.83,212.46,0.873684,2.0,0.000528,0.002124,2.4e-05,0.002148,2.0,0.002148
updated,taxonomy,mmseqs_easy_taxonomy_vs_SILVA,1.0.3,228.0,./microbial/210615_391_A1_S1.0.3/mmseqs/splits/228/nuc/mmseqs_easy_taxonomy_vs_SILVA.benchmark.txt,10,269.72,2512.92,11183.7,9.316773,10.0,0.749222,3.015619,0.358939,3.374558,10.0,3.374558
updated,taxonomy,mmseqs_bestmatch_db,1.0.3,278.0,./microbial/210615_391_A1_S1.0.3/mmseqs/splits/278/mmseqs_bestmatch_db.benchmark.txt,1,0.73,0.08,36.92,0.109589,1.0,0.000203,0.000816,3e-06,0.000819,1.0,0.000819
updated,taxonomy,parse_mmseqs_easy_taxonomy_SILVA,1.0.3,278.0,./microbial/210615_391_A1_S1.0.3/mmseqs/splits/278/nuc/parse_mmseqs_easy_taxonomy_SILVA.benchmark.txt,2,1.03,0.68,192.6,0.660194,2.0,0.000572,0.002303,2.4e-05,0.002327,2.0,0.002327
updated,taxonomy,mmseqs_easy_taxonomy_vs_SILVA,1.0.3,278.0,./microbial/210615_391_A1_S1.0.3/mmseqs/splits/278/nuc/mmseqs_easy_taxonomy_vs_SILVA.benchmark.txt,10,320.88,2790.92,11153.38,8.697706,10.0,0.891333,3.587617,0.425864,4.013481,10.0,4.013481
updated,taxonomy,mmseqs_bestmatch_db,1.0.3,124.0,./microbial/210615_391_A1_S1.0.3/mmseqs/splits/124/mmseqs_bestmatch_db.benchmark.txt,1,1.0,0.34,97.65,0.34,1.0,0.000278,0.001118,1.2e-05,0.00113,1.0,0.00113
updated,taxonomy,parse_mmseqs_easy_taxonomy_SILVA,1.0.3,124.0,./microbial/210615_391_A1_S1.0.3/mmseqs/splits/124/nuc/parse_mmseqs_easy_taxonomy_SILVA.benchmark.txt,2,0.92,0.84,223.69,0.913043,2.0,0.000511,0.002057,2.4e-05,0.002082,2.0,0.002082
updated,taxonomy,mmseqs_easy_taxonomy_vs_SILVA,1.0.3,124.0,./microbial/210615_391_A1_S1.0.3/mmseqs/splits/124/nuc/mmseqs_easy_taxonomy_vs_SILVA.benchmark.txt,10,307.83,2817.68,11172.8,9.153364,10.0,0.855083,3.44171,0.409256,3.850966,10.0,3.850966
updated,taxonomy,mmseqs_bestmatch_db,1.0.3,242.0,./microbial/210615_391_A1_S1.0.3/mmseqs/splits/242/mmseqs_bestmatch_db.benchmark.txt,1,1.97,0.87,181.38,0.441624,1.0,0.000547,0.002203,4.3e-05,0.002245,1.0,0.002245
updated,taxonomy,parse_mmseqs_easy_taxonomy_SILVA,1.0.3,242.0,./microbial/210615_391_A1_S1.0.3/mmseqs/splits/242/nuc/parse_mmseqs_easy_taxonomy_SILVA.benchmark.txt,2,0.97,0.82,218.44,0.845361,2.0,0.000539,0.002169,2.5e-05,0.002194,2.0,0.002194
updated,taxonomy,mmseqs_easy_taxonomy_vs_SILVA,1.0.3,242.0,./microbial/210615_391_A1_S1.0.3/mmseqs/splits/242/nuc/mmseqs_easy_taxonomy_vs_SILVA.benchmark.txt,10,287.13,2491.29,11139.37,8.676523,10.0,0.797583,3.210273,0.380593,3.590866,10.0,3.590866
updated,taxonomy,mmseqs_bestmatch_db,1.0.3,111.0,./microbial/210615_391_A1_S1.0.3/mmseqs/splits/111/mmseqs_bestmatch_db.benchmark.txt,1,0.92,0.43,162.32,0.467391,1.0,0.000256,0.001029,1.8e-05,0.001046,1.0,0.001046
updated,taxonomy,parse_mmseqs_easy_taxonomy_SILVA,1.0.3,111.0,./microbial/210615_391_A1_S1.0.3/mmseqs/splits/111/nuc/parse_mmseqs_easy_taxonomy_SILVA.benchmark.txt,2,1.32,0.42,154.3,0.318182,2.0,0.000733,0.002952,2.4e-05,0.002976,2.0,0.002976
updated,taxonomy,mmseqs_easy_taxonomy_vs_SILVA,1.0.3,111.0,./microbial/210615_391_A1_S1.0.3/mmseqs/splits/111/nuc/mmseqs_easy_taxonomy_vs_SILVA.benchmark.txt,10,274.36,2520.4,11209.62,9.18647,10.0,0.762111,3.067497,0.36596,3.433457,10.0,3.433457
updated,taxonomy,mmseqs_bestmatch_db,1.0.3,69.0,./microbial/210615_391_A1_S1.0.3/mmseqs/splits/069/mmseqs_bestmatch_db.benchmark.txt,1,0.99,0.29,87.91,0.292929,1.0,0.000275,0.001107,1e-05,0.001117,1.0,0.001117
updated,taxonomy,parse_mmseqs_easy_taxonomy_SILVA,1.0.3,69.0,./microbial/210615_391_A1_S1.0.3/mmseqs/splits/069/nuc/parse_mmseqs_easy_taxonomy_SILVA.benchmark.txt,2,0.92,0.96,232.96,1.043478,2.0,0.000511,0.002057,2.6e-05,0.002083,2.0,0.002083
updated,taxonomy,mmseqs_easy_taxonomy_vs_SILVA,1.0.3,69.0,./microbial/210615_391_A1_S1.0.3/mmseqs/splits/069/nuc/mmseqs_easy_taxonomy_vs_SILVA.benchmark.txt,10,338.61,3049.41,11181.11,9.00567,10.0,0.940583,3.785848,0.450512,4.23636,10.0,4.23636
updated,taxonomy,mmseqs_bestmatch_db,1.0.3,194.0,./microbial/210615_391_A1_S1.0.3/mmseqs/splits/194/mmseqs_bestmatch_db.benchmark.txt,1,0.68,0.09,42.23,0.132353,1.0,0.000189,0.00076,3e-06,0.000764,1.0,0.000764
updated,taxonomy,parse_mmseqs_easy_taxonomy_SILVA,1.0.3,194.0,./microbial/210615_391_A1_S1.0.3/mmseqs/splits/194/nuc/parse_mmseqs_easy_taxonomy_SILVA.benchmark.txt,2,2.19,0.96,204.13,0.438356,2.0,0.001217,0.004897,5.3e-05,0.00495,2.0,0.00495
updated,taxonomy,mmseqs_easy_taxonomy_vs_SILVA,1.0.3,194.0,./microbial/210615_391_A1_S1.0.3/mmseqs/splits/194/nuc/mmseqs_easy_taxonomy_vs_SILVA.benchmark.txt,10,352.91,3118.85,11138.24,8.837522,10.0,0.980306,3.94573,0.467737,4.413467,10.0,4.413467
updated,taxonomy,mmseqs_bestmatch_db,1.0.3,252.0,./microbial/210615_391_A1_S1.0.3/mmseqs/splits/252/mmseqs_bestmatch_db.benchmark.txt,1,0.98,0.4,158.84,0.408163,1.0,0.000272,0.001096,1.9e-05,0.001114,1.0,0.001114
updated,taxonomy,parse_mmseqs_easy_taxonomy_SILVA,1.0.3,252.0,./microbial/210615_391_A1_S1.0.3/mmseqs/splits/252/nuc/parse_mmseqs_easy_taxonomy_SILVA.benchmark.txt,2,0.97,0.85,221.38,0.876289,2.0,0.000539,0.002169,2.6e-05,0.002195,2.0,0.002195
updated,taxonomy,mmseqs_easy_taxonomy_vs_SILVA,1.0.3,252.0,./microbial/210615_391_A1_S1.0.3/mmseqs/splits/252/nuc/mmseqs_easy_taxonomy_vs_SILVA.benchmark.txt,10,267.86,2501.81,11186.66,9.339991,10.0,0.744056,2.994824,0.356558,3.351381,10.0,3.351381
updated,taxonomy,mmseqs_bestmatch_db,1.0.3,96.0,./microbial/210615_391_A1_S1.0.3/mmseqs/splits/096/mmseqs_bestmatch_db.benchmark.txt,1,0.73,0.11,38.06,0.150685,1.0,0.000203,0.000816,3e-06,0.000819,1.0,0.000819
updated,taxonomy,parse_mmseqs_easy_taxonomy_SILVA,1.0.3,96.0,./microbial/210615_391_A1_S1.0.3/mmseqs/splits/096/nuc/parse_mmseqs_easy_taxonomy_SILVA.benchmark.txt,2,0.92,0.4,113.63,0.434783,2.0,0.000511,0.002057,1.2e-05,0.00207,2.0,0.00207
updated,taxonomy,mmseqs_easy_taxonomy_vs_SILVA,1.0.3,96.0,./microbial/210615_391_A1_S1.0.3/mmseqs/splits/096/nuc/mmseqs_easy_taxonomy_vs_SILVA.benchmark.txt,10,301.91,2579.76,11156.82,8.544798,10.0,0.838639,3.375522,0.400811,3.776332,10.0,3.776332
updated,taxonomy,mmseqs_bestmatch_db,1.0.3,84.0,./microbial/210615_391_A1_S1.0.3/mmseqs/splits/084/mmseqs_bestmatch_db.benchmark.txt,1,0.81,0.46,203.87,0.567901,1.0,0.000225,0.000906,2e-05,0.000925,1.0,0.000925
updated,taxonomy,parse_mmseqs_easy_taxonomy_SILVA,1.0.3,84.0,./microbial/210615_391_A1_S1.0.3/mmseqs/splits/084/nuc/parse_mmseqs_easy_taxonomy_SILVA.benchmark.txt,2,0.92,0.81,226.07,0.880435,2.0,0.000511,0.002057,2.5e-05,0.002082,2.0,0.002082
updated,taxonomy,mmseqs_easy_taxonomy_vs_SILVA,1.0.3,84.0,./microbial/210615_391_A1_S1.0.3/mmseqs/splits/084/nuc/mmseqs_easy_taxonomy_vs_SILVA.benchmark.txt,10,316.23,2825.06,11131.91,8.933561,10.0,0.878417,3.535627,0.418885,3.954512,10.0,3.954512
updated,taxonomy,mmseqs_bestmatch_db,1.0.3,61.0,./microbial/210615_391_A1_S1.0.3/mmseqs/splits/061/mmseqs_bestmatch_db.benchmark.txt,1,0.58,0.09,38.11,0.155172,1.0,0.000161,0.000648,3e-06,0.000651,1.0,0.000651
updated,taxonomy,parse_mmseqs_easy_taxonomy_SILVA,1.0.3,61.0,./microbial/210615_391_A1_S1.0.3/mmseqs/splits/061/nuc/parse_mmseqs_easy_taxonomy_SILVA.benchmark.txt,2,1.2,0.72,189.23,0.6,2.0,0.000667,0.002683,2.7e-05,0.00271,2.0,0.00271
updated,taxonomy,mmseqs_easy_taxonomy_vs_SILVA,1.0.3,61.0,./microbial/210615_391_A1_S1.0.3/mmseqs/splits/061/nuc/mmseqs_easy_taxonomy_vs_SILVA.benchmark.txt,10,305.85,2798.27,11177.88,9.149158,10.0,0.849583,3.419573,0.406808,3.826381,10.0,3.826381
updated,taxonomy,mmseqs_bestmatch_db,1.0.3,309.0,./microbial/210615_391_A1_S1.0.3/mmseqs/splits/309/mmseqs_bestmatch_db.benchmark.txt,1,0.73,0.1,39.53,0.136986,1.0,0.000203,0.000816,3e-06,0.00082,1.0,0.00082
updated,taxonomy,parse_mmseqs_easy_taxonomy_SILVA,1.0.3,309.0,./microbial/210615_391_A1_S1.0.3/mmseqs/splits/309/nuc/parse_mmseqs_easy_taxonomy_SILVA.benchmark.txt,2,0.97,0.72,209.72,0.742268,2.0,0.000539,0.002169,2.4e-05,0.002193,2.0,0.002193
updated,taxonomy,mmseqs_easy_taxonomy_vs_SILVA,1.0.3,309.0,./microbial/210615_391_A1_S1.0.3/mmseqs/splits/309/nuc/mmseqs_easy_taxonomy_vs_SILVA.benchmark.txt,10,267.87,2233.85,11159.16,8.339306,10.0,0.744083,2.994935,0.355695,3.35063,10.0,3.35063
updated,taxonomy,mmseqs_bestmatch_db,1.0.3,40.0,./microbial/210615_391_A1_S1.0.3/mmseqs/splits/040/mmseqs_bestmatch_db.benchmark.txt,1,0.59,0.08,36.54,0.135593,1.0,0.000164,0.00066,3e-06,0.000662,1.0,0.000662
updated,taxonomy,parse_mmseqs_easy_taxonomy_SILVA,1.0.3,40.0,./microbial/210615_391_A1_S1.0.3/mmseqs/splits/040/nuc/parse_mmseqs_easy_taxonomy_SILVA.benchmark.txt,2,1.19,0.88,198.05,0.739496,2.0,0.000661,0.002661,2.8e-05,0.002689,2.0,0.002689
updated,taxonomy,mmseqs_easy_taxonomy_vs_SILVA,1.0.3,40.0,./microbial/210615_391_A1_S1.0.3/mmseqs/splits/040/nuc/mmseqs_easy_taxonomy_vs_SILVA.benchmark.txt,10,315.62,2797.28,11134.93,8.86281,10.0,0.876722,3.528807,0.41819,3.946997,10.0,3.946997
updated,taxonomy,mmseqs_bestmatch_db,1.0.3,233.0,./microbial/210615_391_A1_S1.0.3/mmseqs/splits/233/mmseqs_bestmatch_db.benchmark.txt,1,1.2,0.59,154.38,0.491667,1.0,0.000333,0.001342,2.2e-05,0.001364,1.0,0.001364
updated,taxonomy,parse_mmseqs_easy_taxonomy_SILVA,1.0.3,233.0,./microbial/210615_391_A1_S1.0.3/mmseqs/splits/233/nuc/parse_mmseqs_easy_taxonomy_SILVA.benchmark.txt,2,0.98,0.84,221.03,0.857143,2.0,0.000544,0.002191,2.6e-05,0.002217,2.0,0.002217
updated,taxonomy,mmseqs_easy_taxonomy_vs_SILVA,1.0.3,233.0,./microbial/210615_391_A1_S1.0.3/mmseqs/splits/233/nuc/mmseqs_easy_taxonomy_vs_SILVA.benchmark.txt,10,276.07,2514.96,11174.79,9.109863,10.0,0.766861,3.086616,0.367096,3.453712,10.0,3.453712
updated,taxonomy,mmseqs_bestmatch_db,1.0.3,45.0,./microbial/210615_391_A1_S1.0.3/mmseqs/splits/045/mmseqs_bestmatch_db.benchmark.txt,1,0.92,0.24,86.06,0.26087,1.0,0.000256,0.001029,9e-06,0.001038,1.0,0.001038
updated,taxonomy,parse_mmseqs_easy_taxonomy_SILVA,1.0.3,45.0,./microbial/210615_391_A1_S1.0.3/mmseqs/splits/045/nuc/parse_mmseqs_easy_taxonomy_SILVA.benchmark.txt,2,0.9,0.96,224.37,1.066667,2.0,0.0005,0.002012,2.4e-05,0.002037,2.0,0.002037
updated,taxonomy,mmseqs_easy_taxonomy_vs_SILVA,1.0.3,45.0,./microbial/210615_391_A1_S1.0.3/mmseqs/splits/045/nuc/mmseqs_easy_taxonomy_vs_SILVA.benchmark.txt,10,256.19,2178.6,11172.77,8.503845,10.0,0.711639,2.864347,0.3406,3.204947,10.0,3.204947
updated,taxonomy,mmseqs_bestmatch_db,1.0.3,47.0,./microbial/210615_391_A1_S1.0.3/mmseqs/splits/047/mmseqs_bestmatch_db.benchmark.txt,1,0.84,0.5,181.45,0.595238,1.0,0.000233,0.000939,1.8e-05,0.000957,1.0,0.000957
updated,taxonomy,parse_mmseqs_easy_taxonomy_SILVA,1.0.3,47.0,./microbial/210615_391_A1_S1.0.3/mmseqs/splits/047/nuc/parse_mmseqs_easy_taxonomy_SILVA.benchmark.txt,2,1.06,0.71,192.66,0.669811,2.0,0.000589,0.00237,2.4e-05,0.002395,2.0,0.002395
updated,taxonomy,mmseqs_easy_taxonomy_vs_SILVA,1.0.3,47.0,./microbial/210615_391_A1_S1.0.3/mmseqs/splits/047/nuc/mmseqs_easy_taxonomy_vs_SILVA.benchmark.txt,10,276.6,2515.3,11173.9,9.093637,10.0,0.768333,3.092542,0.367772,3.460314,10.0,3.460314
updated,taxonomy,mmseqs_bestmatch_db,1.0.3,289.0,./microbial/210615_391_A1_S1.0.3/mmseqs/splits/289/mmseqs_bestmatch_db.benchmark.txt,1,1.23,0.34,93.06,0.276423,1.0,0.000342,0.001375,1.4e-05,0.001389,1.0,0.001389
updated,taxonomy,parse_mmseqs_easy_taxonomy_SILVA,1.0.3,289.0,./microbial/210615_391_A1_S1.0.3/mmseqs/splits/289/nuc/parse_mmseqs_easy_taxonomy_SILVA.benchmark.txt,2,2.48,0.73,149.68,0.294355,2.0,0.001378,0.005546,4.4e-05,0.00559,2.0,0.00559
updated,taxonomy,mmseqs_easy_taxonomy_vs_SILVA,1.0.3,289.0,./microbial/210615_391_A1_S1.0.3/mmseqs/splits/289/nuc/mmseqs_easy_taxonomy_vs_SILVA.benchmark.txt,10,373.04,3389.12,11153.81,9.085138,10.0,1.036222,4.170794,0.495108,4.665903,10.0,4.665903
updated,taxonomy,mmseqs_bestmatch_db,1.0.3,216.0,./microbial/210615_391_A1_S1.0.3/mmseqs/splits/216/mmseqs_bestmatch_db.benchmark.txt,1,0.8,0.6,190.67,0.75,1.0,0.000222,0.000894,1.8e-05,0.000913,1.0,0.000913
updated,taxonomy,parse_mmseqs_easy_taxonomy_SILVA,1.0.3,216.0,./microbial/210615_391_A1_S1.0.3/mmseqs/splits/216/nuc/parse_mmseqs_easy_taxonomy_SILVA.benchmark.txt,2,1.05,0.75,208.01,0.714286,2.0,0.000583,0.002348,2.6e-05,0.002374,2.0,0.002374
updated,taxonomy,mmseqs_easy_taxonomy_vs_SILVA,1.0.3,216.0,./microbial/210615_391_A1_S1.0.3/mmseqs/splits/216/nuc/mmseqs_easy_taxonomy_vs_SILVA.benchmark.txt,10,293.09,2524.08,11177.31,8.611962,10.0,0.814139,3.276909,0.389816,3.666725,10.0,3.666725
updated,taxonomy,mmseqs_bestmatch_db,1.0.3,340.0,./microbial/210615_391_A1_S1.0.3/mmseqs/splits/340/mmseqs_bestmatch_db.benchmark.txt,1,0.88,0.59,164.33,0.670455,1.0,0.000244,0.000984,1.7e-05,0.001001,1.0,0.001001
updated,taxonomy,parse_mmseqs_easy_taxonomy_SILVA,1.0.3,340.0,./microbial/210615_391_A1_S1.0.3/mmseqs/splits/340/nuc/parse_mmseqs_easy_taxonomy_SILVA.benchmark.txt,2,1.0,0.76,213.77,0.76,2.0,0.000556,0.002236,2.5e-05,0.002262,2.0,0.002262
updated,taxonomy,mmseqs_easy_taxonomy_vs_SILVA,1.0.3,340.0,./microbial/210615_391_A1_S1.0.3/mmseqs/splits/340/nuc/mmseqs_easy_taxonomy_vs_SILVA.benchmark.txt,10,295.96,2507.22,11176.84,8.471483,10.0,0.822111,3.308997,0.393617,3.702614,10.0,3.702614
updated,taxonomy,mmseqs_bestmatch_db,1.0.3,273.0,./microbial/210615_391_A1_S1.0.3/mmseqs/splits/273/mmseqs_bestmatch_db.benchmark.txt,1,0.75,0.56,188.61,0.746667,1.0,0.000208,0.000839,1.7e-05,0.000855,1.0,0.000855
updated,taxonomy,parse_mmseqs_easy_taxonomy_SILVA,1.0.3,273.0,./microbial/210615_391_A1_S1.0.3/mmseqs/splits/273/nuc/parse_mmseqs_easy_taxonomy_SILVA.benchmark.txt,2,1.0,0.87,216.28,0.87,2.0,0.000556,0.002236,2.6e-05,0.002262,2.0,0.002262
updated,taxonomy,mmseqs_easy_taxonomy_vs_SILVA,1.0.3,273.0,./microbial/210615_391_A1_S1.0.3/mmseqs/splits/273/nuc/mmseqs_easy_taxonomy_vs_SILVA.benchmark.txt,10,279.61,2507.78,11193.44,8.968849,10.0,0.776694,3.126195,0.372424,3.498619,10.0,3.498619
updated,taxonomy,mmseqs_bestmatch_db,1.0.3,290.0,./microbial/210615_391_A1_S1.0.3/mmseqs/splits/290/mmseqs_bestmatch_db.benchmark.txt,1,2.06,0.79,181.55,0.383495,1.0,0.000572,0.002303,4.5e-05,0.002348,1.0,0.002348
updated,taxonomy,parse_mmseqs_easy_taxonomy_SILVA,1.0.3,290.0,./microbial/210615_391_A1_S1.0.3/mmseqs/splits/290/nuc/parse_mmseqs_easy_taxonomy_SILVA.benchmark.txt,2,2.51,0.79,158.36,0.314741,2.0,0.001394,0.005613,4.7e-05,0.00566,2.0,0.00566
updated,taxonomy,mmseqs_easy_taxonomy_vs_SILVA,1.0.3,290.0,./microbial/210615_391_A1_S1.0.3/mmseqs/splits/290/nuc/mmseqs_easy_taxonomy_vs_SILVA.benchmark.txt,10,319.62,2804.02,11173.09,8.77298,10.0,0.887833,3.573529,0.424941,3.99847,10.0,3.99847
updated,taxonomy,mmseqs_bestmatch_db,1.0.3,17.0,./microbial/210615_391_A1_S1.0.3/mmseqs/splits/017/mmseqs_bestmatch_db.benchmark.txt,1,0.81,0.51,195.91,0.62963,1.0,0.000225,0.000906,1.9e-05,0.000925,1.0,0.000925
updated,taxonomy,parse_mmseqs_easy_taxonomy_SILVA,1.0.3,17.0,./microbial/210615_391_A1_S1.0.3/mmseqs/splits/017/nuc/parse_mmseqs_easy_taxonomy_SILVA.benchmark.txt,2,0.83,0.36,130.47,0.433735,2.0,0.000461,0.001856,1.3e-05,0.001869,2.0,0.001869
updated,taxonomy,mmseqs_easy_taxonomy_vs_SILVA,1.0.3,17.0,./microbial/210615_391_A1_S1.0.3/mmseqs/splits/017/nuc/mmseqs_easy_taxonomy_vs_SILVA.benchmark.txt,10,273.59,2516.76,11185.97,9.19902,10.0,0.759972,3.058888,0.364163,3.423051,10.0,3.423051
updated,taxonomy,mmseqs_bestmatch_db,1.0.3,348.0,./microbial/210615_391_A1_S1.0.3/mmseqs/splits/348/mmseqs_bestmatch_db.benchmark.txt,1,1.07,0.31,107.06,0.28972,1.0,0.000297,0.001196,1.4e-05,0.00121,1.0,0.00121
updated,taxonomy,parse_mmseqs_easy_taxonomy_SILVA,1.0.3,348.0,./microbial/210615_391_A1_S1.0.3/mmseqs/splits/348/nuc/parse_mmseqs_easy_taxonomy_SILVA.benchmark.txt,2,0.88,0.99,229.59,1.125,2.0,0.000489,0.001968,2.4e-05,0.001992,2.0,0.001992
updated,taxonomy,mmseqs_easy_taxonomy_vs_SILVA,1.0.3,348.0,./microbial/210615_391_A1_S1.0.3/mmseqs/splits/348/nuc/mmseqs_easy_taxonomy_vs_SILVA.benchmark.txt,10,297.38,2464.76,11190.39,8.288251,10.0,0.826056,3.324874,0.395985,3.720858,10.0,3.720858
updated,taxonomy,mmseqs_bestmatch_db,1.0.3,226.0,./microbial/210615_391_A1_S1.0.3/mmseqs/splits/226/mmseqs_bestmatch_db.benchmark.txt,1,0.73,0.59,177.93,0.808219,1.0,0.000203,0.000816,1.5e-05,0.000832,1.0,0.000832
updated,taxonomy,parse_mmseqs_easy_taxonomy_SILVA,1.0.3,226.0,./microbial/210615_391_A1_S1.0.3/mmseqs/splits/226/nuc/parse_mmseqs_easy_taxonomy_SILVA.benchmark.txt,2,2.63,1.03,185.16,0.391635,2.0,0.001461,0.005881,5.8e-05,0.005939,2.0,0.005939
updated,taxonomy,mmseqs_easy_taxonomy_vs_SILVA,1.0.3,226.0,./microbial/210615_391_A1_S1.0.3/mmseqs/splits/226/nuc/mmseqs_easy_taxonomy_vs_SILVA.benchmark.txt,10,335.18,3122.74,11139.02,9.316606,10.0,0.931056,3.747499,0.44427,4.191768,10.0,4.191768
updated,taxonomy,mmseqs_bestmatch_db,1.0.3,234.0,./microbial/210615_391_A1_S1.0.3/mmseqs/splits/234/mmseqs_bestmatch_db.benchmark.txt,1,1.03,0.56,160.12,0.543689,1.0,0.000286,0.001152,2e-05,0.001171,1.0,0.001171
updated,taxonomy,parse_mmseqs_easy_taxonomy_SILVA,1.0.3,234.0,./microbial/210615_391_A1_S1.0.3/mmseqs/splits/234/nuc/parse_mmseqs_easy_taxonomy_SILVA.benchmark.txt,2,0.92,0.83,226.77,0.902174,2.0,0.000511,0.002057,2.5e-05,0.002082,2.0,0.002082
updated,taxonomy,mmseqs_easy_taxonomy_vs_SILVA,1.0.3,234.0,./microbial/210615_391_A1_S1.0.3/mmseqs/splits/234/nuc/mmseqs_easy_taxonomy_vs_SILVA.benchmark.txt,10,302.96,2808.93,11170.44,9.27162,10.0,0.841556,3.387261,0.402696,3.789957,10.0,3.789957
updated,taxonomy,mmseqs_bestmatch_db,1.0.3,329.0,./microbial/210615_391_A1_S1.0.3/mmseqs/splits/329/mmseqs_bestmatch_db.benchmark.txt,1,0.69,0.08,36.96,0.115942,1.0,0.000192,0.000771,3e-06,0.000774,1.0,0.000774
updated,taxonomy,parse_mmseqs_easy_taxonomy_SILVA,1.0.3,329.0,./microbial/210615_391_A1_S1.0.3/mmseqs/splits/329/nuc/parse_mmseqs_easy_taxonomy_SILVA.benchmark.txt,2,0.91,0.92,230.16,1.010989,2.0,0.000506,0.002035,2.5e-05,0.00206,2.0,0.00206
updated,taxonomy,mmseqs_easy_taxonomy_vs_SILVA,1.0.3,329.0,./microbial/210615_391_A1_S1.0.3/mmseqs/splits/329/nuc/mmseqs_easy_taxonomy_vs_SILVA.benchmark.txt,10,339.14,3031.6,11118.8,8.939081,10.0,0.942056,3.791774,0.448703,4.240476,10.0,4.240476
updated,taxonomy,mmseqs_bestmatch_db,1.0.3,268.0,./microbial/210615_391_A1_S1.0.3/mmseqs/splits/268/mmseqs_bestmatch_db.benchmark.txt,1,0.79,0.61,176.49,0.772152,1.0,0.000219,0.000883,1.7e-05,0.0009,1.0,0.0009
updated,taxonomy,parse_mmseqs_easy_taxonomy_SILVA,1.0.3,268.0,./microbial/210615_391_A1_S1.0.3/mmseqs/splits/268/nuc/parse_mmseqs_easy_taxonomy_SILVA.benchmark.txt,2,0.93,0.9,222.76,0.967742,2.0,0.000517,0.00208,2.5e-05,0.002104,2.0,0.002104
updated,taxonomy,mmseqs_easy_taxonomy_vs_SILVA,1.0.3,268.0,./microbial/210615_391_A1_S1.0.3/mmseqs/splits/268/nuc/mmseqs_easy_taxonomy_vs_SILVA.benchmark.txt,10,337.83,3147.77,11141.36,9.317615,10.0,0.938417,3.777127,0.447876,4.225003,10.0,4.225003
updated,taxonomy,mmseqs_bestmatch_db,1.0.3,258.0,./microbial/210615_391_A1_S1.0.3/mmseqs/splits/258/mmseqs_bestmatch_db.benchmark.txt,1,0.78,0.6,187.93,0.769231,1.0,0.000217,0.000872,1.7e-05,0.00089,1.0,0.00089
updated,taxonomy,parse_mmseqs_easy_taxonomy_SILVA,1.0.3,258.0,./microbial/210615_391_A1_S1.0.3/mmseqs/splits/258/nuc/parse_mmseqs_easy_taxonomy_SILVA.benchmark.txt,2,0.98,0.68,203.77,0.693878,2.0,0.000544,0.002191,2.4e-05,0.002215,2.0,0.002215
updated,taxonomy,mmseqs_easy_taxonomy_vs_SILVA,1.0.3,258.0,./microbial/210615_391_A1_S1.0.3/mmseqs/splits/258/nuc/mmseqs_easy_taxonomy_vs_SILVA.benchmark.txt,10,291.65,2509.69,11167.22,8.605143,10.0,0.810139,3.260809,0.387551,3.64836,10.0,3.64836
updated,taxonomy,mmseqs_bestmatch_db,1.0.3,305.0,./microbial/210615_391_A1_S1.0.3/mmseqs/splits/305/mmseqs_bestmatch_db.benchmark.txt,1,0.99,0.71,170.04,0.717172,1.0,0.000275,0.001107,2e-05,0.001127,1.0,0.001127
updated,taxonomy,parse_mmseqs_easy_taxonomy_SILVA,1.0.3,305.0,./microbial/210615_391_A1_S1.0.3/mmseqs/splits/305/nuc/parse_mmseqs_easy_taxonomy_SILVA.benchmark.txt,2,1.95,0.84,200.67,0.430769,2.0,0.001083,0.00436,4.7e-05,0.004407,2.0,0.004407
updated,taxonomy,mmseqs_easy_taxonomy_vs_SILVA,1.0.3,305.0,./microbial/210615_391_A1_S1.0.3/mmseqs/splits/305/nuc/mmseqs_easy_taxonomy_vs_SILVA.benchmark.txt,10,336.04,3127.95,11135.31,9.308267,10.0,0.933444,3.757114,0.445261,4.202375,10.0,4.202375
updated,taxonomy,mmseqs_bestmatch_db,1.0.3,132.0,./microbial/210615_391_A1_S1.0.3/mmseqs/splits/132/mmseqs_bestmatch_db.benchmark.txt,1,1.89,0.35,78.87,0.185185,1.0,0.000525,0.002113,1.8e-05,0.002131,1.0,0.002131
updated,taxonomy,parse_mmseqs_easy_taxonomy_SILVA,1.0.3,132.0,./microbial/210615_391_A1_S1.0.3/mmseqs/splits/132/nuc/parse_mmseqs_easy_taxonomy_SILVA.benchmark.txt,2,3.9,0.76,149.55,0.194872,2.0,0.002167,0.008721,6.9e-05,0.00879,2.0,0.00879
updated,taxonomy,mmseqs_easy_taxonomy_vs_SILVA,1.0.3,132.0,./microbial/210615_391_A1_S1.0.3/mmseqs/splits/132/nuc/mmseqs_easy_taxonomy_vs_SILVA.benchmark.txt,10,273.88,2522.26,11137.69,9.209362,10.0,0.760778,3.062131,0.362975,3.425106,10.0,3.425106
updated,taxonomy,mmseqs_bestmatch_db,1.0.3,168.0,./microbial/210615_391_A1_S1.0.3/mmseqs/splits/168/mmseqs_bestmatch_db.benchmark.txt,1,0.77,0.55,174.3,0.714286,1.0,0.000214,0.000861,1.6e-05,0.000877,1.0,0.000877
updated,taxonomy,parse_mmseqs_easy_taxonomy_SILVA,1.0.3,168.0,./microbial/210615_391_A1_S1.0.3/mmseqs/splits/168/nuc/parse_mmseqs_easy_taxonomy_SILVA.benchmark.txt,2,0.92,0.78,216.27,0.847826,2.0,0.000511,0.002057,2.4e-05,0.002081,2.0,0.002081
updated,taxonomy,mmseqs_easy_taxonomy_vs_SILVA,1.0.3,168.0,./microbial/210615_391_A1_S1.0.3/mmseqs/splits/168/nuc/mmseqs_easy_taxonomy_vs_SILVA.benchmark.txt,10,357.73,3116.29,11188.7,8.711291,10.0,0.993694,3.99962,0.476274,4.475894,10.0,4.475894
updated,taxonomy,mmseqs_bestmatch_db,1.0.3,169.0,./microbial/210615_391_A1_S1.0.3/mmseqs/splits/169/mmseqs_bestmatch_db.benchmark.txt,1,0.83,0.6,171.7,0.722892,1.0,0.000231,0.000928,1.7e-05,0.000945,1.0,0.000945
updated,taxonomy,parse_mmseqs_easy_taxonomy_SILVA,1.0.3,169.0,./microbial/210615_391_A1_S1.0.3/mmseqs/splits/169/nuc/parse_mmseqs_easy_taxonomy_SILVA.benchmark.txt,2,0.9,0.98,233.62,1.088889,2.0,0.0005,0.002012,2.5e-05,0.002038,2.0,0.002038
updated,taxonomy,mmseqs_easy_taxonomy_vs_SILVA,1.0.3,169.0,./microbial/210615_391_A1_S1.0.3/mmseqs/splits/169/nuc/mmseqs_easy_taxonomy_vs_SILVA.benchmark.txt,10,271.81,2509.44,11195.14,9.232331,10.0,0.755028,3.038987,0.36209,3.401077,10.0,3.401077
updated,taxonomy,mmseqs_bestmatch_db,1.0.3,188.0,./microbial/210615_391_A1_S1.0.3/mmseqs/splits/188/mmseqs_bestmatch_db.benchmark.txt,1,0.77,0.61,182.66,0.792208,1.0,0.000214,0.000861,1.7e-05,0.000878,1.0,0.000878
updated,taxonomy,parse_mmseqs_easy_taxonomy_SILVA,1.0.3,188.0,./microbial/210615_391_A1_S1.0.3/mmseqs/splits/188/nuc/parse_mmseqs_easy_taxonomy_SILVA.benchmark.txt,2,0.93,0.86,221.13,0.924731,2.0,0.000517,0.00208,2.4e-05,0.002104,2.0,0.002104
updated,taxonomy,mmseqs_easy_taxonomy_vs_SILVA,1.0.3,188.0,./microbial/210615_391_A1_S1.0.3/mmseqs/splits/188/nuc/mmseqs_easy_taxonomy_vs_SILVA.benchmark.txt,10,358.31,3105.43,11129.47,8.666881,10.0,0.995306,4.006105,0.474521,4.480625,10.0,4.480625
updated,taxonomy,mmseqs_bestmatch_db,1.0.3,283.0,./microbial/210615_391_A1_S1.0.3/mmseqs/splits/283/mmseqs_bestmatch_db.benchmark.txt,1,0.88,0.52,171.29,0.590909,1.0,0.000244,0.000984,1.8e-05,0.001002,1.0,0.001002
updated,taxonomy,parse_mmseqs_easy_taxonomy_SILVA,1.0.3,283.0,./microbial/210615_391_A1_S1.0.3/mmseqs/splits/283/nuc/parse_mmseqs_easy_taxonomy_SILVA.benchmark.txt,2,0.98,0.62,204.99,0.632653,2.0,0.000544,0.002191,2.4e-05,0.002215,2.0,0.002215
updated,taxonomy,mmseqs_easy_taxonomy_vs_SILVA,1.0.3,283.0,./microbial/210615_391_A1_S1.0.3/mmseqs/splits/283/nuc/mmseqs_easy_taxonomy_vs_SILVA.benchmark.txt,10,319.09,2821.01,11133.41,8.840797,10.0,0.886361,3.567603,0.42273,3.990333,10.0,3.990333
updated,taxonomy,mmseqs_bestmatch_db,1.0.3,210.0,./microbial/210615_391_A1_S1.0.3/mmseqs/splits/210/mmseqs_bestmatch_db.benchmark.txt,1,0.84,0.59,176.6,0.702381,1.0,0.000233,0.000939,1.8e-05,0.000957,1.0,0.000957
updated,taxonomy,parse_mmseqs_easy_taxonomy_SILVA,1.0.3,210.0,./microbial/210615_391_A1_S1.0.3/mmseqs/splits/210/nuc/parse_mmseqs_easy_taxonomy_SILVA.benchmark.txt,2,0.83,0.08,37.06,0.096386,2.0,0.000461,0.001856,4e-06,0.00186,2.0,0.00186
updated,taxonomy,mmseqs_easy_taxonomy_vs_SILVA,1.0.3,210.0,./microbial/210615_391_A1_S1.0.3/mmseqs/splits/210/nuc/mmseqs_easy_taxonomy_vs_SILVA.benchmark.txt,10,288.12,2521.64,11188.9,8.752048,10.0,0.800333,3.221342,0.383603,3.604945,10.0,3.604945
updated,taxonomy,mmseqs_bestmatch_db,1.0.3,310.0,./microbial/210615_391_A1_S1.0.3/mmseqs/splits/310/mmseqs_bestmatch_db.benchmark.txt,1,1.15,0.23,82.26,0.2,1.0,0.000319,0.001286,1.1e-05,0.001297,1.0,0.001297
updated,taxonomy,parse_mmseqs_easy_taxonomy_SILVA,1.0.3,310.0,./microbial/210615_391_A1_S1.0.3/mmseqs/splits/310/nuc/parse_mmseqs_easy_taxonomy_SILVA.benchmark.txt,2,0.93,0.95,227.36,1.021505,2.0,0.000517,0.00208,2.5e-05,0.002105,2.0,0.002105
updated,taxonomy,mmseqs_easy_taxonomy_vs_SILVA,1.0.3,310.0,./microbial/210615_391_A1_S1.0.3/mmseqs/splits/310/nuc/mmseqs_easy_taxonomy_vs_SILVA.benchmark.txt,10,267.74,2506.54,11175.61,9.361844,10.0,0.743722,2.993482,0.356046,3.349528,10.0,3.349528
updated,taxonomy,mmseqs_bestmatch_db,1.0.3,127.0,./microbial/210615_391_A1_S1.0.3/mmseqs/splits/127/mmseqs_bestmatch_db.benchmark.txt,1,1.04,0.43,114.42,0.413462,1.0,0.000289,0.001163,1.4e-05,0.001177,1.0,0.001177
updated,taxonomy,parse_mmseqs_easy_taxonomy_SILVA,1.0.3,127.0,./microbial/210615_391_A1_S1.0.3/mmseqs/splits/127/nuc/parse_mmseqs_easy_taxonomy_SILVA.benchmark.txt,2,0.98,0.83,221.17,0.846939,2.0,0.000544,0.002191,2.6e-05,0.002217,2.0,0.002217
updated,taxonomy,mmseqs_easy_taxonomy_vs_SILVA,1.0.3,127.0,./microbial/210615_391_A1_S1.0.3/mmseqs/splits/127/nuc/mmseqs_easy_taxonomy_vs_SILVA.benchmark.txt,10,272.56,2530.22,11142.26,9.283167,10.0,0.757111,3.047372,0.361374,3.408746,10.0,3.408746
updated,taxonomy,mmseqs_bestmatch_db,1.0.3,341.0,./microbial/210615_391_A1_S1.0.3/mmseqs/splits/341/mmseqs_bestmatch_db.benchmark.txt,1,2.94,0.44,124.15,0.14966,1.0,0.000817,0.003287,4.3e-05,0.003331,1.0,0.003331
updated,taxonomy,parse_mmseqs_easy_taxonomy_SILVA,1.0.3,341.0,./microbial/210615_391_A1_S1.0.3/mmseqs/splits/341/nuc/parse_mmseqs_easy_taxonomy_SILVA.benchmark.txt,2,0.98,0.74,215.41,0.755102,2.0,0.000544,0.002191,2.5e-05,0.002217,2.0,0.002217
updated,taxonomy,mmseqs_easy_taxonomy_vs_SILVA,1.0.3,341.0,./microbial/210615_391_A1_S1.0.3/mmseqs/splits/341/nuc/mmseqs_easy_taxonomy_vs_SILVA.benchmark.txt,10,275.73,2517.11,11185.12,9.128894,10.0,0.765917,3.082815,0.366983,3.449798,10.0,3.449798
updated,taxonomy,mmseqs_bestmatch_db,1.0.3,13.0,./microbial/210615_391_A1_S1.0.3/mmseqs/splits/013/mmseqs_bestmatch_db.benchmark.txt,1,0.85,0.45,175.51,0.529412,1.0,0.000236,0.00095,1.8e-05,0.000968,1.0,0.000968
updated,taxonomy,parse_mmseqs_easy_taxonomy_SILVA,1.0.3,13.0,./microbial/210615_391_A1_S1.0.3/mmseqs/splits/013/nuc/parse_mmseqs_easy_taxonomy_SILVA.benchmark.txt,2,1.02,0.99,219.72,0.970588,2.0,0.000567,0.002281,2.7e-05,0.002308,2.0,0.002308
updated,taxonomy,mmseqs_easy_taxonomy_vs_SILVA,1.0.3,13.0,./microbial/210615_391_A1_S1.0.3/mmseqs/splits/013/nuc/mmseqs_easy_taxonomy_vs_SILVA.benchmark.txt,10,379.29,3416.92,11149.21,9.008727,10.0,1.053583,4.240673,0.503196,4.743869,10.0,4.743869
updated,taxonomy,mmseqs_bestmatch_db,1.0.3,250.0,./microbial/210615_391_A1_S1.0.3/mmseqs/splits/250/mmseqs_bestmatch_db.benchmark.txt,1,1.58,0.62,175.71,0.392405,1.0,0.000439,0.001767,3.3e-05,0.0018,1.0,0.0018
updated,taxonomy,parse_mmseqs_easy_taxonomy_SILVA,1.0.3,250.0,./microbial/210615_391_A1_S1.0.3/mmseqs/splits/250/nuc/parse_mmseqs_easy_taxonomy_SILVA.benchmark.txt,2,0.98,0.9,225.46,0.918367,2.0,0.000544,0.002191,2.6e-05,0.002218,2.0,0.002218
updated,taxonomy,mmseqs_easy_taxonomy_vs_SILVA,1.0.3,250.0,./microbial/210615_391_A1_S1.0.3/mmseqs/splits/250/nuc/mmseqs_easy_taxonomy_vs_SILVA.benchmark.txt,10,295.3,2525.5,11192.36,8.55232,10.0,0.820278,3.301618,0.393284,3.694902,10.0,3.694902
updated,taxonomy,mmseqs_bestmatch_db,1.0.3,186.0,./microbial/210615_391_A1_S1.0.3/mmseqs/splits/186/mmseqs_bestmatch_db.benchmark.txt,1,0.79,0.56,181.12,0.708861,1.0,0.000219,0.000883,1.7e-05,0.0009,1.0,0.0009
updated,taxonomy,parse_mmseqs_easy_taxonomy_SILVA,1.0.3,186.0,./microbial/210615_391_A1_S1.0.3/mmseqs/splits/186/nuc/parse_mmseqs_easy_taxonomy_SILVA.benchmark.txt,2,0.88,0.88,229.29,1.0,2.0,0.000489,0.001968,2.4e-05,0.001992,2.0,0.001992
updated,taxonomy,mmseqs_easy_taxonomy_vs_SILVA,1.0.3,186.0,./microbial/210615_391_A1_S1.0.3/mmseqs/splits/186/nuc/mmseqs_easy_taxonomy_vs_SILVA.benchmark.txt,10,272.92,2526.08,11137.58,9.255753,10.0,0.758111,3.051397,0.361699,3.413097,10.0,3.413097
updated,taxonomy,mmseqs_bestmatch_db,1.0.3,92.0,./microbial/210615_391_A1_S1.0.3/mmseqs/splits/092/mmseqs_bestmatch_db.benchmark.txt,1,0.75,0.69,185.92,0.92,1.0,0.000208,0.000839,1.7e-05,0.000855,1.0,0.000855
updated,taxonomy,parse_mmseqs_easy_taxonomy_SILVA,1.0.3,92.0,./microbial/210615_391_A1_S1.0.3/mmseqs/splits/092/nuc/parse_mmseqs_easy_taxonomy_SILVA.benchmark.txt,2,1.15,0.87,203.43,0.756522,2.0,0.000639,0.002572,2.8e-05,0.002599,2.0,0.002599
updated,taxonomy,mmseqs_easy_taxonomy_vs_SILVA,1.0.3,92.0,./microbial/210615_391_A1_S1.0.3/mmseqs/splits/092/nuc/mmseqs_easy_taxonomy_vs_SILVA.benchmark.txt,10,342.95,3133.46,11134.7,9.136784,10.0,0.952639,3.834372,0.454392,4.288764,10.0,4.288764
updated,taxonomy,mmseqs_bestmatch_db,1.0.3,189.0,./microbial/210615_391_A1_S1.0.3/mmseqs/splits/189/mmseqs_bestmatch_db.benchmark.txt,1,0.75,0.57,178.71,0.76,1.0,0.000208,0.000839,1.6e-05,0.000854,1.0,0.000854
updated,taxonomy,parse_mmseqs_easy_taxonomy_SILVA,1.0.3,189.0,./microbial/210615_391_A1_S1.0.3/mmseqs/splits/189/nuc/parse_mmseqs_easy_taxonomy_SILVA.benchmark.txt,2,1.42,0.25,87.69,0.176056,2.0,0.000789,0.003175,1.5e-05,0.00319,2.0,0.00319
updated,taxonomy,mmseqs_easy_taxonomy_vs_SILVA,1.0.3,189.0,./microbial/210615_391_A1_S1.0.3/mmseqs/splits/189/nuc/mmseqs_easy_taxonomy_vs_SILVA.benchmark.txt,10,266.57,2514.16,11184.48,9.431519,10.0,0.740472,2.980401,0.354771,3.335172,10.0,3.335172
updated,taxonomy,mmseqs_bestmatch_db,1.0.3,199.0,./microbial/210615_391_A1_S1.0.3/mmseqs/splits/199/mmseqs_bestmatch_db.benchmark.txt,1,1.36,0.61,177.51,0.448529,1.0,0.000378,0.001521,2.9e-05,0.001549,1.0,0.001549
updated,taxonomy,parse_mmseqs_easy_taxonomy_SILVA,1.0.3,199.0,./microbial/210615_391_A1_S1.0.3/mmseqs/splits/199/nuc/parse_mmseqs_easy_taxonomy_SILVA.benchmark.txt,2,0.89,0.74,215.32,0.831461,2.0,0.000494,0.00199,2.3e-05,0.002013,2.0,0.002013
updated,taxonomy,mmseqs_easy_taxonomy_vs_SILVA,1.0.3,199.0,./microbial/210615_391_A1_S1.0.3/mmseqs/splits/199/nuc/mmseqs_easy_taxonomy_vs_SILVA.benchmark.txt,10,251.07,2213.44,11175.42,8.816027,10.0,0.697417,2.807102,0.333872,3.140974,10.0,3.140974
updated,taxonomy,mmseqs_bestmatch_db,1.0.3,207.0,./microbial/210615_391_A1_S1.0.3/mmseqs/splits/207/mmseqs_bestmatch_db.benchmark.txt,1,0.63,0.09,36.94,0.142857,1.0,0.000175,0.000704,3e-06,0.000707,1.0,0.000707
updated,taxonomy,parse_mmseqs_easy_taxonomy_SILVA,1.0.3,207.0,./microbial/210615_391_A1_S1.0.3/mmseqs/splits/207/nuc/parse_mmseqs_easy_taxonomy_SILVA.benchmark.txt,2,1.25,0.33,89.25,0.264,2.0,0.000694,0.002795,1.3e-05,0.002808,2.0,0.002808
updated,taxonomy,mmseqs_easy_taxonomy_vs_SILVA,1.0.3,207.0,./microbial/210615_391_A1_S1.0.3/mmseqs/splits/207/nuc/mmseqs_easy_taxonomy_vs_SILVA.benchmark.txt,10,273.57,2527.34,11145.52,9.238367,10.0,0.759917,3.058665,0.362819,3.421484,10.0,3.421484
updated,taxonomy,mmseqs_bestmatch_db,1.0.3,79.0,./microbial/210615_391_A1_S1.0.3/mmseqs/splits/079/mmseqs_bestmatch_db.benchmark.txt,1,0.75,0.57,171.41,0.76,1.0,0.000208,0.000839,1.5e-05,0.000854,1.0,0.000854
updated,taxonomy,parse_mmseqs_easy_taxonomy_SILVA,1.0.3,79.0,./microbial/210615_391_A1_S1.0.3/mmseqs/splits/079/nuc/parse_mmseqs_easy_taxonomy_SILVA.benchmark.txt,2,0.95,0.74,210.15,0.778947,2.0,0.000528,0.002124,2.4e-05,0.002148,2.0,0.002148
updated,taxonomy,mmseqs_easy_taxonomy_vs_SILVA,1.0.3,79.0,./microbial/210615_391_A1_S1.0.3/mmseqs/splits/079/nuc/mmseqs_easy_taxonomy_vs_SILVA.benchmark.txt,10,337.87,2750.9,11116.86,8.141889,10.0,0.938528,3.777574,0.446944,4.224519,10.0,4.224519
updated,taxonomy,mmseqs_bestmatch_db,1.0.3,26.0,./microbial/210615_391_A1_S1.0.3/mmseqs/splits/026/mmseqs_bestmatch_db.benchmark.txt,1,1.16,0.67,182.18,0.577586,1.0,0.000322,0.001297,2.5e-05,0.001322,1.0,0.001322
updated,taxonomy,parse_mmseqs_easy_taxonomy_SILVA,1.0.3,26.0,./microbial/210615_391_A1_S1.0.3/mmseqs/splits/026/nuc/parse_mmseqs_easy_taxonomy_SILVA.benchmark.txt,2,4.41,0.6,112.95,0.136054,2.0,0.00245,0.009861,5.9e-05,0.009921,2.0,0.009921
updated,taxonomy,mmseqs_easy_taxonomy_vs_SILVA,1.0.3,26.0,./microbial/210615_391_A1_S1.0.3/mmseqs/splits/026/nuc/mmseqs_easy_taxonomy_vs_SILVA.benchmark.txt,10,338.46,3062.3,11150.06,9.047746,10.0,0.940167,3.784171,0.449062,4.233233,10.0,4.233233
updated,taxonomy,mmseqs_bestmatch_db,1.0.3,161.0,./microbial/210615_391_A1_S1.0.3/mmseqs/splits/161/mmseqs_bestmatch_db.benchmark.txt,1,0.75,0.1,37.57,0.133333,1.0,0.000208,0.000839,3e-06,0.000842,1.0,0.000842
updated,taxonomy,parse_mmseqs_easy_taxonomy_SILVA,1.0.3,161.0,./microbial/210615_391_A1_S1.0.3/mmseqs/splits/161/nuc/parse_mmseqs_easy_taxonomy_SILVA.benchmark.txt,2,2.24,0.9,203.87,0.401786,2.0,0.001244,0.005009,5.4e-05,0.005063,2.0,0.005063
updated,taxonomy,mmseqs_easy_taxonomy_vs_SILVA,1.0.3,161.0,./microbial/210615_391_A1_S1.0.3/mmseqs/splits/161/nuc/mmseqs_easy_taxonomy_vs_SILVA.benchmark.txt,10,275.47,2521.61,11176.32,9.153846,10.0,0.765194,3.079908,0.366349,3.446256,10.0,3.446256
updated,taxonomy,mmseqs_bestmatch_db,1.0.3,213.0,./microbial/210615_391_A1_S1.0.3/mmseqs/splits/213/mmseqs_bestmatch_db.benchmark.txt,1,1.09,0.51,153.66,0.46789,1.0,0.000303,0.001219,2e-05,0.001239,1.0,0.001239
updated,taxonomy,parse_mmseqs_easy_taxonomy_SILVA,1.0.3,213.0,./microbial/210615_391_A1_S1.0.3/mmseqs/splits/213/nuc/parse_mmseqs_easy_taxonomy_SILVA.benchmark.txt,2,0.88,0.91,238.03,1.034091,2.0,0.000489,0.001968,2.5e-05,0.001993,2.0,0.001993
updated,taxonomy,mmseqs_easy_taxonomy_vs_SILVA,1.0.3,213.0,./microbial/210615_391_A1_S1.0.3/mmseqs/splits/213/nuc/mmseqs_easy_taxonomy_vs_SILVA.benchmark.txt,10,279.01,2534.58,11137.45,9.084191,10.0,0.775028,3.119487,0.369766,3.489253,10.0,3.489253
updated,taxonomy,mmseqs_bestmatch_db,1.0.3,308.0,./microbial/210615_391_A1_S1.0.3/mmseqs/splits/308/mmseqs_bestmatch_db.benchmark.txt,1,0.86,0.45,170.74,0.523256,1.0,0.000239,0.000962,1.7e-05,0.000979,1.0,0.000979
updated,taxonomy,parse_mmseqs_easy_taxonomy_SILVA,1.0.3,308.0,./microbial/210615_391_A1_S1.0.3/mmseqs/splits/308/nuc/parse_mmseqs_easy_taxonomy_SILVA.benchmark.txt,2,0.86,0.08,37.81,0.093023,2.0,0.000478,0.001923,4e-06,0.001927,2.0,0.001927
updated,taxonomy,mmseqs_easy_taxonomy_vs_SILVA,1.0.3,308.0,./microbial/210615_391_A1_S1.0.3/mmseqs/splits/308/nuc/mmseqs_easy_taxonomy_vs_SILVA.benchmark.txt,10,265.99,2240.15,11178.5,8.421933,10.0,0.738861,2.973916,0.35381,3.327726,10.0,3.327726
updated,taxonomy,mmseqs_bestmatch_db,1.0.3,55.0,./microbial/210615_391_A1_S1.0.3/mmseqs/splits/055/mmseqs_bestmatch_db.benchmark.txt,1,2.16,0.48,162.05,0.222222,1.0,0.0006,0.002415,4.2e-05,0.002457,1.0,0.002457
updated,taxonomy,parse_mmseqs_easy_taxonomy_SILVA,1.0.3,55.0,./microbial/210615_391_A1_S1.0.3/mmseqs/splits/055/nuc/parse_mmseqs_easy_taxonomy_SILVA.benchmark.txt,2,2.22,0.89,209.0,0.400901,2.0,0.001233,0.004964,5.5e-05,0.005019,2.0,0.005019
updated,taxonomy,mmseqs_easy_taxonomy_vs_SILVA,1.0.3,55.0,./microbial/210615_391_A1_S1.0.3/mmseqs/splits/055/nuc/mmseqs_easy_taxonomy_vs_SILVA.benchmark.txt,10,276.98,2527.2,11205.28,9.124124,10.0,0.769389,3.09679,0.369311,3.466102,10.0,3.466102
updated,taxonomy,mmseqs_bestmatch_db,1.0.3,240.0,./microbial/210615_391_A1_S1.0.3/mmseqs/splits/240/mmseqs_bestmatch_db.benchmark.txt,1,0.74,0.58,189.48,0.783784,1.0,0.000206,0.000827,1.7e-05,0.000844,1.0,0.000844
updated,taxonomy,parse_mmseqs_easy_taxonomy_SILVA,1.0.3,240.0,./microbial/210615_391_A1_S1.0.3/mmseqs/splits/240/nuc/parse_mmseqs_easy_taxonomy_SILVA.benchmark.txt,2,0.96,0.96,237.85,1.0,2.0,0.000533,0.002147,2.7e-05,0.002174,2.0,0.002174
updated,taxonomy,mmseqs_easy_taxonomy_vs_SILVA,1.0.3,240.0,./microbial/210615_391_A1_S1.0.3/mmseqs/splits/240/nuc/mmseqs_easy_taxonomy_vs_SILVA.benchmark.txt,10,277.89,2514.62,11180.21,9.048976,10.0,0.771917,3.106965,0.369696,3.47666,10.0,3.47666
updated,taxonomy,mmseqs_bestmatch_db,1.0.3,121.0,./microbial/210615_391_A1_S1.0.3/mmseqs/splits/121/mmseqs_bestmatch_db.benchmark.txt,1,0.85,0.44,190.74,0.517647,1.0,0.000236,0.00095,1.9e-05,0.00097,1.0,0.00097
updated,taxonomy,parse_mmseqs_easy_taxonomy_SILVA,1.0.3,121.0,./microbial/210615_391_A1_S1.0.3/mmseqs/splits/121/nuc/parse_mmseqs_easy_taxonomy_SILVA.benchmark.txt,2,1.0,0.86,213.68,0.86,2.0,0.000556,0.002236,2.5e-05,0.002262,2.0,0.002262
updated,taxonomy,mmseqs_easy_taxonomy_vs_SILVA,1.0.3,121.0,./microbial/210615_391_A1_S1.0.3/mmseqs/splits/121/nuc/mmseqs_easy_taxonomy_vs_SILVA.benchmark.txt,10,297.11,2427.34,11160.52,8.169836,10.0,0.825306,3.321855,0.394569,3.716424,10.0,3.716424
updated,taxonomy,mmseqs_bestmatch_db,1.0.3,58.0,./microbial/210615_391_A1_S1.0.3/mmseqs/splits/058/mmseqs_bestmatch_db.benchmark.txt,1,0.79,0.56,180.19,0.708861,1.0,0.000219,0.000883,1.7e-05,0.0009,1.0,0.0009
updated,taxonomy,parse_mmseqs_easy_taxonomy_SILVA,1.0.3,58.0,./microbial/210615_391_A1_S1.0.3/mmseqs/splits/058/nuc/parse_mmseqs_easy_taxonomy_SILVA.benchmark.txt,2,0.96,0.73,206.76,0.760417,2.0,0.000533,0.002147,2.4e-05,0.00217,2.0,0.00217
updated,taxonomy,mmseqs_easy_taxonomy_vs_SILVA,1.0.3,58.0,./microbial/210615_391_A1_S1.0.3/mmseqs/splits/058/nuc/mmseqs_easy_taxonomy_vs_SILVA.benchmark.txt,10,370.32,2928.04,11172.2,7.906783,10.0,1.028667,4.140383,0.492309,4.632692,10.0,4.632692
updated,taxonomy,mmseqs_bestmatch_db,1.0.3,49.0,./microbial/210615_391_A1_S1.0.3/mmseqs/splits/049/mmseqs_bestmatch_db.benchmark.txt,1,0.68,0.1,38.98,0.147059,1.0,0.000189,0.00076,3e-06,0.000763,1.0,0.000763
updated,taxonomy,parse_mmseqs_easy_taxonomy_SILVA,1.0.3,49.0,./microbial/210615_391_A1_S1.0.3/mmseqs/splits/049/nuc/parse_mmseqs_easy_taxonomy_SILVA.benchmark.txt,2,1.02,0.91,205.4,0.892157,2.0,0.000567,0.002281,2.5e-05,0.002306,2.0,0.002306
updated,taxonomy,mmseqs_easy_taxonomy_vs_SILVA,1.0.3,49.0,./microbial/210615_391_A1_S1.0.3/mmseqs/splits/049/nuc/mmseqs_easy_taxonomy_vs_SILVA.benchmark.txt,10,331.75,2766.95,11198.66,8.340467,10.0,0.921528,3.709149,0.442078,4.151227,10.0,4.151227
updated,taxonomy,mmseqs_bestmatch_db,1.0.3,157.0,./microbial/210615_391_A1_S1.0.3/mmseqs/splits/157/mmseqs_bestmatch_db.benchmark.txt,1,0.72,0.59,182.66,0.819444,1.0,0.0002,0.000805,1.6e-05,0.000821,1.0,0.000821
updated,taxonomy,parse_mmseqs_easy_taxonomy_SILVA,1.0.3,157.0,./microbial/210615_391_A1_S1.0.3/mmseqs/splits/157/nuc/parse_mmseqs_easy_taxonomy_SILVA.benchmark.txt,2,0.98,0.87,216.52,0.887755,2.0,0.000544,0.002191,2.5e-05,0.002217,2.0,0.002217
updated,taxonomy,mmseqs_easy_taxonomy_vs_SILVA,1.0.3,157.0,./microbial/210615_391_A1_S1.0.3/mmseqs/splits/157/nuc/mmseqs_easy_taxonomy_vs_SILVA.benchmark.txt,10,312.56,2738.8,11142.77,8.762478,10.0,0.868222,3.494594,0.414427,3.909022,10.0,3.909022
updated,taxonomy,mmseqs_bestmatch_db,1.0.3,16.0,./microbial/210615_391_A1_S1.0.3/mmseqs/splits/016/mmseqs_bestmatch_db.benchmark.txt,1,0.71,0.66,188.69,0.929577,1.0,0.000197,0.000794,1.6e-05,0.00081,1.0,0.00081
updated,taxonomy,parse_mmseqs_easy_taxonomy_SILVA,1.0.3,16.0,./microbial/210615_391_A1_S1.0.3/mmseqs/splits/016/nuc/parse_mmseqs_easy_taxonomy_SILVA.benchmark.txt,2,0.86,0.91,226.84,1.05814,2.0,0.000478,0.001923,2.3e-05,0.001946,2.0,0.001946
updated,taxonomy,mmseqs_easy_taxonomy_vs_SILVA,1.0.3,16.0,./microbial/210615_391_A1_S1.0.3/mmseqs/splits/016/nuc/mmseqs_easy_taxonomy_vs_SILVA.benchmark.txt,10,303.25,2830.89,11168.02,9.335169,10.0,0.842361,3.390503,0.402994,3.793497,10.0,3.793497
updated,taxonomy,mmseqs_bestmatch_db,1.0.3,62.0,./microbial/210615_391_A1_S1.0.3/mmseqs/splits/062/mmseqs_bestmatch_db.benchmark.txt,1,0.73,0.58,180.23,0.794521,1.0,0.000203,0.000816,1.6e-05,0.000832,1.0,0.000832
updated,taxonomy,parse_mmseqs_easy_taxonomy_SILVA,1.0.3,62.0,./microbial/210615_391_A1_S1.0.3/mmseqs/splits/062/nuc/parse_mmseqs_easy_taxonomy_SILVA.benchmark.txt,2,0.86,0.96,238.18,1.116279,2.0,0.000478,0.001923,2.4e-05,0.001947,2.0,0.001947
updated,taxonomy,mmseqs_easy_taxonomy_vs_SILVA,1.0.3,62.0,./microbial/210615_391_A1_S1.0.3/mmseqs/splits/062/nuc/mmseqs_easy_taxonomy_vs_SILVA.benchmark.txt,10,326.72,2838.35,11140.03,8.687408,10.0,0.907556,3.652911,0.433096,4.086007,10.0,4.086007
updated,taxonomy,mmseqs_bestmatch_db,1.0.3,32.0,./microbial/210615_391_A1_S1.0.3/mmseqs/splits/032/mmseqs_bestmatch_db.benchmark.txt,1,0.82,0.46,182.99,0.560976,1.0,0.000228,0.000917,1.8e-05,0.000935,1.0,0.000935
updated,taxonomy,parse_mmseqs_easy_taxonomy_SILVA,1.0.3,32.0,./microbial/210615_391_A1_S1.0.3/mmseqs/splits/032/nuc/parse_mmseqs_easy_taxonomy_SILVA.benchmark.txt,2,0.95,0.79,204.39,0.831579,2.0,0.000528,0.002124,2.3e-05,0.002147,2.0,0.002147
updated,taxonomy,mmseqs_easy_taxonomy_vs_SILVA,1.0.3,32.0,./microbial/210615_391_A1_S1.0.3/mmseqs/splits/032/nuc/mmseqs_easy_taxonomy_vs_SILVA.benchmark.txt,10,333.83,3133.47,11182.63,9.386424,10.0,0.927306,3.732405,0.444213,4.176618,10.0,4.176618
updated,taxonomy,mmseqs_bestmatch_db,1.0.3,313.0,./microbial/210615_391_A1_S1.0.3/mmseqs/splits/313/mmseqs_bestmatch_db.benchmark.txt,1,0.74,0.57,198.06,0.77027,1.0,0.000206,0.000827,1.7e-05,0.000845,1.0,0.000845
updated,taxonomy,parse_mmseqs_easy_taxonomy_SILVA,1.0.3,313.0,./microbial/210615_391_A1_S1.0.3/mmseqs/splits/313/nuc/parse_mmseqs_easy_taxonomy_SILVA.benchmark.txt,2,1.14,0.87,191.7,0.763158,2.0,0.000633,0.002549,2.6e-05,0.002575,2.0,0.002575
updated,taxonomy,mmseqs_easy_taxonomy_vs_SILVA,1.0.3,313.0,./microbial/210615_391_A1_S1.0.3/mmseqs/splits/313/nuc/mmseqs_easy_taxonomy_vs_SILVA.benchmark.txt,10,266.96,2222.73,11197.92,8.326079,10.0,0.741556,2.984761,0.355717,3.340479,10.0,3.340479
updated,taxonomy,mmseqs_bestmatch_db,1.0.3,249.0,./microbial/210615_391_A1_S1.0.3/mmseqs/splits/249/mmseqs_bestmatch_db.benchmark.txt,1,2.34,0.41,158.56,0.175214,1.0,0.00065,0.002616,4.4e-05,0.00266,1.0,0.00266
updated,taxonomy,parse_mmseqs_easy_taxonomy_SILVA,1.0.3,249.0,./microbial/210615_391_A1_S1.0.3/mmseqs/splits/249/nuc/parse_mmseqs_easy_taxonomy_SILVA.benchmark.txt,2,1.0,1.04,233.65,1.04,2.0,0.000556,0.002236,2.8e-05,0.002264,2.0,0.002264
updated,taxonomy,mmseqs_easy_taxonomy_vs_SILVA,1.0.3,249.0,./microbial/210615_391_A1_S1.0.3/mmseqs/splits/249/nuc/mmseqs_easy_taxonomy_vs_SILVA.benchmark.txt,10,294.76,2533.2,11138.85,8.59411,10.0,0.818778,3.295581,0.390688,3.686269,10.0,3.686269
updated,taxonomy,mmseqs_bestmatch_db,1.0.3,3.0,./microbial/210615_391_A1_S1.0.3/mmseqs/splits/003/mmseqs_bestmatch_db.benchmark.txt,1,1.01,0.64,205.22,0.633663,1.0,0.000281,0.001129,2.5e-05,0.001154,1.0,0.001154
updated,taxonomy,parse_mmseqs_easy_taxonomy_SILVA,1.0.3,3.0,./microbial/210615_391_A1_S1.0.3/mmseqs/splits/003/nuc/parse_mmseqs_easy_taxonomy_SILVA.benchmark.txt,2,0.74,0.08,42.12,0.108108,2.0,0.000411,0.001655,4e-06,0.001658,2.0,0.001658
updated,taxonomy,mmseqs_easy_taxonomy_vs_SILVA,1.0.3,3.0,./microbial/210615_391_A1_S1.0.3/mmseqs/splits/003/nuc/mmseqs_easy_taxonomy_vs_SILVA.benchmark.txt,10,339.06,3125.34,11130.77,9.217661,10.0,0.941833,3.790879,0.44908,4.239959,10.0,4.239959
updated,taxonomy,mmseqs_bestmatch_db,1.0.3,20.0,./microbial/210615_391_A1_S1.0.3/mmseqs/splits/020/mmseqs_bestmatch_db.benchmark.txt,1,0.79,0.51,185.73,0.64557,1.0,0.000219,0.000883,1.7e-05,0.000901,1.0,0.000901
updated,taxonomy,parse_mmseqs_easy_taxonomy_SILVA,1.0.3,20.0,./microbial/210615_391_A1_S1.0.3/mmseqs/splits/020/nuc/parse_mmseqs_easy_taxonomy_SILVA.benchmark.txt,2,0.82,0.09,38.62,0.109756,2.0,0.000456,0.001834,4e-06,0.001837,2.0,0.001837
updated,taxonomy,mmseqs_easy_taxonomy_vs_SILVA,1.0.3,20.0,./microbial/210615_391_A1_S1.0.3/mmseqs/splits/020/nuc/mmseqs_easy_taxonomy_vs_SILVA.benchmark.txt,10,362.3,3140.47,11167.35,8.668148,10.0,1.006389,4.050715,0.481438,4.532153,10.0,4.532153
updated,taxonomy,mmseqs_bestmatch_db,1.0.3,173.0,./microbial/210615_391_A1_S1.0.3/mmseqs/splits/173/mmseqs_bestmatch_db.benchmark.txt,1,3.52,0.54,170.16,0.153409,1.0,0.000978,0.003936,7.1e-05,0.004007,1.0,0.004007
updated,taxonomy,parse_mmseqs_easy_taxonomy_SILVA,1.0.3,173.0,./microbial/210615_391_A1_S1.0.3/mmseqs/splits/173/nuc/parse_mmseqs_easy_taxonomy_SILVA.benchmark.txt,2,1.18,0.61,178.64,0.516949,2.0,0.000656,0.002639,2.5e-05,0.002664,2.0,0.002664
updated,taxonomy,mmseqs_easy_taxonomy_vs_SILVA,1.0.3,173.0,./microbial/210615_391_A1_S1.0.3/mmseqs/splits/173/nuc/mmseqs_easy_taxonomy_vs_SILVA.benchmark.txt,10,278.0,2452.89,11151.68,8.823345,10.0,0.772222,3.108194,0.368898,3.477093,10.0,3.477093
updated,taxonomy,mmseqs_bestmatch_db,1.0.3,345.0,./microbial/210615_391_A1_S1.0.3/mmseqs/splits/345/mmseqs_bestmatch_db.benchmark.txt,1,0.81,0.45,167.23,0.555556,1.0,0.000225,0.000906,1.6e-05,0.000922,1.0,0.000922
updated,taxonomy,parse_mmseqs_easy_taxonomy_SILVA,1.0.3,345.0,./microbial/210615_391_A1_S1.0.3/mmseqs/splits/345/nuc/parse_mmseqs_easy_taxonomy_SILVA.benchmark.txt,2,0.94,0.81,218.74,0.861702,2.0,0.000522,0.002102,2.4e-05,0.002126,2.0,0.002126
updated,taxonomy,mmseqs_easy_taxonomy_vs_SILVA,1.0.3,345.0,./microbial/210615_391_A1_S1.0.3/mmseqs/splits/345/nuc/mmseqs_easy_taxonomy_vs_SILVA.benchmark.txt,10,327.03,2838.94,11131.4,8.680977,10.0,0.908417,3.656377,0.433171,4.089548,10.0,4.089548
updated,taxonomy,mmseqs_bestmatch_db,1.0.3,333.0,./microbial/210615_391_A1_S1.0.3/mmseqs/splits/333/mmseqs_bestmatch_db.benchmark.txt,1,0.64,0.09,37.25,0.140625,1.0,0.000178,0.000716,3e-06,0.000718,1.0,0.000718
updated,taxonomy,parse_mmseqs_easy_taxonomy_SILVA,1.0.3,333.0,./microbial/210615_391_A1_S1.0.3/mmseqs/splits/333/nuc/parse_mmseqs_easy_taxonomy_SILVA.benchmark.txt,2,0.88,0.93,228.21,1.056818,2.0,0.000489,0.001968,2.4e-05,0.001992,2.0,0.001992
updated,taxonomy,mmseqs_easy_taxonomy_vs_SILVA,1.0.3,333.0,./microbial/210615_391_A1_S1.0.3/mmseqs/splits/333/nuc/mmseqs_easy_taxonomy_vs_SILVA.benchmark.txt,10,290.73,2514.74,11181.75,8.649744,10.0,0.807583,3.250523,0.386831,3.637354,10.0,3.637354
updated,taxonomy,mmseqs_bestmatch_db,1.0.3,222.0,./microbial/210615_391_A1_S1.0.3/mmseqs/splits/222/mmseqs_bestmatch_db.benchmark.txt,1,0.66,0.08,39.91,0.121212,1.0,0.000183,0.000738,3e-06,0.000741,1.0,0.000741
updated,taxonomy,parse_mmseqs_easy_taxonomy_SILVA,1.0.3,222.0,./microbial/210615_391_A1_S1.0.3/mmseqs/splits/222/nuc/parse_mmseqs_easy_taxonomy_SILVA.benchmark.txt,2,1.14,0.78,201.68,0.684211,2.0,0.000633,0.002549,2.7e-05,0.002577,2.0,0.002577
updated,taxonomy,mmseqs_easy_taxonomy_vs_SILVA,1.0.3,222.0,./microbial/210615_391_A1_S1.0.3/mmseqs/splits/222/nuc/mmseqs_easy_taxonomy_vs_SILVA.benchmark.txt,10,282.86,2525.54,11188.87,8.928587,10.0,0.785722,3.162532,0.376599,3.539131,10.0,3.539131
updated,taxonomy,mmseqs_bestmatch_db,1.0.3,227.0,./microbial/210615_391_A1_S1.0.3/mmseqs/splits/227/mmseqs_bestmatch_db.benchmark.txt,1,0.68,0.09,38.02,0.132353,1.0,0.000189,0.00076,3e-06,0.000763,1.0,0.000763
updated,taxonomy,parse_mmseqs_easy_taxonomy_SILVA,1.0.3,227.0,./microbial/210615_391_A1_S1.0.3/mmseqs/splits/227/nuc/parse_mmseqs_easy_taxonomy_SILVA.benchmark.txt,2,1.54,0.9,213.66,0.584416,2.0,0.000856,0.003444,3.9e-05,0.003483,2.0,0.003483
updated,taxonomy,mmseqs_easy_taxonomy_vs_SILVA,1.0.3,227.0,./microbial/210615_391_A1_S1.0.3/mmseqs/splits/227/nuc/mmseqs_easy_taxonomy_vs_SILVA.benchmark.txt,10,273.43,2524.61,11205.11,9.233113,10.0,0.759528,3.057099,0.364572,3.421672,10.0,3.421672
updated,taxonomy,mmseqs_bestmatch_db,1.0.3,180.0,./microbial/210615_391_A1_S1.0.3/mmseqs/splits/180/mmseqs_bestmatch_db.benchmark.txt,1,0.85,0.47,169.74,0.552941,1.0,0.000236,0.00095,1.7e-05,0.000968,1.0,0.000968
updated,taxonomy,parse_mmseqs_easy_taxonomy_SILVA,1.0.3,180.0,./microbial/210615_391_A1_S1.0.3/mmseqs/splits/180/nuc/parse_mmseqs_easy_taxonomy_SILVA.benchmark.txt,2,0.98,0.8,212.27,0.816327,2.0,0.000544,0.002191,2.5e-05,0.002216,2.0,0.002216
updated,taxonomy,mmseqs_easy_taxonomy_vs_SILVA,1.0.3,180.0,./microbial/210615_391_A1_S1.0.3/mmseqs/splits/180/nuc/mmseqs_easy_taxonomy_vs_SILVA.benchmark.txt,10,310.35,2801.98,11177.27,9.028452,10.0,0.862083,3.469885,0.412771,3.882656,10.0,3.882656
updated,taxonomy,mmseqs_bestmatch_db,1.0.3,35.0,./microbial/210615_391_A1_S1.0.3/mmseqs/splits/035/mmseqs_bestmatch_db.benchmark.txt,1,0.96,0.65,184.42,0.677083,1.0,0.000267,0.001073,2.1e-05,0.001094,1.0,0.001094
updated,taxonomy,parse_mmseqs_easy_taxonomy_SILVA,1.0.3,35.0,./microbial/210615_391_A1_S1.0.3/mmseqs/splits/035/nuc/parse_mmseqs_easy_taxonomy_SILVA.benchmark.txt,2,0.9,0.86,226.78,0.955556,2.0,0.0005,0.002012,2.4e-05,0.002037,2.0,0.002037
updated,taxonomy,mmseqs_easy_taxonomy_vs_SILVA,1.0.3,35.0,./microbial/210615_391_A1_S1.0.3/mmseqs/splits/035/nuc/mmseqs_easy_taxonomy_vs_SILVA.benchmark.txt,10,286.28,2531.16,11137.12,8.841554,10.0,0.795222,3.200769,0.37939,3.580159,10.0,3.580159
updated,taxonomy,mmseqs_bestmatch_db,1.0.3,323.0,./microbial/210615_391_A1_S1.0.3/mmseqs/splits/323/mmseqs_bestmatch_db.benchmark.txt,1,0.9,0.64,171.57,0.711111,1.0,0.00025,0.001006,1.8e-05,0.001025,1.0,0.001025
updated,taxonomy,parse_mmseqs_easy_taxonomy_SILVA,1.0.3,323.0,./microbial/210615_391_A1_S1.0.3/mmseqs/splits/323/nuc/parse_mmseqs_easy_taxonomy_SILVA.benchmark.txt,2,0.94,0.98,233.86,1.042553,2.0,0.000522,0.002102,2.6e-05,0.002128,2.0,0.002128
updated,taxonomy,mmseqs_easy_taxonomy_vs_SILVA,1.0.3,323.0,./microbial/210615_391_A1_S1.0.3/mmseqs/splits/323/nuc/mmseqs_easy_taxonomy_vs_SILVA.benchmark.txt,10,293.27,2528.35,11155.57,8.621236,10.0,0.814639,3.278922,0.389297,3.668218,10.0,3.668218
updated,taxonomy,mmseqs_bestmatch_db,1.0.3,320.0,./microbial/210615_391_A1_S1.0.3/mmseqs/splits/320/mmseqs_bestmatch_db.benchmark.txt,1,0.67,0.09,39.77,0.134328,1.0,0.000186,0.000749,3e-06,0.000752,1.0,0.000752
updated,taxonomy,parse_mmseqs_easy_taxonomy_SILVA,1.0.3,320.0,./microbial/210615_391_A1_S1.0.3/mmseqs/splits/320/nuc/parse_mmseqs_easy_taxonomy_SILVA.benchmark.txt,2,0.99,0.71,205.89,0.717172,2.0,0.00055,0.002214,2.4e-05,0.002238,2.0,0.002238
updated,taxonomy,mmseqs_easy_taxonomy_vs_SILVA,1.0.3,320.0,./microbial/210615_391_A1_S1.0.3/mmseqs/splits/320/nuc/mmseqs_easy_taxonomy_vs_SILVA.benchmark.txt,10,323.09,2831.62,11129.73,8.764183,10.0,0.897472,3.612326,0.427888,4.040213,10.0,4.040213
updated,taxonomy,mmseqs_bestmatch_db,1.0.3,57.0,./microbial/210615_391_A1_S1.0.3/mmseqs/splits/057/mmseqs_bestmatch_db.benchmark.txt,1,0.82,0.46,180.83,0.560976,1.0,0.000228,0.000917,1.8e-05,0.000934,1.0,0.000934
updated,taxonomy,parse_mmseqs_easy_taxonomy_SILVA,1.0.3,57.0,./microbial/210615_391_A1_S1.0.3/mmseqs/splits/057/nuc/parse_mmseqs_easy_taxonomy_SILVA.benchmark.txt,2,1.07,0.78,203.65,0.728972,2.0,0.000594,0.002393,2.6e-05,0.002419,2.0,0.002419
updated,taxonomy,mmseqs_easy_taxonomy_vs_SILVA,1.0.3,57.0,./microbial/210615_391_A1_S1.0.3/mmseqs/splits/057/nuc/mmseqs_easy_taxonomy_vs_SILVA.benchmark.txt,10,293.65,2501.48,11176.78,8.518577,10.0,0.815694,3.28317,0.390543,3.673713,10.0,3.673713
updated,taxonomy,mmseqs_bestmatch_db,1.0.3,29.0,./microbial/210615_391_A1_S1.0.3/mmseqs/splits/029/mmseqs_bestmatch_db.benchmark.txt,1,0.86,0.81,179.84,0.94186,1.0,0.000239,0.000962,1.8e-05,0.00098,1.0,0.00098
updated,taxonomy,parse_mmseqs_easy_taxonomy_SILVA,1.0.3,29.0,./microbial/210615_391_A1_S1.0.3/mmseqs/splits/029/nuc/parse_mmseqs_easy_taxonomy_SILVA.benchmark.txt,2,1.1,0.82,207.73,0.745455,2.0,0.000611,0.00246,2.7e-05,0.002487,2.0,0.002487
updated,taxonomy,mmseqs_easy_taxonomy_vs_SILVA,1.0.3,29.0,./microbial/210615_391_A1_S1.0.3/mmseqs/splits/029/nuc/mmseqs_easy_taxonomy_vs_SILVA.benchmark.txt,10,412.58,3664.9,11151.06,8.882883,10.0,1.146056,4.612874,0.547452,5.160325,10.0,5.160325
updated,taxonomy,mmseqs_bestmatch_db,1.0.3,202.0,./microbial/210615_391_A1_S1.0.3/mmseqs/splits/202/mmseqs_bestmatch_db.benchmark.txt,1,0.86,0.58,173.22,0.674419,1.0,0.000239,0.000962,1.8e-05,0.000979,1.0,0.000979
updated,taxonomy,parse_mmseqs_easy_taxonomy_SILVA,1.0.3,202.0,./microbial/210615_391_A1_S1.0.3/mmseqs/splits/202/nuc/parse_mmseqs_easy_taxonomy_SILVA.benchmark.txt,2,0.91,0.91,232.86,1.0,2.0,0.000506,0.002035,2.5e-05,0.00206,2.0,0.00206
updated,taxonomy,mmseqs_easy_taxonomy_vs_SILVA,1.0.3,202.0,./microbial/210615_391_A1_S1.0.3/mmseqs/splits/202/nuc/mmseqs_easy_taxonomy_vs_SILVA.benchmark.txt,10,319.17,2794.76,11152.62,8.756337,10.0,0.886583,3.568498,0.423566,3.992063,10.0,3.992063
updated,taxonomy,mmseqs_bestmatch_db,1.0.3,358.0,./microbial/210615_391_A1_S1.0.3/mmseqs/splits/358/mmseqs_bestmatch_db.benchmark.txt,1,0.9,0.5,180.96,0.555556,1.0,0.00025,0.001006,1.9e-05,0.001026,1.0,0.001026
updated,taxonomy,parse_mmseqs_easy_taxonomy_SILVA,1.0.3,358.0,./microbial/210615_391_A1_S1.0.3/mmseqs/splits/358/nuc/parse_mmseqs_easy_taxonomy_SILVA.benchmark.txt,2,0.95,0.82,222.8,0.863158,2.0,0.000528,0.002124,2.5e-05,0.002149,2.0,0.002149
updated,taxonomy,mmseqs_easy_taxonomy_vs_SILVA,1.0.3,358.0,./microbial/210615_391_A1_S1.0.3/mmseqs/splits/358/nuc/mmseqs_easy_taxonomy_vs_SILVA.benchmark.txt,10,339.63,3139.19,11143.6,9.24297,10.0,0.943417,3.797252,0.450353,4.247605,10.0,4.247605
updated,taxonomy,mmseqs_bestmatch_db,1.0.3,119.0,./microbial/210615_391_A1_S1.0.3/mmseqs/splits/119/mmseqs_bestmatch_db.benchmark.txt,1,0.83,0.56,178.91,0.674699,1.0,0.000231,0.000928,1.8e-05,0.000946,1.0,0.000946
updated,taxonomy,parse_mmseqs_easy_taxonomy_SILVA,1.0.3,119.0,./microbial/210615_391_A1_S1.0.3/mmseqs/splits/119/nuc/parse_mmseqs_easy_taxonomy_SILVA.benchmark.txt,2,0.93,0.98,228.21,1.053763,2.0,0.000517,0.00208,2.5e-05,0.002105,2.0,0.002105
updated,taxonomy,mmseqs_easy_taxonomy_vs_SILVA,1.0.3,119.0,./microbial/210615_391_A1_S1.0.3/mmseqs/splits/119/nuc/mmseqs_easy_taxonomy_vs_SILVA.benchmark.txt,10,279.18,2385.82,11147.27,8.545813,10.0,0.7755,3.121388,0.370318,3.491705,10.0,3.491705
updated,taxonomy,mmseqs_bestmatch_db,1.0.3,44.0,./microbial/210615_391_A1_S1.0.3/mmseqs/splits/044/mmseqs_bestmatch_db.benchmark.txt,1,0.9,0.24,94.04,0.266667,1.0,0.00025,0.001006,1e-05,0.001016,1.0,0.001016
updated,taxonomy,parse_mmseqs_easy_taxonomy_SILVA,1.0.3,44.0,./microbial/210615_391_A1_S1.0.3/mmseqs/splits/044/nuc/parse_mmseqs_easy_taxonomy_SILVA.benchmark.txt,2,0.96,0.86,210.95,0.895833,2.0,0.000533,0.002147,2.4e-05,0.002171,2.0,0.002171
updated,taxonomy,mmseqs_easy_taxonomy_vs_SILVA,1.0.3,44.0,./microbial/210615_391_A1_S1.0.3/mmseqs/splits/044/nuc/mmseqs_easy_taxonomy_vs_SILVA.benchmark.txt,10,256.17,2220.96,11191.99,8.669868,10.0,0.711583,2.864123,0.341159,3.205282,10.0,3.205282
updated,taxonomy,mmseqs_bestmatch_db,1.0.3,301.0,./microbial/210615_391_A1_S1.0.3/mmseqs/splits/301/mmseqs_bestmatch_db.benchmark.txt,1,0.91,0.48,174.43,0.527473,1.0,0.000253,0.001017,1.9e-05,0.001036,1.0,0.001036
updated,taxonomy,parse_mmseqs_easy_taxonomy_SILVA,1.0.3,301.0,./microbial/210615_391_A1_S1.0.3/mmseqs/splits/301/nuc/parse_mmseqs_easy_taxonomy_SILVA.benchmark.txt,2,5.27,0.82,201.49,0.155598,2.0,0.002928,0.011784,0.000126,0.011911,2.0,0.011911
updated,taxonomy,mmseqs_easy_taxonomy_vs_SILVA,1.0.3,301.0,./microbial/210615_391_A1_S1.0.3/mmseqs/splits/301/nuc/mmseqs_easy_taxonomy_vs_SILVA.benchmark.txt,10,279.4,2500.3,11195.62,8.948819,10.0,0.776111,3.123847,0.372217,3.496064,10.0,3.496064
updated,taxonomy,mmseqs_bestmatch_db,1.0.3,232.0,./microbial/210615_391_A1_S1.0.3/mmseqs/splits/232/mmseqs_bestmatch_db.benchmark.txt,1,1.17,0.53,155.16,0.452991,1.0,0.000325,0.001308,2.2e-05,0.00133,1.0,0.00133
updated,taxonomy,parse_mmseqs_easy_taxonomy_SILVA,1.0.3,232.0,./microbial/210615_391_A1_S1.0.3/mmseqs/splits/232/nuc/parse_mmseqs_easy_taxonomy_SILVA.benchmark.txt,2,0.84,0.89,230.55,1.059524,2.0,0.000467,0.001878,2.3e-05,0.001901,2.0,0.001901
updated,taxonomy,mmseqs_easy_taxonomy_vs_SILVA,1.0.3,232.0,./microbial/210615_391_A1_S1.0.3/mmseqs/splits/232/nuc/mmseqs_easy_taxonomy_vs_SILVA.benchmark.txt,10,283.89,2510.75,11176.54,8.844095,10.0,0.788583,3.174048,0.377554,3.551602,10.0,3.551602
updated,taxonomy,mmseqs_bestmatch_db,1.0.3,135.0,./microbial/210615_391_A1_S1.0.3/mmseqs/splits/135/mmseqs_bestmatch_db.benchmark.txt,1,0.91,0.66,171.72,0.725275,1.0,0.000253,0.001017,1.9e-05,0.001036,1.0,0.001036
updated,taxonomy,parse_mmseqs_easy_taxonomy_SILVA,1.0.3,135.0,./microbial/210615_391_A1_S1.0.3/mmseqs/splits/135/nuc/parse_mmseqs_easy_taxonomy_SILVA.benchmark.txt,2,0.95,0.78,207.84,0.821053,2.0,0.000528,0.002124,2.3e-05,0.002148,2.0,0.002148
updated,taxonomy,mmseqs_easy_taxonomy_vs_SILVA,1.0.3,135.0,./microbial/210615_391_A1_S1.0.3/mmseqs/splits/135/nuc/mmseqs_easy_taxonomy_vs_SILVA.benchmark.txt,10,326.22,2827.13,11127.83,8.666329,10.0,0.906167,3.647321,0.431959,4.07928,10.0,4.07928
updated,taxonomy,mmseqs_bestmatch_db,1.0.3,315.0,./microbial/210615_391_A1_S1.0.3/mmseqs/splits/315/mmseqs_bestmatch_db.benchmark.txt,1,0.82,0.57,180.05,0.695122,1.0,0.000228,0.000917,1.8e-05,0.000934,1.0,0.000934
updated,taxonomy,parse_mmseqs_easy_taxonomy_SILVA,1.0.3,315.0,./microbial/210615_391_A1_S1.0.3/mmseqs/splits/315/nuc/parse_mmseqs_easy_taxonomy_SILVA.benchmark.txt,2,0.91,0.88,230.27,0.967033,2.0,0.000506,0.002035,2.5e-05,0.00206,2.0,0.00206
updated,taxonomy,mmseqs_easy_taxonomy_vs_SILVA,1.0.3,315.0,./microbial/210615_391_A1_S1.0.3/mmseqs/splits/315/nuc/mmseqs_easy_taxonomy_vs_SILVA.benchmark.txt,10,271.26,2530.95,11192.59,9.330347,10.0,0.7535,3.032838,0.361275,3.394113,10.0,3.394113
updated,taxonomy,mmseqs_bestmatch_db,1.0.3,266.0,./microbial/210615_391_A1_S1.0.3/mmseqs/splits/266/mmseqs_bestmatch_db.benchmark.txt,1,0.62,0.11,46.06,0.177419,1.0,0.000172,0.000693,3e-06,0.000697,1.0,0.000697
updated,taxonomy,parse_mmseqs_easy_taxonomy_SILVA,1.0.3,266.0,./microbial/210615_391_A1_S1.0.3/mmseqs/splits/266/nuc/parse_mmseqs_easy_taxonomy_SILVA.benchmark.txt,2,0.94,0.97,233.4,1.031915,2.0,0.000522,0.002102,2.6e-05,0.002128,2.0,0.002128
updated,taxonomy,mmseqs_easy_taxonomy_vs_SILVA,1.0.3,266.0,./microbial/210615_391_A1_S1.0.3/mmseqs/splits/266/nuc/mmseqs_easy_taxonomy_vs_SILVA.benchmark.txt,10,295.88,2429.07,11167.22,8.209646,10.0,0.821889,3.308103,0.393172,3.701275,10.0,3.701275
updated,taxonomy,mmseqs_bestmatch_db,1.0.3,155.0,./microbial/210615_391_A1_S1.0.3/mmseqs/splits/155/mmseqs_bestmatch_db.benchmark.txt,1,0.78,0.54,180.41,0.692308,1.0,0.000217,0.000872,1.7e-05,0.000889,1.0,0.000889
updated,taxonomy,parse_mmseqs_easy_taxonomy_SILVA,1.0.3,155.0,./microbial/210615_391_A1_S1.0.3/mmseqs/splits/155/nuc/parse_mmseqs_easy_taxonomy_SILVA.benchmark.txt,2,1.78,1.33,220.91,0.747191,2.0,0.000989,0.00398,4.7e-05,0.004027,2.0,0.004027
updated,taxonomy,mmseqs_easy_taxonomy_vs_SILVA,1.0.3,155.0,./microbial/210615_391_A1_S1.0.3/mmseqs/splits/155/nuc/mmseqs_easy_taxonomy_vs_SILVA.benchmark.txt,10,403.17,3721.63,11139.2,9.23092,10.0,1.119917,4.507665,0.534397,5.042061,10.0,5.042061
updated,taxonomy,mmseqs_bestmatch_db,1.0.3,184.0,./microbial/210615_391_A1_S1.0.3/mmseqs/splits/184/mmseqs_bestmatch_db.benchmark.txt,1,0.85,0.56,181.96,0.658824,1.0,0.000236,0.00095,1.8e-05,0.000969,1.0,0.000969
updated,taxonomy,parse_mmseqs_easy_taxonomy_SILVA,1.0.3,184.0,./microbial/210615_391_A1_S1.0.3/mmseqs/splits/184/nuc/parse_mmseqs_easy_taxonomy_SILVA.benchmark.txt,2,1.16,0.81,193.53,0.698276,2.0,0.000644,0.002594,2.7e-05,0.002621,2.0,0.002621
updated,taxonomy,mmseqs_easy_taxonomy_vs_SILVA,1.0.3,184.0,./microbial/210615_391_A1_S1.0.3/mmseqs/splits/184/nuc/mmseqs_easy_taxonomy_vs_SILVA.benchmark.txt,10,339.05,3172.11,11173.09,9.355877,10.0,0.941806,3.790767,0.450774,4.241541,10.0,4.241541
updated,taxonomy,mmseqs_bestmatch_db,1.0.3,159.0,./microbial/210615_391_A1_S1.0.3/mmseqs/splits/159/mmseqs_bestmatch_db.benchmark.txt,1,0.85,0.51,192.2,0.6,1.0,0.000236,0.00095,1.9e-05,0.00097,1.0,0.00097
updated,taxonomy,parse_mmseqs_easy_taxonomy_SILVA,1.0.3,159.0,./microbial/210615_391_A1_S1.0.3/mmseqs/splits/159/nuc/parse_mmseqs_easy_taxonomy_SILVA.benchmark.txt,2,0.91,0.94,228.67,1.032967,2.0,0.000506,0.002035,2.5e-05,0.00206,2.0,0.00206
updated,taxonomy,mmseqs_easy_taxonomy_vs_SILVA,1.0.3,159.0,./microbial/210615_391_A1_S1.0.3/mmseqs/splits/159/nuc/mmseqs_easy_taxonomy_vs_SILVA.benchmark.txt,10,277.05,2472.4,11161.94,8.924021,10.0,0.769583,3.097573,0.367976,3.465549,10.0,3.465549
updated,taxonomy,mmseqs_bestmatch_db,1.0.3,86.0,./microbial/210615_391_A1_S1.0.3/mmseqs/splits/086/mmseqs_bestmatch_db.benchmark.txt,1,0.8,0.54,181.45,0.675,1.0,0.000222,0.000894,1.7e-05,0.000912,1.0,0.000912
updated,taxonomy,parse_mmseqs_easy_taxonomy_SILVA,1.0.3,86.0,./microbial/210615_391_A1_S1.0.3/mmseqs/splits/086/nuc/parse_mmseqs_easy_taxonomy_SILVA.benchmark.txt,2,0.94,0.93,228.81,0.989362,2.0,0.000522,0.002102,2.6e-05,0.002128,2.0,0.002128
updated,taxonomy,mmseqs_easy_taxonomy_vs_SILVA,1.0.3,86.0,./microbial/210615_391_A1_S1.0.3/mmseqs/splits/086/nuc/mmseqs_easy_taxonomy_vs_SILVA.benchmark.txt,10,267.32,2223.6,11188.38,8.318121,10.0,0.742556,2.988786,0.355894,3.34468,10.0,3.34468
updated,taxonomy,mmseqs_bestmatch_db,1.0.3,101.0,./microbial/210615_391_A1_S1.0.3/mmseqs/splits/101/mmseqs_bestmatch_db.benchmark.txt,1,0.8,0.64,178.95,0.8,1.0,0.000222,0.000894,1.7e-05,0.000911,1.0,0.000911
updated,taxonomy,parse_mmseqs_easy_taxonomy_SILVA,1.0.3,101.0,./microbial/210615_391_A1_S1.0.3/mmseqs/splits/101/nuc/parse_mmseqs_easy_taxonomy_SILVA.benchmark.txt,2,0.91,0.85,221.53,0.934066,2.0,0.000506,0.002035,2.4e-05,0.002059,2.0,0.002059
updated,taxonomy,mmseqs_easy_taxonomy_vs_SILVA,1.0.3,101.0,./microbial/210615_391_A1_S1.0.3/mmseqs/splits/101/nuc/mmseqs_easy_taxonomy_vs_SILVA.benchmark.txt,10,273.83,2503.85,11161.86,9.143812,10.0,0.760639,3.061572,0.363697,3.425268,10.0,3.425268
updated,taxonomy,mmseqs_bestmatch_db,1.0.3,319.0,./microbial/210615_391_A1_S1.0.3/mmseqs/splits/319/mmseqs_bestmatch_db.benchmark.txt,1,1.06,0.32,115.97,0.301887,1.0,0.000294,0.001185,1.5e-05,0.0012,1.0,0.0012
updated,taxonomy,parse_mmseqs_easy_taxonomy_SILVA,1.0.3,319.0,./microbial/210615_391_A1_S1.0.3/mmseqs/splits/319/nuc/parse_mmseqs_easy_taxonomy_SILVA.benchmark.txt,2,0.96,1.0,229.86,1.041667,2.0,0.000533,0.002147,2.6e-05,0.002173,2.0,0.002173
updated,taxonomy,mmseqs_easy_taxonomy_vs_SILVA,1.0.3,319.0,./microbial/210615_391_A1_S1.0.3/mmseqs/splits/319/nuc/mmseqs_easy_taxonomy_vs_SILVA.benchmark.txt,10,291.88,2518.43,11176.08,8.628306,10.0,0.810778,3.263381,0.388164,3.651545,10.0,3.651545
updated,taxonomy,mmseqs_bestmatch_db,1.0.3,211.0,./microbial/210615_391_A1_S1.0.3/mmseqs/splits/211/mmseqs_bestmatch_db.benchmark.txt,1,0.89,0.49,168.52,0.550562,1.0,0.000247,0.000995,1.8e-05,0.001013,1.0,0.001013
updated,taxonomy,parse_mmseqs_easy_taxonomy_SILVA,1.0.3,211.0,./microbial/210615_391_A1_S1.0.3/mmseqs/splits/211/nuc/parse_mmseqs_easy_taxonomy_SILVA.benchmark.txt,2,1.28,0.54,180.6,0.421875,2.0,0.000711,0.002862,2.8e-05,0.00289,2.0,0.00289
updated,taxonomy,mmseqs_easy_taxonomy_vs_SILVA,1.0.3,211.0,./microbial/210615_391_A1_S1.0.3/mmseqs/splits/211/nuc/mmseqs_easy_taxonomy_vs_SILVA.benchmark.txt,10,329.87,2846.05,11134.72,8.627793,10.0,0.916306,3.68813,0.437063,4.125193,10.0,4.125193
updated,taxonomy,mmseqs_bestmatch_db,1.0.3,257.0,./microbial/210615_391_A1_S1.0.3/mmseqs/splits/257/mmseqs_bestmatch_db.benchmark.txt,1,0.97,0.6,177.38,0.618557,1.0,0.000269,0.001085,2e-05,0.001105,1.0,0.001105
updated,taxonomy,parse_mmseqs_easy_taxonomy_SILVA,1.0.3,257.0,./microbial/210615_391_A1_S1.0.3/mmseqs/splits/257/nuc/parse_mmseqs_easy_taxonomy_SILVA.benchmark.txt,2,0.92,1.0,232.45,1.086957,2.0,0.000511,0.002057,2.5e-05,0.002083,2.0,0.002083
updated,taxonomy,mmseqs_easy_taxonomy_vs_SILVA,1.0.3,257.0,./microbial/210615_391_A1_S1.0.3/mmseqs/splits/257/nuc/mmseqs_easy_taxonomy_vs_SILVA.benchmark.txt,10,330.54,2758.73,11175.37,8.346131,10.0,0.918167,3.695621,0.439549,4.13517,10.0,4.13517
updated,taxonomy,mmseqs_bestmatch_db,1.0.3,217.0,./microbial/210615_391_A1_S1.0.3/mmseqs/splits/217/mmseqs_bestmatch_db.benchmark.txt,1,0.8,0.64,179.14,0.8,1.0,0.000222,0.000894,1.7e-05,0.000911,1.0,0.000911
updated,taxonomy,parse_mmseqs_easy_taxonomy_SILVA,1.0.3,217.0,./microbial/210615_391_A1_S1.0.3/mmseqs/splits/217/nuc/parse_mmseqs_easy_taxonomy_SILVA.benchmark.txt,2,1.14,1.07,217.05,0.938596,2.0,0.000633,0.002549,2.9e-05,0.002579,2.0,0.002579
updated,taxonomy,mmseqs_easy_taxonomy_vs_SILVA,1.0.3,217.0,./microbial/210615_391_A1_S1.0.3/mmseqs/splits/217/nuc/mmseqs_easy_taxonomy_vs_SILVA.benchmark.txt,10,269.95,2477.8,11186.87,9.178737,10.0,0.749861,3.018191,0.359347,3.377538,10.0,3.377538
updated,taxonomy,mmseqs_bestmatch_db,1.0.3,274.0,./microbial/210615_391_A1_S1.0.3/mmseqs/splits/274/mmseqs_bestmatch_db.benchmark.txt,1,0.62,0.08,37.75,0.129032,1.0,0.000172,0.000693,3e-06,0.000696,1.0,0.000696
updated,taxonomy,parse_mmseqs_easy_taxonomy_SILVA,1.0.3,274.0,./microbial/210615_391_A1_S1.0.3/mmseqs/splits/274/nuc/parse_mmseqs_easy_taxonomy_SILVA.benchmark.txt,2,2.55,0.79,197.13,0.309804,2.0,0.001417,0.005702,6e-05,0.005762,2.0,0.005762
updated,taxonomy,mmseqs_easy_taxonomy_vs_SILVA,1.0.3,274.0,./microbial/210615_391_A1_S1.0.3/mmseqs/splits/274/nuc/mmseqs_easy_taxonomy_vs_SILVA.benchmark.txt,10,268.33,2192.69,11166.46,8.171617,10.0,0.745361,3.000078,0.356538,3.356617,10.0,3.356617
updated,taxonomy,mmseqs_bestmatch_db,1.0.3,225.0,./microbial/210615_391_A1_S1.0.3/mmseqs/splits/225/mmseqs_bestmatch_db.benchmark.txt,1,0.87,0.5,190.61,0.574713,1.0,0.000242,0.000973,2e-05,0.000992,1.0,0.000992
updated,taxonomy,parse_mmseqs_easy_taxonomy_SILVA,1.0.3,225.0,./microbial/210615_391_A1_S1.0.3/mmseqs/splits/225/nuc/parse_mmseqs_easy_taxonomy_SILVA.benchmark.txt,2,0.99,0.73,206.28,0.737374,2.0,0.00055,0.002214,2.4e-05,0.002238,2.0,0.002238
updated,taxonomy,mmseqs_easy_taxonomy_vs_SILVA,1.0.3,225.0,./microbial/210615_391_A1_S1.0.3/mmseqs/splits/225/nuc/mmseqs_easy_taxonomy_vs_SILVA.benchmark.txt,10,284.62,2506.93,11181.66,8.80799,10.0,0.790611,3.18221,0.378698,3.560908,10.0,3.560908
updated,taxonomy,mmseqs_bestmatch_db,1.0.3,19.0,./microbial/210615_391_A1_S1.0.3/mmseqs/splits/019/mmseqs_bestmatch_db.benchmark.txt,1,0.75,0.65,181.67,0.866667,1.0,0.000208,0.000839,1.6e-05,0.000855,1.0,0.000855
updated,taxonomy,parse_mmseqs_easy_taxonomy_SILVA,1.0.3,19.0,./microbial/210615_391_A1_S1.0.3/mmseqs/splits/019/nuc/parse_mmseqs_easy_taxonomy_SILVA.benchmark.txt,2,1.42,0.54,158.14,0.380282,2.0,0.000789,0.003175,2.7e-05,0.003202,2.0,0.003202
updated,taxonomy,mmseqs_easy_taxonomy_vs_SILVA,1.0.3,19.0,./microbial/210615_391_A1_S1.0.3/mmseqs/splits/019/nuc/mmseqs_easy_taxonomy_vs_SILVA.benchmark.txt,10,282.87,2515.73,11165.76,8.893591,10.0,0.78575,3.162644,0.375835,3.538478,10.0,3.538478
updated,taxonomy,mmseqs_bestmatch_db,1.0.3,123.0,./microbial/210615_391_A1_S1.0.3/mmseqs/splits/123/mmseqs_bestmatch_db.benchmark.txt,1,1.56,0.48,160.09,0.307692,1.0,0.000433,0.001744,3e-05,0.001774,1.0,0.001774
updated,taxonomy,parse_mmseqs_easy_taxonomy_SILVA,1.0.3,123.0,./microbial/210615_391_A1_S1.0.3/mmseqs/splits/123/nuc/parse_mmseqs_easy_taxonomy_SILVA.benchmark.txt,2,0.92,0.91,231.61,0.98913,2.0,0.000511,0.002057,2.5e-05,0.002083,2.0,0.002083
updated,taxonomy,mmseqs_easy_taxonomy_vs_SILVA,1.0.3,123.0,./microbial/210615_391_A1_S1.0.3/mmseqs/splits/123/nuc/mmseqs_easy_taxonomy_vs_SILVA.benchmark.txt,10,307.56,2787.54,11180.5,9.063402,10.0,0.854333,3.438692,0.409178,3.84787,10.0,3.84787
updated,taxonomy,mmseqs_bestmatch_db,1.0.3,52.0,./microbial/210615_391_A1_S1.0.3/mmseqs/splits/052/mmseqs_bestmatch_db.benchmark.txt,1,0.73,0.58,188.13,0.794521,1.0,0.000203,0.000816,1.6e-05,0.000833,1.0,0.000833
updated,taxonomy,parse_mmseqs_easy_taxonomy_SILVA,1.0.3,52.0,./microbial/210615_391_A1_S1.0.3/mmseqs/splits/052/nuc/parse_mmseqs_easy_taxonomy_SILVA.benchmark.txt,2,0.97,0.83,212.07,0.85567,2.0,0.000539,0.002169,2.4e-05,0.002194,2.0,0.002194
updated,taxonomy,mmseqs_easy_taxonomy_vs_SILVA,1.0.3,52.0,./microbial/210615_391_A1_S1.0.3/mmseqs/splits/052/nuc/mmseqs_easy_taxonomy_vs_SILVA.benchmark.txt,10,296.93,2514.2,11174.0,8.467316,10.0,0.824806,3.319842,0.394807,3.714649,10.0,3.714649
updated,taxonomy,mmseqs_bestmatch_db,1.0.3,203.0,./microbial/210615_391_A1_S1.0.3/mmseqs/splits/203/mmseqs_bestmatch_db.benchmark.txt,1,0.97,0.57,170.73,0.587629,1.0,0.000269,0.001085,2e-05,0.001104,1.0,0.001104
updated,taxonomy,parse_mmseqs_easy_taxonomy_SILVA,1.0.3,203.0,./microbial/210615_391_A1_S1.0.3/mmseqs/splits/203/nuc/parse_mmseqs_easy_taxonomy_SILVA.benchmark.txt,2,1.35,0.43,153.98,0.318519,2.0,0.00075,0.003019,2.5e-05,0.003043,2.0,0.003043
updated,taxonomy,mmseqs_easy_taxonomy_vs_SILVA,1.0.3,203.0,./microbial/210615_391_A1_S1.0.3/mmseqs/splits/203/nuc/mmseqs_easy_taxonomy_vs_SILVA.benchmark.txt,10,271.69,2529.86,11177.13,9.311568,10.0,0.754694,3.037645,0.361348,3.398993,10.0,3.398993
updated,taxonomy,mmseqs_bestmatch_db,1.0.3,325.0,./microbial/210615_391_A1_S1.0.3/mmseqs/splits/325/mmseqs_bestmatch_db.benchmark.txt,1,0.9,0.55,171.93,0.611111,1.0,0.00025,0.001006,1.8e-05,0.001025,1.0,0.001025
updated,taxonomy,parse_mmseqs_easy_taxonomy_SILVA,1.0.3,325.0,./microbial/210615_391_A1_S1.0.3/mmseqs/splits/325/nuc/parse_mmseqs_easy_taxonomy_SILVA.benchmark.txt,2,0.85,0.66,173.35,0.776471,2.0,0.000472,0.001901,1.8e-05,0.001918,2.0,0.001918
updated,taxonomy,mmseqs_easy_taxonomy_vs_SILVA,1.0.3,325.0,./microbial/210615_391_A1_S1.0.3/mmseqs/splits/325/nuc/mmseqs_easy_taxonomy_vs_SILVA.benchmark.txt,10,275.94,2515.72,11159.65,9.116909,10.0,0.7665,3.085162,0.366426,3.451589,10.0,3.451589
updated,taxonomy,mmseqs_bestmatch_db,1.0.3,106.0,./microbial/210615_391_A1_S1.0.3/mmseqs/splits/106/mmseqs_bestmatch_db.benchmark.txt,1,0.81,0.88,178.66,1.08642,1.08642,0.000244,0.000984,1.7e-05,0.001001,1.08642,0.001001
updated,taxonomy,parse_mmseqs_easy_taxonomy_SILVA,1.0.3,106.0,./microbial/210615_391_A1_S1.0.3/mmseqs/splits/106/nuc/parse_mmseqs_easy_taxonomy_SILVA.benchmark.txt,2,0.86,0.97,238.54,1.127907,2.0,0.000478,0.001923,2.4e-05,0.001947,2.0,0.001947
updated,taxonomy,mmseqs_easy_taxonomy_vs_SILVA,1.0.3,106.0,./microbial/210615_391_A1_S1.0.3/mmseqs/splits/106/nuc/mmseqs_easy_taxonomy_vs_SILVA.benchmark.txt,10,275.96,2511.72,11155.83,9.101754,10.0,0.766556,3.085386,0.366328,3.451714,10.0,3.451714
updated,taxonomy,mmseqs_bestmatch_db,1.0.3,200.0,./microbial/210615_391_A1_S1.0.3/mmseqs/splits/200/mmseqs_bestmatch_db.benchmark.txt,1,0.76,0.55,176.41,0.723684,1.0,0.000211,0.00085,1.6e-05,0.000866,1.0,0.000866
updated,taxonomy,parse_mmseqs_easy_taxonomy_SILVA,1.0.3,200.0,./microbial/210615_391_A1_S1.0.3/mmseqs/splits/200/nuc/parse_mmseqs_easy_taxonomy_SILVA.benchmark.txt,2,0.93,0.81,215.36,0.870968,2.0,0.000517,0.00208,2.4e-05,0.002103,2.0,0.002103
updated,taxonomy,mmseqs_easy_taxonomy_vs_SILVA,1.0.3,200.0,./microbial/210615_391_A1_S1.0.3/mmseqs/splits/200/nuc/mmseqs_easy_taxonomy_vs_SILVA.benchmark.txt,10,273.97,2492.36,11192.18,9.0972,10.0,0.761028,3.063137,0.364871,3.428008,10.0,3.428008
updated,taxonomy,mmseqs_bestmatch_db,1.0.3,30.0,./microbial/210615_391_A1_S1.0.3/mmseqs/splits/030/mmseqs_bestmatch_db.benchmark.txt,1,0.63,0.08,36.62,0.126984,1.0,0.000175,0.000704,3e-06,0.000707,1.0,0.000707
updated,taxonomy,parse_mmseqs_easy_taxonomy_SILVA,1.0.3,30.0,./microbial/210615_391_A1_S1.0.3/mmseqs/splits/030/nuc/parse_mmseqs_easy_taxonomy_SILVA.benchmark.txt,2,0.95,0.88,213.14,0.926316,2.0,0.000528,0.002124,2.4e-05,0.002148,2.0,0.002148
updated,taxonomy,mmseqs_easy_taxonomy_vs_SILVA,1.0.3,30.0,./microbial/210615_391_A1_S1.0.3/mmseqs/splits/030/nuc/mmseqs_easy_taxonomy_vs_SILVA.benchmark.txt,10,286.57,2505.42,11181.42,8.742785,10.0,0.796028,3.204012,0.381285,3.585296,10.0,3.585296
updated,taxonomy,mmseqs_bestmatch_db,1.0.3,107.0,./microbial/210615_391_A1_S1.0.3/mmseqs/splits/107/mmseqs_bestmatch_db.benchmark.txt,1,0.64,0.09,39.98,0.140625,1.0,0.000178,0.000716,3e-06,0.000719,1.0,0.000719
updated,taxonomy,parse_mmseqs_easy_taxonomy_SILVA,1.0.3,107.0,./microbial/210615_391_A1_S1.0.3/mmseqs/splits/107/nuc/parse_mmseqs_easy_taxonomy_SILVA.benchmark.txt,2,0.92,0.96,231.76,1.043478,2.0,0.000511,0.002057,2.5e-05,0.002083,2.0,0.002083
updated,taxonomy,mmseqs_easy_taxonomy_vs_SILVA,1.0.3,107.0,./microbial/210615_391_A1_S1.0.3/mmseqs/splits/107/nuc/mmseqs_easy_taxonomy_vs_SILVA.benchmark.txt,10,305.0,2802.36,11166.32,9.188066,10.0,0.847222,3.410069,0.405258,3.815327,10.0,3.815327
updated,taxonomy,mmseqs_bestmatch_db,1.0.3,339.0,./microbial/210615_391_A1_S1.0.3/mmseqs/splits/339/mmseqs_bestmatch_db.benchmark.txt,1,0.68,0.09,37.88,0.132353,1.0,0.000189,0.00076,3e-06,0.000763,1.0,0.000763
updated,taxonomy,parse_mmseqs_easy_taxonomy_SILVA,1.0.3,339.0,./microbial/210615_391_A1_S1.0.3/mmseqs/splits/339/nuc/parse_mmseqs_easy_taxonomy_SILVA.benchmark.txt,2,0.89,0.1,40.35,0.11236,2.0,0.000494,0.00199,4e-06,0.001994,2.0,0.001994
updated,taxonomy,mmseqs_easy_taxonomy_vs_SILVA,1.0.3,339.0,./microbial/210615_391_A1_S1.0.3/mmseqs/splits/339/nuc/mmseqs_easy_taxonomy_vs_SILVA.benchmark.txt,10,286.14,2516.52,11145.8,8.794716,10.0,0.794833,3.199204,0.3795,3.578704,10.0,3.578704
updated,taxonomy,mmseqs_bestmatch_db,1.0.3,91.0,./microbial/210615_391_A1_S1.0.3/mmseqs/splits/091/mmseqs_bestmatch_db.benchmark.txt,1,0.74,0.58,184.96,0.783784,1.0,0.000206,0.000827,1.6e-05,0.000844,1.0,0.000844
updated,taxonomy,parse_mmseqs_easy_taxonomy_SILVA,1.0.3,91.0,./microbial/210615_391_A1_S1.0.3/mmseqs/splits/091/nuc/parse_mmseqs_easy_taxonomy_SILVA.benchmark.txt,2,1.23,0.84,188.77,0.682927,2.0,0.000683,0.00275,2.8e-05,0.002778,2.0,0.002778
updated,taxonomy,mmseqs_easy_taxonomy_vs_SILVA,1.0.3,91.0,./microbial/210615_391_A1_S1.0.3/mmseqs/splits/091/nuc/mmseqs_easy_taxonomy_vs_SILVA.benchmark.txt,10,343.73,3108.89,11169.07,9.04457,10.0,0.954806,3.843092,0.456832,4.299924,10.0,4.299924
updated,taxonomy,mmseqs_bestmatch_db,1.0.3,275.0,./microbial/210615_391_A1_S1.0.3/mmseqs/splits/275/mmseqs_bestmatch_db.benchmark.txt,1,0.87,0.36,119.85,0.413793,1.0,0.000242,0.000973,1.2e-05,0.000985,1.0,0.000985
updated,taxonomy,parse_mmseqs_easy_taxonomy_SILVA,1.0.3,275.0,./microbial/210615_391_A1_S1.0.3/mmseqs/splits/275/nuc/parse_mmseqs_easy_taxonomy_SILVA.benchmark.txt,2,3.57,1.12,196.35,0.313725,2.0,0.001983,0.007983,8.3e-05,0.008066,2.0,0.008066
updated,taxonomy,mmseqs_easy_taxonomy_vs_SILVA,1.0.3,275.0,./microbial/210615_391_A1_S1.0.3/mmseqs/splits/275/nuc/mmseqs_easy_taxonomy_vs_SILVA.benchmark.txt,10,280.6,2481.52,11195.31,8.843621,10.0,0.779444,3.137264,0.373805,3.511069,10.0,3.511069
updated,taxonomy,mmseqs_bestmatch_db,1.0.3,80.0,./microbial/210615_391_A1_S1.0.3/mmseqs/splits/080/mmseqs_bestmatch_db.benchmark.txt,1,0.76,0.61,184.52,0.802632,1.0,0.000211,0.00085,1.7e-05,0.000866,1.0,0.000866
updated,taxonomy,parse_mmseqs_easy_taxonomy_SILVA,1.0.3,80.0,./microbial/210615_391_A1_S1.0.3/mmseqs/splits/080/nuc/parse_mmseqs_easy_taxonomy_SILVA.benchmark.txt,2,0.98,0.79,210.03,0.806122,2.0,0.000544,0.002191,2.4e-05,0.002216,2.0,0.002216
updated,taxonomy,mmseqs_easy_taxonomy_vs_SILVA,1.0.3,80.0,./microbial/210615_391_A1_S1.0.3/mmseqs/splits/080/nuc/mmseqs_easy_taxonomy_vs_SILVA.benchmark.txt,10,269.05,2513.44,11189.46,9.341907,10.0,0.747361,3.008128,0.358231,3.36636,10.0,3.36636
updated,taxonomy,mmseqs_bestmatch_db,1.0.3,192.0,./microbial/210615_391_A1_S1.0.3/mmseqs/splits/192/mmseqs_bestmatch_db.benchmark.txt,1,1.85,0.3,75.26,0.162162,1.0,0.000514,0.002068,1.7e-05,0.002085,1.0,0.002085
updated,taxonomy,parse_mmseqs_easy_taxonomy_SILVA,1.0.3,192.0,./microbial/210615_391_A1_S1.0.3/mmseqs/splits/192/nuc/parse_mmseqs_easy_taxonomy_SILVA.benchmark.txt,2,1.07,0.67,194.89,0.626168,2.0,0.000594,0.002393,2.5e-05,0.002417,2.0,0.002417
updated,taxonomy,mmseqs_easy_taxonomy_vs_SILVA,1.0.3,192.0,./microbial/210615_391_A1_S1.0.3/mmseqs/splits/192/nuc/mmseqs_easy_taxonomy_vs_SILVA.benchmark.txt,10,315.18,2790.66,11157.63,8.854179,10.0,0.8755,3.523888,0.418458,3.942346,10.0,3.942346
updated,taxonomy,mmseqs_bestmatch_db,1.0.3,280.0,./microbial/210615_391_A1_S1.0.3/mmseqs/splits/280/mmseqs_bestmatch_db.benchmark.txt,1,0.66,0.09,38.29,0.136364,1.0,0.000183,0.000738,3e-06,0.000741,1.0,0.000741
updated,taxonomy,parse_mmseqs_easy_taxonomy_SILVA,1.0.3,280.0,./microbial/210615_391_A1_S1.0.3/mmseqs/splits/280/nuc/parse_mmseqs_easy_taxonomy_SILVA.benchmark.txt,2,1.14,0.79,192.56,0.692982,2.0,0.000633,0.002549,2.6e-05,0.002575,2.0,0.002575
updated,taxonomy,mmseqs_easy_taxonomy_vs_SILVA,1.0.3,280.0,./microbial/210615_391_A1_S1.0.3/mmseqs/splits/280/nuc/mmseqs_easy_taxonomy_vs_SILVA.benchmark.txt,10,313.1,2837.83,11125.11,9.063654,10.0,0.869722,3.500632,0.414485,3.915117,10.0,3.915117
updated,taxonomy,mmseqs_bestmatch_db,1.0.3,1.0,./microbial/210615_391_A1_S1.0.3/mmseqs/splits/001/mmseqs_bestmatch_db.benchmark.txt,1,0.81,0.64,227.86,0.790123,1.0,0.000225,0.000906,2.2e-05,0.000928,1.0,0.000928
updated,taxonomy,parse_mmseqs_easy_taxonomy_SILVA,1.0.3,1.0,./microbial/210615_391_A1_S1.0.3/mmseqs/splits/001/nuc/parse_mmseqs_easy_taxonomy_SILVA.benchmark.txt,2,2.69,0.97,210.19,0.360595,2.0,0.001494,0.006015,6.7e-05,0.006082,2.0,0.006082
updated,taxonomy,mmseqs_easy_taxonomy_vs_SILVA,1.0.3,1.0,./microbial/210615_391_A1_S1.0.3/mmseqs/splits/001/nuc/mmseqs_easy_taxonomy_vs_SILVA.benchmark.txt,10,361.44,3187.22,11154.79,8.818116,10.0,1.004,4.0411,0.479755,4.520855,10.0,4.520855
updated,taxonomy,mmseqs_bestmatch_db,1.0.3,264.0,./microbial/210615_391_A1_S1.0.3/mmseqs/splits/264/mmseqs_bestmatch_db.benchmark.txt,1,1.02,0.53,139.92,0.519608,1.0,0.000283,0.00114,1.7e-05,0.001157,1.0,0.001157
updated,taxonomy,parse_mmseqs_easy_taxonomy_SILVA,1.0.3,264.0,./microbial/210615_391_A1_S1.0.3/mmseqs/splits/264/nuc/parse_mmseqs_easy_taxonomy_SILVA.benchmark.txt,2,0.86,0.87,237.85,1.011628,2.0,0.000478,0.001923,2.4e-05,0.001947,2.0,0.001947
updated,taxonomy,mmseqs_easy_taxonomy_vs_SILVA,1.0.3,264.0,./microbial/210615_391_A1_S1.0.3/mmseqs/splits/264/nuc/mmseqs_easy_taxonomy_vs_SILVA.benchmark.txt,10,342.58,3116.29,11175.55,9.096532,10.0,0.951611,3.830235,0.455567,4.285802,10.0,4.285802
updated,taxonomy,mmseqs_bestmatch_db,1.0.3,253.0,./microbial/210615_391_A1_S1.0.3/mmseqs/splits/253/mmseqs_bestmatch_db.benchmark.txt,1,0.71,0.09,37.86,0.126761,1.0,0.000197,0.000794,3e-06,0.000797,1.0,0.000797
updated,taxonomy,parse_mmseqs_easy_taxonomy_SILVA,1.0.3,253.0,./microbial/210615_391_A1_S1.0.3/mmseqs/splits/253/nuc/parse_mmseqs_easy_taxonomy_SILVA.benchmark.txt,2,0.89,0.99,232.71,1.11236,2.0,0.000494,0.00199,2.5e-05,0.002015,2.0,0.002015
updated,taxonomy,mmseqs_easy_taxonomy_vs_SILVA,1.0.3,253.0,./microbial/210615_391_A1_S1.0.3/mmseqs/splits/253/nuc/mmseqs_easy_taxonomy_vs_SILVA.benchmark.txt,10,276.54,2500.29,11180.61,9.041332,10.0,0.768167,3.091871,0.367913,3.459784,10.0,3.459784
updated,taxonomy,mmseqs_bestmatch_db,1.0.3,221.0,./microbial/210615_391_A1_S1.0.3/mmseqs/splits/221/mmseqs_bestmatch_db.benchmark.txt,1,0.73,0.56,176.96,0.767123,1.0,0.000203,0.000816,1.5e-05,0.000832,1.0,0.000832
updated,taxonomy,parse_mmseqs_easy_taxonomy_SILVA,1.0.3,221.0,./microbial/210615_391_A1_S1.0.3/mmseqs/splits/221/nuc/parse_mmseqs_easy_taxonomy_SILVA.benchmark.txt,2,1.11,1.12,222.3,1.009009,2.0,0.000617,0.002482,2.9e-05,0.002511,2.0,0.002511
updated,taxonomy,mmseqs_easy_taxonomy_vs_SILVA,1.0.3,221.0,./microbial/210615_391_A1_S1.0.3/mmseqs/splits/221/nuc/mmseqs_easy_taxonomy_vs_SILVA.benchmark.txt,10,271.39,2511.93,11182.89,9.255794,10.0,0.753861,3.034291,0.361135,3.395426,10.0,3.395426
updated,taxonomy,mmseqs_bestmatch_db,1.0.3,220.0,./microbial/210615_391_A1_S1.0.3/mmseqs/splits/220/mmseqs_bestmatch_db.benchmark.txt,1,0.68,0.1,38.24,0.147059,1.0,0.000189,0.00076,3e-06,0.000763,1.0,0.000763
updated,taxonomy,parse_mmseqs_easy_taxonomy_SILVA,1.0.3,220.0,./microbial/210615_391_A1_S1.0.3/mmseqs/splits/220/nuc/parse_mmseqs_easy_taxonomy_SILVA.benchmark.txt,2,1.06,0.6,197.37,0.566038,2.0,0.000589,0.00237,2.5e-05,0.002395,2.0,0.002395
updated,taxonomy,mmseqs_easy_taxonomy_vs_SILVA,1.0.3,220.0,./microbial/210615_391_A1_S1.0.3/mmseqs/splits/220/nuc/mmseqs_easy_taxonomy_vs_SILVA.benchmark.txt,10,308.66,2804.89,11166.22,9.087313,10.0,0.857389,3.45099,0.410117,3.861108,10.0,3.861108
updated,taxonomy,mmseqs_bestmatch_db,1.0.3,197.0,./microbial/210615_391_A1_S1.0.3/mmseqs/splits/197/mmseqs_bestmatch_db.benchmark.txt,1,0.72,0.11,42.16,0.152778,1.0,0.0002,0.000805,4e-06,0.000809,1.0,0.000809
updated,taxonomy,parse_mmseqs_easy_taxonomy_SILVA,1.0.3,197.0,./microbial/210615_391_A1_S1.0.3/mmseqs/splits/197/nuc/parse_mmseqs_easy_taxonomy_SILVA.benchmark.txt,2,0.85,0.83,231.33,0.976471,2.0,0.000472,0.001901,2.3e-05,0.001924,2.0,0.001924
updated,taxonomy,mmseqs_easy_taxonomy_vs_SILVA,1.0.3,197.0,./microbial/210615_391_A1_S1.0.3/mmseqs/splits/197/nuc/mmseqs_easy_taxonomy_vs_SILVA.benchmark.txt,10,289.6,2498.13,11124.79,8.62614,10.0,0.804444,3.237889,0.383365,3.621253,10.0,3.621253
updated,taxonomy,mmseqs_bestmatch_db,1.0.3,164.0,./microbial/210615_391_A1_S1.0.3/mmseqs/splits/164/mmseqs_bestmatch_db.benchmark.txt,1,2.07,0.53,171.03,0.256039,1.0,0.000575,0.002314,4.2e-05,0.002357,1.0,0.002357
updated,taxonomy,parse_mmseqs_easy_taxonomy_SILVA,1.0.3,164.0,./microbial/210615_391_A1_S1.0.3/mmseqs/splits/164/nuc/parse_mmseqs_easy_taxonomy_SILVA.benchmark.txt,2,0.91,0.9,222.64,0.989011,2.0,0.000506,0.002035,2.4e-05,0.002059,2.0,0.002059
updated,taxonomy,mmseqs_easy_taxonomy_vs_SILVA,1.0.3,164.0,./microbial/210615_391_A1_S1.0.3/mmseqs/splits/164/nuc/mmseqs_easy_taxonomy_vs_SILVA.benchmark.txt,10,282.96,2479.97,11165.52,8.764384,10.0,0.786,3.16365,0.375946,3.539596,10.0,3.539596
updated,taxonomy,mmseqs_bestmatch_db,1.0.3,95.0,./microbial/210615_391_A1_S1.0.3/mmseqs/splits/095/mmseqs_bestmatch_db.benchmark.txt,1,0.72,0.09,37.67,0.125,1.0,0.0002,0.000805,3e-06,0.000808,1.0,0.000808
updated,taxonomy,parse_mmseqs_easy_taxonomy_SILVA,1.0.3,95.0,./microbial/210615_391_A1_S1.0.3/mmseqs/splits/095/nuc/parse_mmseqs_easy_taxonomy_SILVA.benchmark.txt,2,0.9,0.82,222.56,0.911111,2.0,0.0005,0.002012,2.4e-05,0.002036,2.0,0.002036
updated,taxonomy,mmseqs_easy_taxonomy_vs_SILVA,1.0.3,95.0,./microbial/210615_391_A1_S1.0.3/mmseqs/splits/095/nuc/mmseqs_easy_taxonomy_vs_SILVA.benchmark.txt,10,283.44,2516.89,11181.3,8.879798,10.0,0.787333,3.169017,0.377116,3.546133,10.0,3.546133
updated,taxonomy,mmseqs_bestmatch_db,1.0.3,231.0,./microbial/210615_391_A1_S1.0.3/mmseqs/splits/231/mmseqs_bestmatch_db.benchmark.txt,1,0.82,0.81,166.19,0.987805,1.0,0.000228,0.000917,1.6e-05,0.000933,1.0,0.000933
updated,taxonomy,parse_mmseqs_easy_taxonomy_SILVA,1.0.3,231.0,./microbial/210615_391_A1_S1.0.3/mmseqs/splits/231/nuc/parse_mmseqs_easy_taxonomy_SILVA.benchmark.txt,2,2.42,0.7,133.15,0.289256,2.0,0.001344,0.005411,3.8e-05,0.00545,2.0,0.00545
updated,taxonomy,mmseqs_easy_taxonomy_vs_SILVA,1.0.3,231.0,./microbial/210615_391_A1_S1.0.3/mmseqs/splits/231/nuc/mmseqs_easy_taxonomy_vs_SILVA.benchmark.txt,10,270.91,2527.37,11141.98,9.329187,10.0,0.752528,3.028924,0.359177,3.388102,10.0,3.388102
updated,taxonomy,mmseqs_bestmatch_db,1.0.3,56.0,./microbial/210615_391_A1_S1.0.3/mmseqs/splits/056/mmseqs_bestmatch_db.benchmark.txt,1,0.85,0.43,166.14,0.505882,1.0,0.000236,0.00095,1.7e-05,0.000967,1.0,0.000967
updated,taxonomy,parse_mmseqs_easy_taxonomy_SILVA,1.0.3,56.0,./microbial/210615_391_A1_S1.0.3/mmseqs/splits/056/nuc/parse_mmseqs_easy_taxonomy_SILVA.benchmark.txt,2,1.02,0.7,200.04,0.686275,2.0,0.000567,0.002281,2.4e-05,0.002305,2.0,0.002305
updated,taxonomy,mmseqs_easy_taxonomy_vs_SILVA,1.0.3,56.0,./microbial/210615_391_A1_S1.0.3/mmseqs/splits/056/nuc/mmseqs_easy_taxonomy_vs_SILVA.benchmark.txt,10,310.99,2797.33,11179.54,8.994919,10.0,0.863861,3.477041,0.413706,3.890747,10.0,3.890747
updated,taxonomy,mmseqs_bestmatch_db,1.0.3,146.0,./microbial/210615_391_A1_S1.0.3/mmseqs/splits/146/mmseqs_bestmatch_db.benchmark.txt,1,0.64,0.09,42.36,0.140625,1.0,0.000178,0.000716,3e-06,0.000719,1.0,0.000719
updated,taxonomy,parse_mmseqs_easy_taxonomy_SILVA,1.0.3,146.0,./microbial/210615_391_A1_S1.0.3/mmseqs/splits/146/nuc/parse_mmseqs_easy_taxonomy_SILVA.benchmark.txt,2,0.95,0.8,216.0,0.842105,2.0,0.000528,0.002124,2.4e-05,0.002149,2.0,0.002149
updated,taxonomy,mmseqs_easy_taxonomy_vs_SILVA,1.0.3,146.0,./microbial/210615_391_A1_S1.0.3/mmseqs/splits/146/nuc/mmseqs_easy_taxonomy_vs_SILVA.benchmark.txt,10,300.17,2823.33,11162.56,9.40577,10.0,0.833806,3.356067,0.398706,3.754773,10.0,3.754773
updated,taxonomy,mmseqs_bestmatch_db,1.0.3,347.0,./microbial/210615_391_A1_S1.0.3/mmseqs/splits/347/mmseqs_bestmatch_db.benchmark.txt,1,0.75,0.57,171.93,0.76,1.0,0.000208,0.000839,1.5e-05,0.000854,1.0,0.000854
updated,taxonomy,parse_mmseqs_easy_taxonomy_SILVA,1.0.3,347.0,./microbial/210615_391_A1_S1.0.3/mmseqs/splits/347/nuc/parse_mmseqs_easy_taxonomy_SILVA.benchmark.txt,2,0.95,0.81,210.32,0.852632,2.0,0.000528,0.002124,2.4e-05,0.002148,2.0,0.002148
updated,taxonomy,mmseqs_easy_taxonomy_vs_SILVA,1.0.3,347.0,./microbial/210615_391_A1_S1.0.3/mmseqs/splits/347/nuc/mmseqs_easy_taxonomy_vs_SILVA.benchmark.txt,10,249.73,2216.83,11186.87,8.876907,10.0,0.693694,2.79212,0.332431,3.124551,10.0,3.124551
updated,taxonomy,mmseqs_bestmatch_db,1.0.3,131.0,./microbial/210615_391_A1_S1.0.3/mmseqs/splits/131/mmseqs_bestmatch_db.benchmark.txt,1,2.75,0.95,200.06,0.345455,1.0,0.000764,0.003075,6.5e-05,0.00314,1.0,0.00314
updated,taxonomy,parse_mmseqs_easy_taxonomy_SILVA,1.0.3,131.0,./microbial/210615_391_A1_S1.0.3/mmseqs/splits/131/nuc/parse_mmseqs_easy_taxonomy_SILVA.benchmark.txt,2,1.17,0.7,185.42,0.598291,2.0,0.00065,0.002616,2.6e-05,0.002642,2.0,0.002642
updated,taxonomy,mmseqs_easy_taxonomy_vs_SILVA,1.0.3,131.0,./microbial/210615_391_A1_S1.0.3/mmseqs/splits/131/nuc/mmseqs_easy_taxonomy_vs_SILVA.benchmark.txt,10,279.77,2533.58,11138.62,9.055939,10.0,0.777139,3.127984,0.370812,3.498796,10.0,3.498796
updated,taxonomy,mmseqs_bestmatch_db,1.0.3,185.0,./microbial/210615_391_A1_S1.0.3/mmseqs/splits/185/mmseqs_bestmatch_db.benchmark.txt,1,0.79,0.47,179.27,0.594937,1.0,0.000219,0.000883,1.7e-05,0.0009,1.0,0.0009
updated,taxonomy,parse_mmseqs_easy_taxonomy_SILVA,1.0.3,185.0,./microbial/210615_391_A1_S1.0.3/mmseqs/splits/185/nuc/parse_mmseqs_easy_taxonomy_SILVA.benchmark.txt,2,0.97,0.92,225.08,0.948454,2.0,0.000539,0.002169,2.6e-05,0.002195,2.0,0.002195
updated,taxonomy,mmseqs_easy_taxonomy_vs_SILVA,1.0.3,185.0,./microbial/210615_391_A1_S1.0.3/mmseqs/splits/185/nuc/mmseqs_easy_taxonomy_vs_SILVA.benchmark.txt,10,339.04,2855.66,11126.76,8.422782,10.0,0.941778,3.790656,0.448891,4.239547,10.0,4.239547
updated,taxonomy,mmseqs_bestmatch_db,1.0.3,68.0,./microbial/210615_391_A1_S1.0.3/mmseqs/splits/068/mmseqs_bestmatch_db.benchmark.txt,1,0.68,0.09,38.05,0.132353,1.0,0.000189,0.00076,3e-06,0.000763,1.0,0.000763
updated,taxonomy,parse_mmseqs_easy_taxonomy_SILVA,1.0.3,68.0,./microbial/210615_391_A1_S1.0.3/mmseqs/splits/068/nuc/parse_mmseqs_easy_taxonomy_SILVA.benchmark.txt,2,1.09,0.83,197.17,0.761468,2.0,0.000606,0.002437,2.6e-05,0.002463,2.0,0.002463
updated,taxonomy,mmseqs_easy_taxonomy_vs_SILVA,1.0.3,68.0,./microbial/210615_391_A1_S1.0.3/mmseqs/splits/068/nuc/mmseqs_easy_taxonomy_vs_SILVA.benchmark.txt,10,301.9,2804.83,11186.32,9.290593,10.0,0.838611,3.37541,0.401857,3.777267,10.0,3.777267
updated,taxonomy,mmseqs_bestmatch_db,1.0.3,224.0,./microbial/210615_391_A1_S1.0.3/mmseqs/splits/224/mmseqs_bestmatch_db.benchmark.txt,1,0.75,0.57,181.33,0.76,1.0,0.000208,0.000839,1.6e-05,0.000855,1.0,0.000855
updated,taxonomy,parse_mmseqs_easy_taxonomy_SILVA,1.0.3,224.0,./microbial/210615_391_A1_S1.0.3/mmseqs/splits/224/nuc/parse_mmseqs_easy_taxonomy_SILVA.benchmark.txt,2,0.92,0.81,224.07,0.880435,2.0,0.000511,0.002057,2.5e-05,0.002082,2.0,0.002082
updated,taxonomy,mmseqs_easy_taxonomy_vs_SILVA,1.0.3,224.0,./microbial/210615_391_A1_S1.0.3/mmseqs/splits/224/nuc/mmseqs_easy_taxonomy_vs_SILVA.benchmark.txt,10,295.72,2425.22,11143.19,8.201069,10.0,0.821444,3.306314,0.392114,3.698427,10.0,3.698427
updated,taxonomy,mmseqs_bestmatch_db,1.0.3,139.0,./microbial/210615_391_A1_S1.0.3/mmseqs/splits/139/mmseqs_bestmatch_db.benchmark.txt,1,0.71,0.09,38.17,0.126761,1.0,0.000197,0.000794,3e-06,0.000797,1.0,0.000797
updated,taxonomy,parse_mmseqs_easy_taxonomy_SILVA,1.0.3,139.0,./microbial/210615_391_A1_S1.0.3/mmseqs/splits/139/nuc/parse_mmseqs_easy_taxonomy_SILVA.benchmark.txt,2,0.82,0.37,135.23,0.45122,2.0,0.000456,0.001834,1.3e-05,0.001847,2.0,0.001847
updated,taxonomy,mmseqs_easy_taxonomy_vs_SILVA,1.0.3,139.0,./microbial/210615_391_A1_S1.0.3/mmseqs/splits/139/nuc/mmseqs_easy_taxonomy_vs_SILVA.benchmark.txt,10,324.0,2825.0,11120.65,8.719136,10.0,0.9,3.6225,0.428743,4.051243,10.0,4.051243
updated,taxonomy,mmseqs_bestmatch_db,1.0.3,160.0,./microbial/210615_391_A1_S1.0.3/mmseqs/splits/160/mmseqs_bestmatch_db.benchmark.txt,1,0.86,0.53,177.45,0.616279,1.0,0.000239,0.000962,1.8e-05,0.00098,1.0,0.00098
updated,taxonomy,parse_mmseqs_easy_taxonomy_SILVA,1.0.3,160.0,./microbial/210615_391_A1_S1.0.3/mmseqs/splits/160/nuc/parse_mmseqs_easy_taxonomy_SILVA.benchmark.txt,2,0.99,0.67,197.07,0.676768,2.0,0.00055,0.002214,2.3e-05,0.002237,2.0,0.002237
updated,taxonomy,mmseqs_easy_taxonomy_vs_SILVA,1.0.3,160.0,./microbial/210615_391_A1_S1.0.3/mmseqs/splits/160/nuc/mmseqs_easy_taxonomy_vs_SILVA.benchmark.txt,10,274.51,2494.2,11143.44,9.086008,10.0,0.762528,3.069174,0.363998,3.433172,10.0,3.433172
updated,taxonomy,mmseqs_bestmatch_db,1.0.3,54.0,./microbial/210615_391_A1_S1.0.3/mmseqs/splits/054/mmseqs_bestmatch_db.benchmark.txt,1,0.89,0.67,144.41,0.752809,1.0,0.000247,0.000995,1.5e-05,0.00101,1.0,0.00101
updated,taxonomy,parse_mmseqs_easy_taxonomy_SILVA,1.0.3,54.0,./microbial/210615_391_A1_S1.0.3/mmseqs/splits/054/nuc/parse_mmseqs_easy_taxonomy_SILVA.benchmark.txt,2,1.29,0.86,187.59,0.666667,2.0,0.000717,0.002885,2.9e-05,0.002913,2.0,0.002913
updated,taxonomy,mmseqs_easy_taxonomy_vs_SILVA,1.0.3,54.0,./microbial/210615_391_A1_S1.0.3/mmseqs/splits/054/nuc/mmseqs_easy_taxonomy_vs_SILVA.benchmark.txt,10,272.59,2520.38,11229.63,9.246047,10.0,0.757194,3.047708,0.364248,3.411955,10.0,3.411955
updated,taxonomy,mmseqs_bestmatch_db,1.0.3,143.0,./microbial/210615_391_A1_S1.0.3/mmseqs/splits/143/mmseqs_bestmatch_db.benchmark.txt,1,1.32,0.3,65.18,0.227273,1.0,0.000367,0.001476,1e-05,0.001486,1.0,0.001486
updated,taxonomy,parse_mmseqs_easy_taxonomy_SILVA,1.0.3,143.0,./microbial/210615_391_A1_S1.0.3/mmseqs/splits/143/nuc/parse_mmseqs_easy_taxonomy_SILVA.benchmark.txt,2,1.08,0.38,156.79,0.351852,2.0,0.0006,0.002415,2e-05,0.002435,2.0,0.002435
updated,taxonomy,mmseqs_easy_taxonomy_vs_SILVA,1.0.3,143.0,./microbial/210615_391_A1_S1.0.3/mmseqs/splits/143/nuc/mmseqs_easy_taxonomy_vs_SILVA.benchmark.txt,10,303.39,2479.51,11171.0,8.172682,10.0,0.84275,3.392069,0.403288,3.795356,10.0,3.795356
updated,taxonomy,mmseqs_bestmatch_db,1.0.3,150.0,./microbial/210615_391_A1_S1.0.3/mmseqs/splits/150/mmseqs_bestmatch_db.benchmark.txt,1,0.76,0.57,179.08,0.75,1.0,0.000211,0.00085,1.6e-05,0.000866,1.0,0.000866
updated,taxonomy,parse_mmseqs_easy_taxonomy_SILVA,1.0.3,150.0,./microbial/210615_391_A1_S1.0.3/mmseqs/splits/150/nuc/parse_mmseqs_easy_taxonomy_SILVA.benchmark.txt,2,0.97,0.84,214.64,0.865979,2.0,0.000539,0.002169,2.5e-05,0.002194,2.0,0.002194
updated,taxonomy,mmseqs_easy_taxonomy_vs_SILVA,1.0.3,150.0,./microbial/210615_391_A1_S1.0.3/mmseqs/splits/150/nuc/mmseqs_easy_taxonomy_vs_SILVA.benchmark.txt,10,320.63,2808.66,11175.28,8.759817,10.0,0.890639,3.584822,0.426368,4.011189,10.0,4.011189
updated,taxonomy,mmseqs_bestmatch_db,1.0.3,102.0,./microbial/210615_391_A1_S1.0.3/mmseqs/splits/102/mmseqs_bestmatch_db.benchmark.txt,1,0.88,0.33,115.3,0.375,1.0,0.000244,0.000984,1.2e-05,0.000996,1.0,0.000996
updated,taxonomy,parse_mmseqs_easy_taxonomy_SILVA,1.0.3,102.0,./microbial/210615_391_A1_S1.0.3/mmseqs/splits/102/nuc/parse_mmseqs_easy_taxonomy_SILVA.benchmark.txt,2,1.0,0.7,194.43,0.7,2.0,0.000556,0.002236,2.3e-05,0.002259,2.0,0.002259
updated,taxonomy,mmseqs_easy_taxonomy_vs_SILVA,1.0.3,102.0,./microbial/210615_391_A1_S1.0.3/mmseqs/splits/102/nuc/mmseqs_easy_taxonomy_vs_SILVA.benchmark.txt,10,316.5,2822.86,11184.42,8.918989,10.0,0.879167,3.538646,0.42122,3.959866,10.0,3.959866
updated,taxonomy,mmseqs_bestmatch_db,1.0.3,39.0,./microbial/210615_391_A1_S1.0.3/mmseqs/splits/039/mmseqs_bestmatch_db.benchmark.txt,1,0.98,0.47,125.62,0.479592,1.0,0.000272,0.001096,1.5e-05,0.00111,1.0,0.00111
updated,taxonomy,parse_mmseqs_easy_taxonomy_SILVA,1.0.3,39.0,./microbial/210615_391_A1_S1.0.3/mmseqs/splits/039/nuc/parse_mmseqs_easy_taxonomy_SILVA.benchmark.txt,2,0.86,0.92,225.95,1.069767,2.0,0.000478,0.001923,2.3e-05,0.001946,2.0,0.001946
updated,taxonomy,mmseqs_easy_taxonomy_vs_SILVA,1.0.3,39.0,./microbial/210615_391_A1_S1.0.3/mmseqs/splits/039/nuc/mmseqs_easy_taxonomy_vs_SILVA.benchmark.txt,10,383.64,3435.54,11138.04,8.955114,10.0,1.065667,4.289308,0.508457,4.797765,10.0,4.797765
updated,taxonomy,mmseqs_bestmatch_db,1.0.3,21.0,./microbial/210615_391_A1_S1.0.3/mmseqs/splits/021/mmseqs_bestmatch_db.benchmark.txt,1,0.86,0.46,186.44,0.534884,1.0,0.000239,0.000962,1.9e-05,0.000981,1.0,0.000981
updated,taxonomy,parse_mmseqs_easy_taxonomy_SILVA,1.0.3,21.0,./microbial/210615_391_A1_S1.0.3/mmseqs/splits/021/nuc/parse_mmseqs_easy_taxonomy_SILVA.benchmark.txt,2,0.93,0.91,234.75,0.978495,2.0,0.000517,0.00208,2.6e-05,0.002106,2.0,0.002106
updated,taxonomy,mmseqs_easy_taxonomy_vs_SILVA,1.0.3,21.0,./microbial/210615_391_A1_S1.0.3/mmseqs/splits/021/nuc/mmseqs_easy_taxonomy_vs_SILVA.benchmark.txt,10,288.33,2524.34,11176.55,8.755038,10.0,0.800917,3.22369,0.383459,3.607149,10.0,3.607149
updated,taxonomy,mmseqs_bestmatch_db,1.0.3,24.0,./microbial/210615_391_A1_S1.0.3/mmseqs/splits/024/mmseqs_bestmatch_db.benchmark.txt,1,0.73,0.71,185.26,0.972603,1.0,0.000203,0.000816,1.6e-05,0.000832,1.0,0.000832
updated,taxonomy,parse_mmseqs_easy_taxonomy_SILVA,1.0.3,24.0,./microbial/210615_391_A1_S1.0.3/mmseqs/splits/024/nuc/parse_mmseqs_easy_taxonomy_SILVA.benchmark.txt,2,0.83,0.87,224.36,1.048193,2.0,0.000461,0.001856,2.2e-05,0.001878,2.0,0.001878
updated,taxonomy,mmseqs_easy_taxonomy_vs_SILVA,1.0.3,24.0,./microbial/210615_391_A1_S1.0.3/mmseqs/splits/024/nuc/mmseqs_easy_taxonomy_vs_SILVA.benchmark.txt,10,329.9,2846.9,11125.25,8.629585,10.0,0.916389,3.688465,0.436731,4.125196,10.0,4.125196
updated,taxonomy,mmseqs_bestmatch_db,1.0.3,43.0,./microbial/210615_391_A1_S1.0.3/mmseqs/splits/043/mmseqs_bestmatch_db.benchmark.txt,1,1.01,0.64,166.36,0.633663,1.0,0.000281,0.001129,2e-05,0.001149,1.0,0.001149
updated,taxonomy,parse_mmseqs_easy_taxonomy_SILVA,1.0.3,43.0,./microbial/210615_391_A1_S1.0.3/mmseqs/splits/043/nuc/parse_mmseqs_easy_taxonomy_SILVA.benchmark.txt,2,1.13,0.73,192.23,0.646018,2.0,0.000628,0.002527,2.6e-05,0.002553,2.0,0.002553
updated,taxonomy,mmseqs_easy_taxonomy_vs_SILVA,1.0.3,43.0,./microbial/210615_391_A1_S1.0.3/mmseqs/splits/043/nuc/mmseqs_easy_taxonomy_vs_SILVA.benchmark.txt,10,383.29,3452.59,11126.77,9.007775,10.0,1.064694,4.285395,0.507479,4.792874,10.0,4.792874
updated,taxonomy,mmseqs_bestmatch_db,1.0.3,89.0,./microbial/210615_391_A1_S1.0.3/mmseqs/splits/089/mmseqs_bestmatch_db.benchmark.txt,1,0.72,0.62,186.74,0.861111,1.0,0.0002,0.000805,1.6e-05,0.000821,1.0,0.000821
updated,taxonomy,parse_mmseqs_easy_taxonomy_SILVA,1.0.3,89.0,./microbial/210615_391_A1_S1.0.3/mmseqs/splits/089/nuc/parse_mmseqs_easy_taxonomy_SILVA.benchmark.txt,2,0.87,0.81,224.68,0.931034,2.0,0.000483,0.001945,2.3e-05,0.001969,2.0,0.001969
updated,taxonomy,mmseqs_easy_taxonomy_vs_SILVA,1.0.3,89.0,./microbial/210615_391_A1_S1.0.3/mmseqs/splits/089/nuc/mmseqs_easy_taxonomy_vs_SILVA.benchmark.txt,10,274.03,2499.08,11178.33,9.119731,10.0,0.761194,3.063808,0.364499,3.428307,10.0,3.428307
updated,taxonomy,mmseqs_bestmatch_db,1.0.3,152.0,./microbial/210615_391_A1_S1.0.3/mmseqs/splits/152/mmseqs_bestmatch_db.benchmark.txt,1,1.37,0.48,181.64,0.350365,1.0,0.000381,0.001532,3e-05,0.001561,1.0,0.001561
updated,taxonomy,parse_mmseqs_easy_taxonomy_SILVA,1.0.3,152.0,./microbial/210615_391_A1_S1.0.3/mmseqs/splits/152/nuc/parse_mmseqs_easy_taxonomy_SILVA.benchmark.txt,2,0.89,0.99,231.68,1.11236,2.0,0.000494,0.00199,2.5e-05,0.002015,2.0,0.002015
updated,taxonomy,mmseqs_easy_taxonomy_vs_SILVA,1.0.3,152.0,./microbial/210615_391_A1_S1.0.3/mmseqs/splits/152/nuc/mmseqs_easy_taxonomy_vs_SILVA.benchmark.txt,10,287.17,2521.91,11150.66,8.781941,10.0,0.797694,3.21072,0.381032,3.591752,10.0,3.591752
updated,taxonomy,mmseqs_bestmatch_db,1.0.3,63.0,./microbial/210615_391_A1_S1.0.3/mmseqs/splits/063/mmseqs_bestmatch_db.benchmark.txt,1,0.79,0.49,175.43,0.620253,1.0,0.000219,0.000883,1.6e-05,0.0009,1.0,0.0009
updated,taxonomy,parse_mmseqs_easy_taxonomy_SILVA,1.0.3,63.0,./microbial/210615_391_A1_S1.0.3/mmseqs/splits/063/nuc/parse_mmseqs_easy_taxonomy_SILVA.benchmark.txt,2,1.15,1.03,209.92,0.895652,2.0,0.000639,0.002572,2.9e-05,0.0026,2.0,0.0026
updated,taxonomy,mmseqs_easy_taxonomy_vs_SILVA,1.0.3,63.0,./microbial/210615_391_A1_S1.0.3/mmseqs/splits/063/nuc/mmseqs_easy_taxonomy_vs_SILVA.benchmark.txt,10,300.82,2556.36,11139.47,8.497972,10.0,0.835611,3.363335,0.398743,3.762078,10.0,3.762078
updated,taxonomy,mmseqs_bestmatch_db,1.0.3,243.0,./microbial/210615_391_A1_S1.0.3/mmseqs/splits/243/mmseqs_bestmatch_db.benchmark.txt,1,0.74,0.59,180.15,0.797297,1.0,0.000206,0.000827,1.6e-05,0.000843,1.0,0.000843
updated,taxonomy,parse_mmseqs_easy_taxonomy_SILVA,1.0.3,243.0,./microbial/210615_391_A1_S1.0.3/mmseqs/splits/243/nuc/parse_mmseqs_easy_taxonomy_SILVA.benchmark.txt,2,1.49,0.88,132.14,0.590604,2.0,0.000828,0.003332,2.3e-05,0.003355,2.0,0.003355
updated,taxonomy,mmseqs_easy_taxonomy_vs_SILVA,1.0.3,243.0,./microbial/210615_391_A1_S1.0.3/mmseqs/splits/243/nuc/mmseqs_easy_taxonomy_vs_SILVA.benchmark.txt,10,335.35,3125.76,11146.07,9.320889,10.0,0.931528,3.749399,0.444776,4.194176,10.0,4.194176
updated,taxonomy,mmseqs_bestmatch_db,1.0.3,64.0,./microbial/210615_391_A1_S1.0.3/mmseqs/splits/064/mmseqs_bestmatch_db.benchmark.txt,1,0.82,0.49,178.63,0.597561,1.0,0.000228,0.000917,1.7e-05,0.000934,1.0,0.000934
updated,taxonomy,parse_mmseqs_easy_taxonomy_SILVA,1.0.3,64.0,./microbial/210615_391_A1_S1.0.3/mmseqs/splits/064/nuc/parse_mmseqs_easy_taxonomy_SILVA.benchmark.txt,2,0.95,0.8,214.35,0.842105,2.0,0.000528,0.002124,2.4e-05,0.002149,2.0,0.002149
updated,taxonomy,mmseqs_easy_taxonomy_vs_SILVA,1.0.3,64.0,./microbial/210615_391_A1_S1.0.3/mmseqs/splits/064/nuc/mmseqs_easy_taxonomy_vs_SILVA.benchmark.txt,10,300.55,2812.29,11175.85,9.357145,10.0,0.834861,3.360316,0.399686,3.760002,10.0,3.760002
updated,taxonomy,mmseqs_bestmatch_db,1.0.3,148.0,./microbial/210615_391_A1_S1.0.3/mmseqs/splits/148/mmseqs_bestmatch_db.benchmark.txt,1,0.62,0.08,37.6,0.129032,1.0,0.000172,0.000693,3e-06,0.000696,1.0,0.000696
updated,taxonomy,parse_mmseqs_easy_taxonomy_SILVA,1.0.3,148.0,./microbial/210615_391_A1_S1.0.3/mmseqs/splits/148/nuc/parse_mmseqs_easy_taxonomy_SILVA.benchmark.txt,2,0.88,0.87,227.91,0.988636,2.0,0.000489,0.001968,2.4e-05,0.001992,2.0,0.001992
updated,taxonomy,mmseqs_easy_taxonomy_vs_SILVA,1.0.3,148.0,./microbial/210615_391_A1_S1.0.3/mmseqs/splits/148/nuc/mmseqs_easy_taxonomy_vs_SILVA.benchmark.txt,10,307.33,2822.4,11176.65,9.183614,10.0,0.853694,3.43612,0.408732,3.844852,10.0,3.844852
updated,taxonomy,mmseqs_bestmatch_db,1.0.3,109.0,./microbial/210615_391_A1_S1.0.3/mmseqs/splits/109/mmseqs_bestmatch_db.benchmark.txt,1,0.75,0.67,186.07,0.893333,1.0,0.000208,0.000839,1.7e-05,0.000855,1.0,0.000855
updated,taxonomy,parse_mmseqs_easy_taxonomy_SILVA,1.0.3,109.0,./microbial/210615_391_A1_S1.0.3/mmseqs/splits/109/nuc/parse_mmseqs_easy_taxonomy_SILVA.benchmark.txt,2,1.01,0.69,204.61,0.683168,2.0,0.000561,0.002258,2.5e-05,0.002283,2.0,0.002283
updated,taxonomy,mmseqs_easy_taxonomy_vs_SILVA,1.0.3,109.0,./microbial/210615_391_A1_S1.0.3/mmseqs/splits/109/nuc/mmseqs_easy_taxonomy_vs_SILVA.benchmark.txt,10,271.34,2515.57,11160.75,9.270915,10.0,0.753722,3.033732,0.360354,3.394086,10.0,3.394086
updated,taxonomy,mmseqs_bestmatch_db,1.0.3,338.0,./microbial/210615_391_A1_S1.0.3/mmseqs/splits/338/mmseqs_bestmatch_db.benchmark.txt,1,0.8,0.53,176.29,0.6625,1.0,0.000222,0.000894,1.7e-05,0.000911,1.0,0.000911
updated,taxonomy,parse_mmseqs_easy_taxonomy_SILVA,1.0.3,338.0,./microbial/210615_391_A1_S1.0.3/mmseqs/splits/338/nuc/parse_mmseqs_easy_taxonomy_SILVA.benchmark.txt,2,1.23,0.46,179.4,0.373984,2.0,0.000683,0.00275,2.6e-05,0.002777,2.0,0.002777
updated,taxonomy,mmseqs_easy_taxonomy_vs_SILVA,1.0.3,338.0,./microbial/210615_391_A1_S1.0.3/mmseqs/splits/338/nuc/mmseqs_easy_taxonomy_vs_SILVA.benchmark.txt,10,265.51,2220.57,11179.05,8.363414,10.0,0.737528,2.968549,0.353189,3.321738,10.0,3.321738
updated,taxonomy,mmseqs_bestmatch_db,1.0.3,238.0,./microbial/210615_391_A1_S1.0.3/mmseqs/splits/238/mmseqs_bestmatch_db.benchmark.txt,1,1.61,0.3,86.41,0.186335,1.0,0.000447,0.0018,1.7e-05,0.001817,1.0,0.001817
updated,taxonomy,parse_mmseqs_easy_taxonomy_SILVA,1.0.3,238.0,./microbial/210615_391_A1_S1.0.3/mmseqs/splits/238/nuc/parse_mmseqs_easy_taxonomy_SILVA.benchmark.txt,2,0.87,0.94,233.77,1.08046,2.0,0.000483,0.001945,2.4e-05,0.00197,2.0,0.00197
updated,taxonomy,mmseqs_easy_taxonomy_vs_SILVA,1.0.3,238.0,./microbial/210615_391_A1_S1.0.3/mmseqs/splits/238/nuc/mmseqs_easy_taxonomy_vs_SILVA.benchmark.txt,10,262.98,2211.12,11184.36,8.40794,10.0,0.7305,2.940262,0.34999,3.290252,10.0,3.290252
updated,taxonomy,mmseqs_bestmatch_db,1.0.3,316.0,./microbial/210615_391_A1_S1.0.3/mmseqs/splits/316/mmseqs_bestmatch_db.benchmark.txt,1,0.75,0.57,177.77,0.76,1.0,0.000208,0.000839,1.6e-05,0.000854,1.0,0.000854
updated,taxonomy,parse_mmseqs_easy_taxonomy_SILVA,1.0.3,316.0,./microbial/210615_391_A1_S1.0.3/mmseqs/splits/316/nuc/parse_mmseqs_easy_taxonomy_SILVA.benchmark.txt,2,1.14,0.75,195.61,0.657895,2.0,0.000633,0.002549,2.7e-05,0.002576,2.0,0.002576
updated,taxonomy,mmseqs_easy_taxonomy_vs_SILVA,1.0.3,316.0,./microbial/210615_391_A1_S1.0.3/mmseqs/splits/316/nuc/mmseqs_easy_taxonomy_vs_SILVA.benchmark.txt,10,268.58,2489.84,11215.63,9.270385,10.0,0.746056,3.002874,0.358442,3.361316,10.0,3.361316
updated,taxonomy,mmseqs_bestmatch_db,1.0.3,153.0,./microbial/210615_391_A1_S1.0.3/mmseqs/splits/153/mmseqs_bestmatch_db.benchmark.txt,1,0.75,0.59,176.92,0.786667,1.0,0.000208,0.000839,1.6e-05,0.000854,1.0,0.000854
updated,taxonomy,parse_mmseqs_easy_taxonomy_SILVA,1.0.3,153.0,./microbial/210615_391_A1_S1.0.3/mmseqs/splits/153/nuc/parse_mmseqs_easy_taxonomy_SILVA.benchmark.txt,2,0.98,0.92,224.53,0.938776,2.0,0.000544,0.002191,2.6e-05,0.002218,2.0,0.002218
updated,taxonomy,mmseqs_easy_taxonomy_vs_SILVA,1.0.3,153.0,./microbial/210615_391_A1_S1.0.3/mmseqs/splits/153/nuc/mmseqs_easy_taxonomy_vs_SILVA.benchmark.txt,10,266.72,2492.96,11186.62,9.346731,10.0,0.740889,2.982078,0.355039,3.337117,10.0,3.337117
updated,taxonomy,mmseqs_bestmatch_db,1.0.3,251.0,./microbial/210615_391_A1_S1.0.3/mmseqs/splits/251/mmseqs_bestmatch_db.benchmark.txt,1,2.33,0.27,84.59,0.11588,1.0,0.000647,0.002605,2.3e-05,0.002629,1.0,0.002629
updated,taxonomy,parse_mmseqs_easy_taxonomy_SILVA,1.0.3,251.0,./microbial/210615_391_A1_S1.0.3/mmseqs/splits/251/nuc/parse_mmseqs_easy_taxonomy_SILVA.benchmark.txt,2,0.85,1.0,231.89,1.176471,2.0,0.000472,0.001901,2.3e-05,0.001924,2.0,0.001924
updated,taxonomy,mmseqs_easy_taxonomy_vs_SILVA,1.0.3,251.0,./microbial/210615_391_A1_S1.0.3/mmseqs/splits/251/nuc/mmseqs_easy_taxonomy_vs_SILVA.benchmark.txt,10,331.89,3108.21,11188.46,9.365181,10.0,0.921917,3.710715,0.441861,4.152576,10.0,4.152576
updated,taxonomy,mmseqs_bestmatch_db,1.0.3,351.0,./microbial/210615_391_A1_S1.0.3/mmseqs/splits/351/mmseqs_bestmatch_db.benchmark.txt,1,1.02,0.29,81.87,0.284314,1.0,0.000283,0.00114,1e-05,0.00115,1.0,0.00115
updated,taxonomy,parse_mmseqs_easy_taxonomy_SILVA,1.0.3,351.0,./microbial/210615_391_A1_S1.0.3/mmseqs/splits/351/nuc/parse_mmseqs_easy_taxonomy_SILVA.benchmark.txt,2,0.9,0.77,223.11,0.855556,2.0,0.0005,0.002012,2.4e-05,0.002036,2.0,0.002036
updated,taxonomy,mmseqs_easy_taxonomy_vs_SILVA,1.0.3,351.0,./microbial/210615_391_A1_S1.0.3/mmseqs/splits/351/nuc/mmseqs_easy_taxonomy_vs_SILVA.benchmark.txt,10,267.56,2522.13,11133.25,9.426409,10.0,0.743222,2.991469,0.354458,3.345927,10.0,3.345927
updated,taxonomy,mmseqs_bestmatch_db,1.0.3,82.0,./microbial/210615_391_A1_S1.0.3/mmseqs/splits/082/mmseqs_bestmatch_db.benchmark.txt,1,0.67,0.08,37.53,0.119403,1.0,0.000186,0.000749,3e-06,0.000752,1.0,0.000752
updated,taxonomy,parse_mmseqs_easy_taxonomy_SILVA,1.0.3,82.0,./microbial/210615_391_A1_S1.0.3/mmseqs/splits/082/nuc/parse_mmseqs_easy_taxonomy_SILVA.benchmark.txt,2,0.9,0.87,229.73,0.966667,2.0,0.0005,0.002012,2.5e-05,0.002037,2.0,0.002037
updated,taxonomy,mmseqs_easy_taxonomy_vs_SILVA,1.0.3,82.0,./microbial/210615_391_A1_S1.0.3/mmseqs/splits/082/nuc/mmseqs_easy_taxonomy_vs_SILVA.benchmark.txt,10,272.77,2475.06,11173.59,9.073798,10.0,0.757694,3.04972,0.362669,3.41239,10.0,3.41239
updated,taxonomy,mmseqs_bestmatch_db,1.0.3,174.0,./microbial/210615_391_A1_S1.0.3/mmseqs/splits/174/mmseqs_bestmatch_db.benchmark.txt,1,1.07,0.51,113.34,0.476636,1.0,0.000297,0.001196,1.4e-05,0.001211,1.0,0.001211
updated,taxonomy,parse_mmseqs_easy_taxonomy_SILVA,1.0.3,174.0,./microbial/210615_391_A1_S1.0.3/mmseqs/splits/174/nuc/parse_mmseqs_easy_taxonomy_SILVA.benchmark.txt,2,0.95,0.77,216.16,0.810526,2.0,0.000528,0.002124,2.4e-05,0.002149,2.0,0.002149
updated,taxonomy,mmseqs_easy_taxonomy_vs_SILVA,1.0.3,174.0,./microbial/210615_391_A1_S1.0.3/mmseqs/splits/174/nuc/mmseqs_easy_taxonomy_vs_SILVA.benchmark.txt,10,423.46,3941.26,11170.24,9.307278,10.0,1.176278,4.734518,0.562855,5.297373,10.0,5.297373
updated,taxonomy,mmseqs_bestmatch_db,1.0.3,324.0,./microbial/210615_391_A1_S1.0.3/mmseqs/splits/324/mmseqs_bestmatch_db.benchmark.txt,1,0.81,0.56,147.64,0.691358,1.0,0.000225,0.000906,1.4e-05,0.00092,1.0,0.00092
updated,taxonomy,parse_mmseqs_easy_taxonomy_SILVA,1.0.3,324.0,./microbial/210615_391_A1_S1.0.3/mmseqs/splits/324/nuc/parse_mmseqs_easy_taxonomy_SILVA.benchmark.txt,2,0.81,0.33,115.89,0.407407,2.0,0.00045,0.001811,1.1e-05,0.001822,2.0,0.001822
updated,taxonomy,mmseqs_easy_taxonomy_vs_SILVA,1.0.3,324.0,./microbial/210615_391_A1_S1.0.3/mmseqs/splits/324/nuc/mmseqs_easy_taxonomy_vs_SILVA.benchmark.txt,10,379.55,3335.97,11127.36,8.789277,10.0,1.054306,4.24358,0.502554,4.746134,10.0,4.746134
updated,taxonomy,mmseqs_bestmatch_db,1.0.3,142.0,./microbial/210615_391_A1_S1.0.3/mmseqs/splits/142/mmseqs_bestmatch_db.benchmark.txt,1,0.73,0.58,176.15,0.794521,1.0,0.000203,0.000816,1.5e-05,0.000831,1.0,0.000831
updated,taxonomy,parse_mmseqs_easy_taxonomy_SILVA,1.0.3,142.0,./microbial/210615_391_A1_S1.0.3/mmseqs/splits/142/nuc/parse_mmseqs_easy_taxonomy_SILVA.benchmark.txt,2,0.96,0.8,216.74,0.833333,2.0,0.000533,0.002147,2.5e-05,0.002171,2.0,0.002171
updated,taxonomy,mmseqs_easy_taxonomy_vs_SILVA,1.0.3,142.0,./microbial/210615_391_A1_S1.0.3/mmseqs/splits/142/nuc/mmseqs_easy_taxonomy_vs_SILVA.benchmark.txt,10,277.25,2527.0,11135.1,9.114518,10.0,0.770139,3.099809,0.367356,3.467165,10.0,3.467165
updated,taxonomy,mmseqs_bestmatch_db,1.0.3,15.0,./microbial/210615_391_A1_S1.0.3/mmseqs/splits/015/mmseqs_bestmatch_db.benchmark.txt,1,0.81,0.54,207.42,0.666667,1.0,0.000225,0.000906,2e-05,0.000926,1.0,0.000926
updated,taxonomy,parse_mmseqs_easy_taxonomy_SILVA,1.0.3,15.0,./microbial/210615_391_A1_S1.0.3/mmseqs/splits/015/nuc/parse_mmseqs_easy_taxonomy_SILVA.benchmark.txt,2,0.95,0.88,222.95,0.926316,2.0,0.000528,0.002124,2.5e-05,0.00215,2.0,0.00215
updated,taxonomy,mmseqs_easy_taxonomy_vs_SILVA,1.0.3,15.0,./microbial/210615_391_A1_S1.0.3/mmseqs/splits/015/nuc/mmseqs_easy_taxonomy_vs_SILVA.benchmark.txt,10,302.14,2775.39,11187.06,9.185775,10.0,0.839278,3.378093,0.402203,3.780297,10.0,3.780297
updated,taxonomy,mmseqs_bestmatch_db,1.0.3,105.0,./microbial/210615_391_A1_S1.0.3/mmseqs/splits/105/mmseqs_bestmatch_db.benchmark.txt,1,0.74,0.56,177.47,0.756757,1.0,0.000206,0.000827,1.6e-05,0.000843,1.0,0.000843
updated,taxonomy,parse_mmseqs_easy_taxonomy_SILVA,1.0.3,105.0,./microbial/210615_391_A1_S1.0.3/mmseqs/splits/105/nuc/parse_mmseqs_easy_taxonomy_SILVA.benchmark.txt,2,1.5,0.57,139.81,0.38,2.0,0.000833,0.003354,2.5e-05,0.003379,2.0,0.003379
updated,taxonomy,mmseqs_easy_taxonomy_vs_SILVA,1.0.3,105.0,./microbial/210615_391_A1_S1.0.3/mmseqs/splits/105/nuc/mmseqs_easy_taxonomy_vs_SILVA.benchmark.txt,10,340.77,3134.51,11140.25,9.198316,10.0,0.946583,3.809998,0.451729,4.261727,10.0,4.261727
updated,taxonomy,mmseqs_bestmatch_db,1.0.3,298.0,./microbial/210615_391_A1_S1.0.3/mmseqs/splits/298/mmseqs_bestmatch_db.benchmark.txt,1,0.96,0.53,162.61,0.552083,1.0,0.000267,0.001073,1.9e-05,0.001092,1.0,0.001092
updated,taxonomy,parse_mmseqs_easy_taxonomy_SILVA,1.0.3,298.0,./microbial/210615_391_A1_S1.0.3/mmseqs/splits/298/nuc/parse_mmseqs_easy_taxonomy_SILVA.benchmark.txt,2,0.92,0.88,230.26,0.956522,2.0,0.000511,0.002057,2.5e-05,0.002082,2.0,0.002082
updated,taxonomy,mmseqs_easy_taxonomy_vs_SILVA,1.0.3,298.0,./microbial/210615_391_A1_S1.0.3/mmseqs/splits/298/nuc/mmseqs_easy_taxonomy_vs_SILVA.benchmark.txt,10,268.0,2519.91,11214.87,9.402649,10.0,0.744444,2.996389,0.357644,3.354033,10.0,3.354033
updated,taxonomy,mmseqs_bestmatch_db,1.0.3,261.0,./microbial/210615_391_A1_S1.0.3/mmseqs/splits/261/mmseqs_bestmatch_db.benchmark.txt,1,0.84,0.82,188.4,0.97619,1.0,0.000233,0.000939,1.9e-05,0.000958,1.0,0.000958
updated,taxonomy,parse_mmseqs_easy_taxonomy_SILVA,1.0.3,261.0,./microbial/210615_391_A1_S1.0.3/mmseqs/splits/261/nuc/parse_mmseqs_easy_taxonomy_SILVA.benchmark.txt,2,1.26,0.76,188.08,0.603175,2.0,0.0007,0.002817,2.8e-05,0.002846,2.0,0.002846
updated,taxonomy,mmseqs_easy_taxonomy_vs_SILVA,1.0.3,261.0,./microbial/210615_391_A1_S1.0.3/mmseqs/splits/261/nuc/mmseqs_easy_taxonomy_vs_SILVA.benchmark.txt,10,276.3,2516.88,11188.59,9.109229,10.0,0.7675,3.089187,0.367856,3.457044,10.0,3.457044
updated,taxonomy,mmseqs_bestmatch_db,1.0.3,138.0,./microbial/210615_391_A1_S1.0.3/mmseqs/splits/138/mmseqs_bestmatch_db.benchmark.txt,1,0.73,0.64,179.57,0.876712,1.0,0.000203,0.000816,1.6e-05,0.000832,1.0,0.000832
updated,taxonomy,parse_mmseqs_easy_taxonomy_SILVA,1.0.3,138.0,./microbial/210615_391_A1_S1.0.3/mmseqs/splits/138/nuc/parse_mmseqs_easy_taxonomy_SILVA.benchmark.txt,2,0.97,0.8,227.25,0.824742,2.0,0.000539,0.002169,2.6e-05,0.002195,2.0,0.002195
updated,taxonomy,mmseqs_easy_taxonomy_vs_SILVA,1.0.3,138.0,./microbial/210615_391_A1_S1.0.3/mmseqs/splits/138/nuc/mmseqs_easy_taxonomy_vs_SILVA.benchmark.txt,10,336.34,3129.36,11129.04,9.304157,10.0,0.934278,3.760468,0.445408,4.205876,10.0,4.205876
updated,taxonomy,mmseqs_bestmatch_db,1.0.3,36.0,./microbial/210615_391_A1_S1.0.3/mmseqs/splits/036/mmseqs_bestmatch_db.benchmark.txt,1,0.89,0.84,204.37,0.94382,1.0,0.000247,0.000995,2.2e-05,0.001017,1.0,0.001017
updated,taxonomy,parse_mmseqs_easy_taxonomy_SILVA,1.0.3,36.0,./microbial/210615_391_A1_S1.0.3/mmseqs/splits/036/nuc/parse_mmseqs_easy_taxonomy_SILVA.benchmark.txt,2,1.22,0.47,177.61,0.385246,2.0,0.000678,0.002728,2.6e-05,0.002754,2.0,0.002754
updated,taxonomy,mmseqs_easy_taxonomy_vs_SILVA,1.0.3,36.0,./microbial/210615_391_A1_S1.0.3/mmseqs/splits/036/nuc/mmseqs_easy_taxonomy_vs_SILVA.benchmark.txt,10,369.9,3428.34,11135.11,9.268289,10.0,1.0275,4.135687,0.490118,4.625805,10.0,4.625805
updated,taxonomy,mmseqs_bestmatch_db,1.0.3,41.0,./microbial/210615_391_A1_S1.0.3/mmseqs/splits/041/mmseqs_bestmatch_db.benchmark.txt,1,0.75,0.56,179.19,0.746667,1.0,0.000208,0.000839,1.6e-05,0.000855,1.0,0.000855
updated,taxonomy,parse_mmseqs_easy_taxonomy_SILVA,1.0.3,41.0,./microbial/210615_391_A1_S1.0.3/mmseqs/splits/041/nuc/parse_mmseqs_easy_taxonomy_SILVA.benchmark.txt,2,0.91,0.84,222.49,0.923077,2.0,0.000506,0.002035,2.4e-05,0.002059,2.0,0.002059
updated,taxonomy,mmseqs_easy_taxonomy_vs_SILVA,1.0.3,41.0,./microbial/210615_391_A1_S1.0.3/mmseqs/splits/041/nuc/mmseqs_easy_taxonomy_vs_SILVA.benchmark.txt,10,337.01,3136.79,11128.14,9.307706,10.0,0.936139,3.767959,0.446259,4.214218,10.0,4.214218
updated,taxonomy,mmseqs_bestmatch_db,1.0.3,171.0,./microbial/210615_391_A1_S1.0.3/mmseqs/splits/171/mmseqs_bestmatch_db.benchmark.txt,1,0.68,0.1,43.26,0.147059,1.0,0.000189,0.00076,4e-06,0.000764,1.0,0.000764
updated,taxonomy,parse_mmseqs_easy_taxonomy_SILVA,1.0.3,171.0,./microbial/210615_391_A1_S1.0.3/mmseqs/splits/171/nuc/parse_mmseqs_easy_taxonomy_SILVA.benchmark.txt,2,0.97,1.02,227.88,1.051546,2.0,0.000539,0.002169,2.6e-05,0.002195,2.0,0.002195
updated,taxonomy,mmseqs_easy_taxonomy_vs_SILVA,1.0.3,171.0,./microbial/210615_391_A1_S1.0.3/mmseqs/splits/171/nuc/mmseqs_easy_taxonomy_vs_SILVA.benchmark.txt,10,268.52,2206.71,11147.82,8.218047,10.0,0.745889,3.002203,0.356195,3.358398,10.0,3.358398
updated,taxonomy,mmseqs_bestmatch_db,1.0.3,356.0,./microbial/210615_391_A1_S1.0.3/mmseqs/splits/356/mmseqs_bestmatch_db.benchmark.txt,1,0.79,0.54,177.8,0.683544,1.0,0.000219,0.000883,1.7e-05,0.0009,1.0,0.0009
updated,taxonomy,parse_mmseqs_easy_taxonomy_SILVA,1.0.3,356.0,./microbial/210615_391_A1_S1.0.3/mmseqs/splits/356/nuc/parse_mmseqs_easy_taxonomy_SILVA.benchmark.txt,2,1.13,0.93,208.64,0.823009,2.0,0.000628,0.002527,2.8e-05,0.002555,2.0,0.002555
updated,taxonomy,mmseqs_easy_taxonomy_vs_SILVA,1.0.3,356.0,./microbial/210615_391_A1_S1.0.3/mmseqs/splits/356/nuc/mmseqs_easy_taxonomy_vs_SILVA.benchmark.txt,10,277.22,2424.91,11147.68,8.74724,10.0,0.770056,3.099474,0.367731,3.467205,10.0,3.467205
updated,taxonomy,mmseqs_bestmatch_db,1.0.3,74.0,./microbial/210615_391_A1_S1.0.3/mmseqs/splits/074/mmseqs_bestmatch_db.benchmark.txt,1,0.71,0.09,37.75,0.126761,1.0,0.000197,0.000794,3e-06,0.000797,1.0,0.000797
updated,taxonomy,parse_mmseqs_easy_taxonomy_SILVA,1.0.3,74.0,./microbial/210615_391_A1_S1.0.3/mmseqs/splits/074/nuc/parse_mmseqs_easy_taxonomy_SILVA.benchmark.txt,2,0.98,0.83,210.84,0.846939,2.0,0.000544,0.002191,2.5e-05,0.002216,2.0,0.002216
updated,taxonomy,mmseqs_easy_taxonomy_vs_SILVA,1.0.3,74.0,./microbial/210615_391_A1_S1.0.3/mmseqs/splits/074/nuc/mmseqs_easy_taxonomy_vs_SILVA.benchmark.txt,10,323.98,2822.77,11138.82,8.712791,10.0,0.899944,3.622276,0.429417,4.051693,10.0,4.051693
updated,taxonomy,mmseqs_bestmatch_db,1.0.3,286.0,./microbial/210615_391_A1_S1.0.3/mmseqs/splits/286/mmseqs_bestmatch_db.benchmark.txt,1,0.77,0.56,188.81,0.727273,1.0,0.000214,0.000861,1.7e-05,0.000878,1.0,0.000878
updated,taxonomy,parse_mmseqs_easy_taxonomy_SILVA,1.0.3,286.0,./microbial/210615_391_A1_S1.0.3/mmseqs/splits/286/nuc/parse_mmseqs_easy_taxonomy_SILVA.benchmark.txt,2,1.08,1.03,228.59,0.953704,2.0,0.0006,0.002415,2.9e-05,0.002444,2.0,0.002444
updated,taxonomy,mmseqs_easy_taxonomy_vs_SILVA,1.0.3,286.0,./microbial/210615_391_A1_S1.0.3/mmseqs/splits/286/nuc/mmseqs_easy_taxonomy_vs_SILVA.benchmark.txt,10,283.31,2529.43,11179.93,8.928135,10.0,0.786972,3.167563,0.376897,3.54446,10.0,3.54446
updated,taxonomy,mmseqs_bestmatch_db,1.0.3,276.0,./microbial/210615_391_A1_S1.0.3/mmseqs/splits/276/mmseqs_bestmatch_db.benchmark.txt,1,0.84,0.71,177.62,0.845238,1.0,0.000233,0.000939,1.8e-05,0.000957,1.0,0.000957
updated,taxonomy,parse_mmseqs_easy_taxonomy_SILVA,1.0.3,276.0,./microbial/210615_391_A1_S1.0.3/mmseqs/splits/276/nuc/parse_mmseqs_easy_taxonomy_SILVA.benchmark.txt,2,1.53,1.13,230.57,0.738562,2.0,0.00085,0.003421,4.2e-05,0.003463,2.0,0.003463
updated,taxonomy,mmseqs_easy_taxonomy_vs_SILVA,1.0.3,276.0,./microbial/210615_391_A1_S1.0.3/mmseqs/splits/276/nuc/mmseqs_easy_taxonomy_vs_SILVA.benchmark.txt,10,343.81,3136.59,11161.9,9.123033,10.0,0.955028,3.843987,0.456645,4.300631,10.0,4.300631
updated,taxonomy,mmseqs_bestmatch_db,1.0.3,260.0,./microbial/210615_391_A1_S1.0.3/mmseqs/splits/260/mmseqs_bestmatch_db.benchmark.txt,1,0.8,0.57,189.36,0.7125,1.0,0.000222,0.000894,1.8e-05,0.000912,1.0,0.000912
updated,taxonomy,parse_mmseqs_easy_taxonomy_SILVA,1.0.3,260.0,./microbial/210615_391_A1_S1.0.3/mmseqs/splits/260/nuc/parse_mmseqs_easy_taxonomy_SILVA.benchmark.txt,2,1.05,0.73,196.28,0.695238,2.0,0.000583,0.002348,2.5e-05,0.002372,2.0,0.002372
updated,taxonomy,mmseqs_easy_taxonomy_vs_SILVA,1.0.3,260.0,./microbial/210615_391_A1_S1.0.3/mmseqs/splits/260/nuc/mmseqs_easy_taxonomy_vs_SILVA.benchmark.txt,10,282.77,2516.05,11139.32,8.897868,10.0,0.785472,3.161526,0.374812,3.536338,10.0,3.536338
updated,taxonomy,mmseqs_bestmatch_db,1.0.3,130.0,./microbial/210615_391_A1_S1.0.3/mmseqs/splits/130/mmseqs_bestmatch_db.benchmark.txt,1,0.79,0.65,182.48,0.822785,1.0,0.000219,0.000883,1.7e-05,0.0009,1.0,0.0009
updated,taxonomy,parse_mmseqs_easy_taxonomy_SILVA,1.0.3,130.0,./microbial/210615_391_A1_S1.0.3/mmseqs/splits/130/nuc/parse_mmseqs_easy_taxonomy_SILVA.benchmark.txt,2,1.01,0.79,221.89,0.782178,2.0,0.000561,0.002258,2.7e-05,0.002285,2.0,0.002285
updated,taxonomy,mmseqs_easy_taxonomy_vs_SILVA,1.0.3,130.0,./microbial/210615_391_A1_S1.0.3/mmseqs/splits/130/nuc/mmseqs_easy_taxonomy_vs_SILVA.benchmark.txt,10,364.34,3234.16,11124.89,8.876763,10.0,1.012056,4.073524,0.482308,4.555831,10.0,4.555831
updated,taxonomy,mmseqs_bestmatch_db,1.0.3,156.0,./microbial/210615_391_A1_S1.0.3/mmseqs/splits/156/mmseqs_bestmatch_db.benchmark.txt,1,1.38,0.52,201.24,0.376812,1.0,0.000383,0.001543,3.3e-05,0.001576,1.0,0.001576
updated,taxonomy,parse_mmseqs_easy_taxonomy_SILVA,1.0.3,156.0,./microbial/210615_391_A1_S1.0.3/mmseqs/splits/156/nuc/parse_mmseqs_easy_taxonomy_SILVA.benchmark.txt,2,1.47,0.79,217.77,0.537415,2.0,0.000817,0.003287,3.8e-05,0.003325,2.0,0.003325
updated,taxonomy,mmseqs_easy_taxonomy_vs_SILVA,1.0.3,156.0,./microbial/210615_391_A1_S1.0.3/mmseqs/splits/156/nuc/mmseqs_easy_taxonomy_vs_SILVA.benchmark.txt,10,334.39,3103.89,11134.39,9.282245,10.0,0.928861,3.738666,0.443038,4.181704,10.0,4.181704
updated,taxonomy,mmseqs_bestmatch_db,1.0.3,77.0,./microbial/210615_391_A1_S1.0.3/mmseqs/splits/077/mmseqs_bestmatch_db.benchmark.txt,1,0.61,0.09,38.33,0.147541,1.0,0.000169,0.000682,3e-06,0.000685,1.0,0.000685
updated,taxonomy,parse_mmseqs_easy_taxonomy_SILVA,1.0.3,77.0,./microbial/210615_391_A1_S1.0.3/mmseqs/splits/077/nuc/parse_mmseqs_easy_taxonomy_SILVA.benchmark.txt,2,1.52,1.06,232.75,0.697368,2.0,0.000844,0.003399,4.2e-05,0.003441,2.0,0.003441
updated,taxonomy,mmseqs_easy_taxonomy_vs_SILVA,1.0.3,77.0,./microbial/210615_391_A1_S1.0.3/mmseqs/splits/077/nuc/mmseqs_easy_taxonomy_vs_SILVA.benchmark.txt,10,307.38,2786.07,11186.98,9.063927,10.0,0.853833,3.436679,0.409176,3.845855,10.0,3.845855
updated,taxonomy,mmseqs_bestmatch_db,1.0.3,322.0,./microbial/210615_391_A1_S1.0.3/mmseqs/splits/322/mmseqs_bestmatch_db.benchmark.txt,1,0.77,0.58,182.76,0.753247,1.0,0.000214,0.000861,1.7e-05,0.000878,1.0,0.000878
updated,taxonomy,parse_mmseqs_easy_taxonomy_SILVA,1.0.3,322.0,./microbial/210615_391_A1_S1.0.3/mmseqs/splits/322/nuc/parse_mmseqs_easy_taxonomy_SILVA.benchmark.txt,2,1.54,0.82,224.95,0.532468,2.0,0.000856,0.003444,4.1e-05,0.003485,2.0,0.003485
updated,taxonomy,mmseqs_easy_taxonomy_vs_SILVA,1.0.3,322.0,./microbial/210615_391_A1_S1.0.3/mmseqs/splits/322/nuc/mmseqs_easy_taxonomy_vs_SILVA.benchmark.txt,10,269.97,2531.53,11178.72,9.377079,10.0,0.749917,3.018415,0.359111,3.377526,10.0,3.377526
updated,taxonomy,mmseqs_bestmatch_db,1.0.3,346.0,./microbial/210615_391_A1_S1.0.3/mmseqs/splits/346/mmseqs_bestmatch_db.benchmark.txt,1,0.85,0.79,188.64,0.929412,1.0,0.000236,0.00095,1.9e-05,0.000969,1.0,0.000969
updated,taxonomy,parse_mmseqs_easy_taxonomy_SILVA,1.0.3,346.0,./microbial/210615_391_A1_S1.0.3/mmseqs/splits/346/nuc/parse_mmseqs_easy_taxonomy_SILVA.benchmark.txt,2,0.94,0.74,203.66,0.787234,2.0,0.000522,0.002102,2.3e-05,0.002125,2.0,0.002125
updated,taxonomy,mmseqs_easy_taxonomy_vs_SILVA,1.0.3,346.0,./microbial/210615_391_A1_S1.0.3/mmseqs/splits/346/nuc/mmseqs_easy_taxonomy_vs_SILVA.benchmark.txt,10,306.96,2830.31,11175.5,9.220452,10.0,0.852667,3.431983,0.408198,3.840181,10.0,3.840181
updated,taxonomy,mmseqs_bestmatch_db,1.0.3,51.0,./microbial/210615_391_A1_S1.0.3/mmseqs/splits/051/mmseqs_bestmatch_db.benchmark.txt,1,1.49,0.27,90.59,0.181208,1.0,0.000414,0.001666,1.6e-05,0.001682,1.0,0.001682
updated,taxonomy,parse_mmseqs_easy_taxonomy_SILVA,1.0.3,51.0,./microbial/210615_391_A1_S1.0.3/mmseqs/splits/051/nuc/parse_mmseqs_easy_taxonomy_SILVA.benchmark.txt,2,0.93,0.96,230.18,1.032258,2.0,0.000517,0.00208,2.5e-05,0.002105,2.0,0.002105
updated,taxonomy,mmseqs_easy_taxonomy_vs_SILVA,1.0.3,51.0,./microbial/210615_391_A1_S1.0.3/mmseqs/splits/051/nuc/mmseqs_easy_taxonomy_vs_SILVA.benchmark.txt,10,299.91,2453.3,11166.48,8.180121,10.0,0.833083,3.35316,0.3985,3.751661,10.0,3.751661
updated,taxonomy,mmseqs_bestmatch_db,1.0.3,291.0,./microbial/210615_391_A1_S1.0.3/mmseqs/splits/291/mmseqs_bestmatch_db.benchmark.txt,1,1.36,0.53,181.78,0.389706,1.0,0.000378,0.001521,2.9e-05,0.00155,1.0,0.00155
updated,taxonomy,parse_mmseqs_easy_taxonomy_SILVA,1.0.3,291.0,./microbial/210615_391_A1_S1.0.3/mmseqs/splits/291/nuc/parse_mmseqs_easy_taxonomy_SILVA.benchmark.txt,2,1.82,0.6,172.11,0.32967,2.0,0.001011,0.00407,3.7e-05,0.004107,2.0,0.004107
updated,taxonomy,mmseqs_easy_taxonomy_vs_SILVA,1.0.3,291.0,./microbial/210615_391_A1_S1.0.3/mmseqs/splits/291/nuc/mmseqs_easy_taxonomy_vs_SILVA.benchmark.txt,10,272.52,2386.65,11167.16,8.757706,10.0,0.757,3.046925,0.362129,3.409054,10.0,3.409054
updated,taxonomy,mmseqs_bestmatch_db,1.0.3,334.0,./microbial/210615_391_A1_S1.0.3/mmseqs/splits/334/mmseqs_bestmatch_db.benchmark.txt,1,0.79,0.66,183.68,0.835443,1.0,0.000219,0.000883,1.7e-05,0.000901,1.0,0.000901
updated,taxonomy,parse_mmseqs_easy_taxonomy_SILVA,1.0.3,334.0,./microbial/210615_391_A1_S1.0.3/mmseqs/splits/334/nuc/parse_mmseqs_easy_taxonomy_SILVA.benchmark.txt,2,1.15,1.01,212.12,0.878261,2.0,0.000639,0.002572,2.9e-05,0.002601,2.0,0.002601
updated,taxonomy,mmseqs_easy_taxonomy_vs_SILVA,1.0.3,334.0,./microbial/210615_391_A1_S1.0.3/mmseqs/splits/334/nuc/mmseqs_easy_taxonomy_vs_SILVA.benchmark.txt,10,294.59,2493.36,11167.57,8.463831,10.0,0.818306,3.29368,0.39147,3.68515,10.0,3.68515
updated,taxonomy,mmseqs_bestmatch_db,1.0.3,175.0,./microbial/210615_391_A1_S1.0.3/mmseqs/splits/175/mmseqs_bestmatch_db.benchmark.txt,1,2.34,0.42,159.13,0.179487,1.0,0.00065,0.002616,4.4e-05,0.002661,1.0,0.002661
updated,taxonomy,parse_mmseqs_easy_taxonomy_SILVA,1.0.3,175.0,./microbial/210615_391_A1_S1.0.3/mmseqs/splits/175/nuc/parse_mmseqs_easy_taxonomy_SILVA.benchmark.txt,2,1.93,0.33,97.14,0.170984,2.0,0.001072,0.004316,2.2e-05,0.004338,2.0,0.004338
updated,taxonomy,mmseqs_easy_taxonomy_vs_SILVA,1.0.3,175.0,./microbial/210615_391_A1_S1.0.3/mmseqs/splits/175/nuc/mmseqs_easy_taxonomy_vs_SILVA.benchmark.txt,10,270.77,2493.48,11167.77,9.208849,10.0,0.752139,3.027359,0.359823,3.387182,10.0,3.387182
updated,taxonomy,mmseqs_bestmatch_db,1.0.3,141.0,./microbial/210615_391_A1_S1.0.3/mmseqs/splits/141/mmseqs_bestmatch_db.benchmark.txt,1,0.77,0.56,165.88,0.727273,1.0,0.000214,0.000861,1.5e-05,0.000876,1.0,0.000876
updated,taxonomy,parse_mmseqs_easy_taxonomy_SILVA,1.0.3,141.0,./microbial/210615_391_A1_S1.0.3/mmseqs/splits/141/nuc/parse_mmseqs_easy_taxonomy_SILVA.benchmark.txt,2,1.06,0.92,206.91,0.867925,2.0,0.000589,0.00237,2.6e-05,0.002396,2.0,0.002396
updated,taxonomy,mmseqs_easy_taxonomy_vs_SILVA,1.0.3,141.0,./microbial/210615_391_A1_S1.0.3/mmseqs/splits/141/nuc/mmseqs_easy_taxonomy_vs_SILVA.benchmark.txt,10,269.02,2532.85,11132.35,9.415099,10.0,0.747278,3.007793,0.356363,3.364156,10.0,3.364156
updated,taxonomy,mmseqs_bestmatch_db,1.0.3,114.0,./microbial/210615_391_A1_S1.0.3/mmseqs/splits/114/mmseqs_bestmatch_db.benchmark.txt,1,1.11,0.24,79.54,0.216216,1.0,0.000308,0.001241,1.1e-05,0.001252,1.0,0.001252
updated,taxonomy,parse_mmseqs_easy_taxonomy_SILVA,1.0.3,114.0,./microbial/210615_391_A1_S1.0.3/mmseqs/splits/114/nuc/parse_mmseqs_easy_taxonomy_SILVA.benchmark.txt,2,1.11,0.47,179.21,0.423423,2.0,0.000617,0.002482,2.4e-05,0.002506,2.0,0.002506
updated,taxonomy,mmseqs_easy_taxonomy_vs_SILVA,1.0.3,114.0,./microbial/210615_391_A1_S1.0.3/mmseqs/splits/114/nuc/mmseqs_easy_taxonomy_vs_SILVA.benchmark.txt,10,271.26,2490.71,11177.69,9.182003,10.0,0.7535,3.032838,0.360794,3.393632,10.0,3.393632
updated,taxonomy,mmseqs_bestmatch_db,1.0.3,136.0,./microbial/210615_391_A1_S1.0.3/mmseqs/splits/136/mmseqs_bestmatch_db.benchmark.txt,1,0.67,0.09,37.87,0.134328,1.0,0.000186,0.000749,3e-06,0.000752,1.0,0.000752
updated,taxonomy,parse_mmseqs_easy_taxonomy_SILVA,1.0.3,136.0,./microbial/210615_391_A1_S1.0.3/mmseqs/splits/136/nuc/parse_mmseqs_easy_taxonomy_SILVA.benchmark.txt,2,0.88,0.09,42.98,0.102273,2.0,0.000489,0.001968,5e-06,0.001972,2.0,0.001972
updated,taxonomy,mmseqs_easy_taxonomy_vs_SILVA,1.0.3,136.0,./microbial/210615_391_A1_S1.0.3/mmseqs/splits/136/nuc/mmseqs_easy_taxonomy_vs_SILVA.benchmark.txt,10,271.39,2502.97,11184.69,9.222779,10.0,0.753861,3.034291,0.361193,3.395484,10.0,3.395484
updated,taxonomy,mmseqs_bestmatch_db,1.0.3,337.0,./microbial/210615_391_A1_S1.0.3/mmseqs/splits/337/mmseqs_bestmatch_db.benchmark.txt,1,0.73,0.6,185.08,0.821918,1.0,0.000203,0.000816,1.6e-05,0.000832,1.0,0.000832
updated,taxonomy,parse_mmseqs_easy_taxonomy_SILVA,1.0.3,337.0,./microbial/210615_391_A1_S1.0.3/mmseqs/splits/337/nuc/parse_mmseqs_easy_taxonomy_SILVA.benchmark.txt,2,1.97,0.32,93.15,0.162437,2.0,0.001094,0.004405,2.2e-05,0.004427,2.0,0.004427
updated,taxonomy,mmseqs_easy_taxonomy_vs_SILVA,1.0.3,337.0,./microbial/210615_391_A1_S1.0.3/mmseqs/splits/337/nuc/mmseqs_easy_taxonomy_vs_SILVA.benchmark.txt,10,282.46,2495.58,11166.89,8.835163,10.0,0.784611,3.15806,0.375328,3.533388,10.0,3.533388
updated,taxonomy,mmseqs_bestmatch_db,1.0.3,336.0,./microbial/210615_391_A1_S1.0.3/mmseqs/splits/336/mmseqs_bestmatch_db.benchmark.txt,1,0.85,0.45,169.07,0.529412,1.0,0.000236,0.00095,1.7e-05,0.000967,1.0,0.000967
updated,taxonomy,parse_mmseqs_easy_taxonomy_SILVA,1.0.3,336.0,./microbial/210615_391_A1_S1.0.3/mmseqs/splits/336/nuc/parse_mmseqs_easy_taxonomy_SILVA.benchmark.txt,2,1.01,0.77,209.26,0.762376,2.0,0.000561,0.002258,2.5e-05,0.002284,2.0,0.002284
updated,taxonomy,mmseqs_easy_taxonomy_vs_SILVA,1.0.3,336.0,./microbial/210615_391_A1_S1.0.3/mmseqs/splits/336/nuc/mmseqs_easy_taxonomy_vs_SILVA.benchmark.txt,10,301.14,2480.58,11184.36,8.237298,10.0,0.8365,3.366912,0.400776,3.767688,10.0,3.767688
updated,taxonomy,mmseqs_bestmatch_db,1.0.3,37.0,./microbial/210615_391_A1_S1.0.3/mmseqs/splits/037/mmseqs_bestmatch_db.benchmark.txt,1,0.85,0.48,188.69,0.564706,1.0,0.000236,0.00095,1.9e-05,0.000969,1.0,0.000969
updated,taxonomy,parse_mmseqs_easy_taxonomy_SILVA,1.0.3,37.0,./microbial/210615_391_A1_S1.0.3/mmseqs/splits/037/nuc/parse_mmseqs_easy_taxonomy_SILVA.benchmark.txt,2,0.91,0.81,215.09,0.89011,2.0,0.000506,0.002035,2.3e-05,0.002058,2.0,0.002058
updated,taxonomy,mmseqs_easy_taxonomy_vs_SILVA,1.0.3,37.0,./microbial/210615_391_A1_S1.0.3/mmseqs/splits/037/nuc/mmseqs_easy_taxonomy_vs_SILVA.benchmark.txt,10,299.85,2823.91,11181.96,9.417742,10.0,0.832917,3.35249,0.398973,3.751463,10.0,3.751463
updated,taxonomy,mmseqs_bestmatch_db,1.0.3,134.0,./microbial/210615_391_A1_S1.0.3/mmseqs/splits/134/mmseqs_bestmatch_db.benchmark.txt,1,0.77,0.54,179.91,0.701299,1.0,0.000214,0.000861,1.6e-05,0.000877,1.0,0.000877
updated,taxonomy,parse_mmseqs_easy_taxonomy_SILVA,1.0.3,134.0,./microbial/210615_391_A1_S1.0.3/mmseqs/splits/134/nuc/parse_mmseqs_easy_taxonomy_SILVA.benchmark.txt,2,0.89,0.83,228.88,0.932584,2.0,0.000494,0.00199,2.4e-05,0.002014,2.0,0.002014
updated,taxonomy,mmseqs_easy_taxonomy_vs_SILVA,1.0.3,134.0,./microbial/210615_391_A1_S1.0.3/mmseqs/splits/134/nuc/mmseqs_easy_taxonomy_vs_SILVA.benchmark.txt,10,287.13,2529.68,11133.14,8.810225,10.0,0.797583,3.210273,0.38038,3.590653,10.0,3.590653
updated,taxonomy,mmseqs_bestmatch_db,1.0.3,353.0,./microbial/210615_391_A1_S1.0.3/mmseqs/splits/353/mmseqs_bestmatch_db.benchmark.txt,1,1.43,0.72,173.77,0.503497,1.0,0.000397,0.001599,3e-05,0.001628,1.0,0.001628
updated,taxonomy,parse_mmseqs_easy_taxonomy_SILVA,1.0.3,353.0,./microbial/210615_391_A1_S1.0.3/mmseqs/splits/353/nuc/parse_mmseqs_easy_taxonomy_SILVA.benchmark.txt,2,1.46,0.29,90.38,0.19863,2.0,0.000811,0.003265,1.6e-05,0.00328,2.0,0.00328
updated,taxonomy,mmseqs_easy_taxonomy_vs_SILVA,1.0.3,353.0,./microbial/210615_391_A1_S1.0.3/mmseqs/splits/353/nuc/mmseqs_easy_taxonomy_vs_SILVA.benchmark.txt,10,272.08,2516.96,11187.44,9.250809,10.0,0.755778,3.042006,0.3622,3.404206,10.0,3.404206
updated,taxonomy,mmseqs_bestmatch_db,1.0.3,284.0,./microbial/210615_391_A1_S1.0.3/mmseqs/splits/284/mmseqs_bestmatch_db.benchmark.txt,1,1.21,0.52,119.27,0.429752,1.0,0.000336,0.001353,1.7e-05,0.00137,1.0,0.00137
updated,taxonomy,parse_mmseqs_easy_taxonomy_SILVA,1.0.3,284.0,./microbial/210615_391_A1_S1.0.3/mmseqs/splits/284/nuc/parse_mmseqs_easy_taxonomy_SILVA.benchmark.txt,2,1.03,0.77,207.47,0.747573,2.0,0.000572,0.002303,2.5e-05,0.002329,2.0,0.002329
updated,taxonomy,mmseqs_easy_taxonomy_vs_SILVA,1.0.3,284.0,./microbial/210615_391_A1_S1.0.3/mmseqs/splits/284/nuc/mmseqs_easy_taxonomy_vs_SILVA.benchmark.txt,10,272.18,2519.4,11198.35,9.256374,10.0,0.756056,3.043124,0.362687,3.405811,10.0,3.405811
updated,taxonomy,taxonomy_spatial_pos.Bacteria_genus,1.0.3,,./microbial/210615_391_A1_S1.0.3/tables/taxonomy_spatial_pos.Bacteria_genus.benchmark.txt,4,21.67,31.72,4339.23,1.463775,4.0,0.024078,0.096913,0.011189,0.108102,4.0,0.108102
updated,taxonomy,taxonomy_spatial_pos.Bacteria_phylum,1.0.3,,./microbial/210615_391_A1_S1.0.3/tables/taxonomy_spatial_pos.Bacteria_phylum.benchmark.txt,4,21.05,31.3,4635.2,1.486936,4.0,0.023389,0.09414,0.01161,0.105751,4.0,0.105751
updated,taxonomy,taxonomy_spatial_pos.Eukaryota_phylum,1.0.3,,./microbial/210615_391_A1_S1.0.3/tables/taxonomy_spatial_pos.Eukaryota_phylum.benchmark.txt,4,8.55,24.67,4302.31,2.88538,4.0,0.0095,0.038238,0.004377,0.042615,4.0,0.042615
updated,taxonomy,taxonomy_spatial_pos.Eukaryota_genus,1.0.3,,./microbial/210615_391_A1_S1.0.3/tables/taxonomy_spatial_pos.Eukaryota_genus.benchmark.txt,4,9.02,22.75,4625.98,2.522173,4.0,0.010022,0.040339,0.004965,0.045305,4.0,0.045305
